[0.000000] (-) TimerEvent: {}
[0.000113] (ydlidar_ros2_driver) JobQueued: {'identifier': 'ydlidar_ros2_driver', 'dependencies': OrderedDict()}
[0.000139] (ydlidar_sdk) JobQueued: {'identifier': 'ydlidar_sdk', 'dependencies': OrderedDict()}
[0.000158] (ydlidar_ros2_driver) JobStarted: {'identifier': 'ydlidar_ros2_driver'}
[0.004421] (ydlidar_sdk) JobStarted: {'identifier': 'ydlidar_sdk'}
[0.007675] (ydlidar_ros2_driver) JobProgress: {'identifier': 'ydlidar_ros2_driver', 'progress': 'cmake'}
[0.008089] (ydlidar_ros2_driver) Command: {'cmd': ['/usr/bin/cmake', '/home/ryo/ros2_ws/src/ydlidar_ros2_driver', '-DAMENT_CMAKE_SYMLINK_INSTALL=1', '-DCMAKE_INSTALL_PREFIX=/home/ryo/ros2_ws/install/ydlidar_ros2_driver'], 'cwd': '/home/ryo/ros2_ws/build/ydlidar_ros2_driver', 'env': OrderedDict([('LESSOPEN', '| /usr/bin/lesspipe %s'), ('USER', 'ryo'), ('XDG_SESSION_TYPE', 'wayland'), ('SHLVL', '1'), ('LD_LIBRARY_PATH', '/opt/ros/humble/opt/rviz_ogre_vendor/lib:/opt/ros/humble/lib/x86_64-linux-gnu:/opt/ros/humble/lib'), ('HOME', '/home/ryo'), ('OLDPWD', '/home/ryo/デスクトップ'), ('DESKTOP_SESSION', 'ubuntu'), ('ROS_PYTHON_VERSION', '3'), ('GNOME_SHELL_SESSION_MODE', 'ubuntu'), ('GTK_MODULES', 'gail:atk-bridge'), ('SYSTEMD_EXEC_PID', '1193'), ('DBUS_SESSION_BUS_ADDRESS', 'unix:path=/run/user/1000/bus'), ('COLORTERM', 'truecolor'), ('IM_CONFIG_PHASE', '1'), ('WAYLAND_DISPLAY', 'wayland-0'), ('COLCON_PREFIX_PATH', '/home/ryo/ros2_ws/install'), ('ROS_DISTRO', 'humble'), ('LOGNAME', 'ryo'), ('_', '/usr/bin/colcon'), ('ROS_VERSION', '2'), ('XDG_SESSION_CLASS', 'user'), ('USERNAME', 'ryo'), ('TERM', 'xterm-256color'), ('GNOME_DESKTOP_SESSION_ID', 'this-is-deprecated'), ('ROS_LOCALHOST_ONLY', '0'), ('PATH', '/opt/ros/humble/bin:/usr/local/sbin:/usr/local/bin:/usr/sbin:/usr/bin:/sbin:/bin:/usr/games:/usr/local/games:/snap/bin:/snap/bin'), ('SESSION_MANAGER', 'local/ryo-Prestige-14-A10SC:@/tmp/.ICE-unix/1160,unix/ryo-Prestige-14-A10SC:/tmp/.ICE-unix/1160'), ('XDG_MENU_PREFIX', 'gnome-'), ('GNOME_TERMINAL_SCREEN', '/org/gnome/Terminal/screen/756e76e2_95e1_4b20_b08e_bb051e198a39'), ('GNOME_SETUP_DISPLAY', ':1'), ('XDG_RUNTIME_DIR', '/run/user/1000'), ('DISPLAY', ':0'), ('LANG', 'ja_JP.UTF-8'), ('XDG_CURRENT_DESKTOP', 'ubuntu:GNOME'), ('XMODIFIERS', '@im=ibus'), ('XDG_SESSION_DESKTOP', 'ubuntu'), ('XAUTHORITY', '/run/user/1000/.mutter-Xwaylandauth.WD60V2'), ('LS_COLORS', 'rs=0:di=01;34:ln=01;36:mh=00:pi=40;33:so=01;35:do=01;35:bd=40;33;01:cd=40;33;01:or=40;31;01:mi=00:su=37;41:sg=30;43:ca=30;41:tw=30;42:ow=34;42:st=37;44:ex=01;32:*.tar=01;31:*.tgz=01;31:*.arc=01;31:*.arj=01;31:*.taz=01;31:*.lha=01;31:*.lz4=01;31:*.lzh=01;31:*.lzma=01;31:*.tlz=01;31:*.txz=01;31:*.tzo=01;31:*.t7z=01;31:*.zip=01;31:*.z=01;31:*.dz=01;31:*.gz=01;31:*.lrz=01;31:*.lz=01;31:*.lzo=01;31:*.xz=01;31:*.zst=01;31:*.tzst=01;31:*.bz2=01;31:*.bz=01;31:*.tbz=01;31:*.tbz2=01;31:*.tz=01;31:*.deb=01;31:*.rpm=01;31:*.jar=01;31:*.war=01;31:*.ear=01;31:*.sar=01;31:*.rar=01;31:*.alz=01;31:*.ace=01;31:*.zoo=01;31:*.cpio=01;31:*.7z=01;31:*.rz=01;31:*.cab=01;31:*.wim=01;31:*.swm=01;31:*.dwm=01;31:*.esd=01;31:*.jpg=01;35:*.jpeg=01;35:*.mjpg=01;35:*.mjpeg=01;35:*.gif=01;35:*.bmp=01;35:*.pbm=01;35:*.pgm=01;35:*.ppm=01;35:*.tga=01;35:*.xbm=01;35:*.xpm=01;35:*.tif=01;35:*.tiff=01;35:*.png=01;35:*.svg=01;35:*.svgz=01;35:*.mng=01;35:*.pcx=01;35:*.mov=01;35:*.mpg=01;35:*.mpeg=01;35:*.m2v=01;35:*.mkv=01;35:*.webm=01;35:*.webp=01;35:*.ogm=01;35:*.mp4=01;35:*.m4v=01;35:*.mp4v=01;35:*.vob=01;35:*.qt=01;35:*.nuv=01;35:*.wmv=01;35:*.asf=01;35:*.rm=01;35:*.rmvb=01;35:*.flc=01;35:*.avi=01;35:*.fli=01;35:*.flv=01;35:*.gl=01;35:*.dl=01;35:*.xcf=01;35:*.xwd=01;35:*.yuv=01;35:*.cgm=01;35:*.emf=01;35:*.ogv=01;35:*.ogx=01;35:*.aac=00;36:*.au=00;36:*.flac=00;36:*.m4a=00;36:*.mid=00;36:*.midi=00;36:*.mka=00;36:*.mp3=00;36:*.mpc=00;36:*.ogg=00;36:*.ra=00;36:*.wav=00;36:*.oga=00;36:*.opus=00;36:*.spx=00;36:*.xspf=00;36:'), ('GNOME_TERMINAL_SERVICE', ':1.108'), ('SSH_AGENT_LAUNCHER', 'gnome-keyring'), ('SSH_AUTH_SOCK', '/run/user/1000/keyring/ssh'), ('AMENT_PREFIX_PATH', '/opt/ros/humble'), ('SHELL', '/bin/bash'), ('QT_ACCESSIBILITY', '1'), ('GDMSESSION', 'ubuntu'), ('LESSCLOSE', '/usr/bin/lesspipe %s %s'), ('QT_IM_MODULE', 'ibus'), ('PWD', '/home/ryo/ros2_ws/build/ydlidar_ros2_driver'), ('XDG_CONFIG_DIRS', '/etc/xdg/xdg-ubuntu:/etc/xdg'), ('XDG_DATA_DIRS', '/usr/share/ubuntu:/usr/local/share/:/usr/share/:/var/lib/snapd/desktop'), ('PYTHONPATH', '/opt/ros/humble/lib/python3.10/site-packages:/opt/ros/humble/local/lib/python3.10/dist-packages'), ('COLCON', '1'), ('VTE_VERSION', '6800'), ('CMAKE_PREFIX_PATH', '/opt/ros/humble')]), 'shell': False}
[0.010266] (ydlidar_sdk) JobProgress: {'identifier': 'ydlidar_sdk', 'progress': 'cmake'}
[0.010766] (ydlidar_sdk) Command: {'cmd': ['/usr/bin/cmake', '/home/ryo/ros2_ws/src/YDLidar-SDK', '-DCMAKE_INSTALL_PREFIX=/home/ryo/ros2_ws/install/ydlidar_sdk'], 'cwd': '/home/ryo/ros2_ws/build/ydlidar_sdk', 'env': OrderedDict([('LESSOPEN', '| /usr/bin/lesspipe %s'), ('USER', 'ryo'), ('XDG_SESSION_TYPE', 'wayland'), ('SHLVL', '1'), ('LD_LIBRARY_PATH', '/opt/ros/humble/opt/rviz_ogre_vendor/lib:/opt/ros/humble/lib/x86_64-linux-gnu:/opt/ros/humble/lib'), ('HOME', '/home/ryo'), ('OLDPWD', '/home/ryo/デスクトップ'), ('DESKTOP_SESSION', 'ubuntu'), ('ROS_PYTHON_VERSION', '3'), ('GNOME_SHELL_SESSION_MODE', 'ubuntu'), ('GTK_MODULES', 'gail:atk-bridge'), ('SYSTEMD_EXEC_PID', '1193'), ('DBUS_SESSION_BUS_ADDRESS', 'unix:path=/run/user/1000/bus'), ('COLORTERM', 'truecolor'), ('IM_CONFIG_PHASE', '1'), ('WAYLAND_DISPLAY', 'wayland-0'), ('COLCON_PREFIX_PATH', '/home/ryo/ros2_ws/install'), ('ROS_DISTRO', 'humble'), ('LOGNAME', 'ryo'), ('_', '/usr/bin/colcon'), ('ROS_VERSION', '2'), ('XDG_SESSION_CLASS', 'user'), ('USERNAME', 'ryo'), ('TERM', 'xterm-256color'), ('GNOME_DESKTOP_SESSION_ID', 'this-is-deprecated'), ('ROS_LOCALHOST_ONLY', '0'), ('PATH', '/opt/ros/humble/bin:/usr/local/sbin:/usr/local/bin:/usr/sbin:/usr/bin:/sbin:/bin:/usr/games:/usr/local/games:/snap/bin:/snap/bin'), ('SESSION_MANAGER', 'local/ryo-Prestige-14-A10SC:@/tmp/.ICE-unix/1160,unix/ryo-Prestige-14-A10SC:/tmp/.ICE-unix/1160'), ('XDG_MENU_PREFIX', 'gnome-'), ('GNOME_TERMINAL_SCREEN', '/org/gnome/Terminal/screen/756e76e2_95e1_4b20_b08e_bb051e198a39'), ('GNOME_SETUP_DISPLAY', ':1'), ('XDG_RUNTIME_DIR', '/run/user/1000'), ('DISPLAY', ':0'), ('LANG', 'ja_JP.UTF-8'), ('XDG_CURRENT_DESKTOP', 'ubuntu:GNOME'), ('XMODIFIERS', '@im=ibus'), ('XDG_SESSION_DESKTOP', 'ubuntu'), ('XAUTHORITY', '/run/user/1000/.mutter-Xwaylandauth.WD60V2'), ('LS_COLORS', 'rs=0:di=01;34:ln=01;36:mh=00:pi=40;33:so=01;35:do=01;35:bd=40;33;01:cd=40;33;01:or=40;31;01:mi=00:su=37;41:sg=30;43:ca=30;41:tw=30;42:ow=34;42:st=37;44:ex=01;32:*.tar=01;31:*.tgz=01;31:*.arc=01;31:*.arj=01;31:*.taz=01;31:*.lha=01;31:*.lz4=01;31:*.lzh=01;31:*.lzma=01;31:*.tlz=01;31:*.txz=01;31:*.tzo=01;31:*.t7z=01;31:*.zip=01;31:*.z=01;31:*.dz=01;31:*.gz=01;31:*.lrz=01;31:*.lz=01;31:*.lzo=01;31:*.xz=01;31:*.zst=01;31:*.tzst=01;31:*.bz2=01;31:*.bz=01;31:*.tbz=01;31:*.tbz2=01;31:*.tz=01;31:*.deb=01;31:*.rpm=01;31:*.jar=01;31:*.war=01;31:*.ear=01;31:*.sar=01;31:*.rar=01;31:*.alz=01;31:*.ace=01;31:*.zoo=01;31:*.cpio=01;31:*.7z=01;31:*.rz=01;31:*.cab=01;31:*.wim=01;31:*.swm=01;31:*.dwm=01;31:*.esd=01;31:*.jpg=01;35:*.jpeg=01;35:*.mjpg=01;35:*.mjpeg=01;35:*.gif=01;35:*.bmp=01;35:*.pbm=01;35:*.pgm=01;35:*.ppm=01;35:*.tga=01;35:*.xbm=01;35:*.xpm=01;35:*.tif=01;35:*.tiff=01;35:*.png=01;35:*.svg=01;35:*.svgz=01;35:*.mng=01;35:*.pcx=01;35:*.mov=01;35:*.mpg=01;35:*.mpeg=01;35:*.m2v=01;35:*.mkv=01;35:*.webm=01;35:*.webp=01;35:*.ogm=01;35:*.mp4=01;35:*.m4v=01;35:*.mp4v=01;35:*.vob=01;35:*.qt=01;35:*.nuv=01;35:*.wmv=01;35:*.asf=01;35:*.rm=01;35:*.rmvb=01;35:*.flc=01;35:*.avi=01;35:*.fli=01;35:*.flv=01;35:*.gl=01;35:*.dl=01;35:*.xcf=01;35:*.xwd=01;35:*.yuv=01;35:*.cgm=01;35:*.emf=01;35:*.ogv=01;35:*.ogx=01;35:*.aac=00;36:*.au=00;36:*.flac=00;36:*.m4a=00;36:*.mid=00;36:*.midi=00;36:*.mka=00;36:*.mp3=00;36:*.mpc=00;36:*.ogg=00;36:*.ra=00;36:*.wav=00;36:*.oga=00;36:*.opus=00;36:*.spx=00;36:*.xspf=00;36:'), ('GNOME_TERMINAL_SERVICE', ':1.108'), ('SSH_AGENT_LAUNCHER', 'gnome-keyring'), ('SSH_AUTH_SOCK', '/run/user/1000/keyring/ssh'), ('AMENT_PREFIX_PATH', '/opt/ros/humble'), ('SHELL', '/bin/bash'), ('QT_ACCESSIBILITY', '1'), ('GDMSESSION', 'ubuntu'), ('LESSCLOSE', '/usr/bin/lesspipe %s %s'), ('QT_IM_MODULE', 'ibus'), ('PWD', '/home/ryo/ros2_ws/build/ydlidar_sdk'), ('XDG_CONFIG_DIRS', '/etc/xdg/xdg-ubuntu:/etc/xdg'), ('XDG_DATA_DIRS', '/usr/share/ubuntu:/usr/local/share/:/usr/share/:/var/lib/snapd/desktop'), ('PYTHONPATH', '/opt/ros/humble/lib/python3.10/site-packages:/opt/ros/humble/local/lib/python3.10/dist-packages'), ('COLCON', '1'), ('VTE_VERSION', '6800')]), 'shell': False}
[0.016043] (ydlidar_sdk) StderrLine: {'line': b'\x1b[0mCMake Deprecation Warning at CMakeLists.txt:1 (cmake_minimum_required):\n'}
[0.016192] (ydlidar_sdk) StderrLine: {'line': b'  Compatibility with CMake < 2.8.12 will be removed from a future version of\n'}
[0.016250] (ydlidar_sdk) StderrLine: {'line': b'  CMake.\n'}
[0.016302] (ydlidar_sdk) StderrLine: {'line': b'\n'}
[0.016350] (ydlidar_sdk) StderrLine: {'line': b'  Update the VERSION argument <min> value or use a ...<max> suffix to tell\n'}
[0.016398] (ydlidar_sdk) StderrLine: {'line': b'  CMake that the project does not need compatibility with older versions.\n'}
[0.016444] (ydlidar_sdk) StderrLine: {'line': b'\n'}
[0.016490] (ydlidar_sdk) StderrLine: {'line': b'\x1b[0m\n'}
[0.050256] (ydlidar_ros2_driver) StdoutLine: {'line': b'-- The C compiler identification is GNU 11.4.0\n'}
[0.053489] (ydlidar_sdk) StdoutLine: {'line': b'-- The C compiler identification is GNU 11.4.0\n'}
[0.094284] (ydlidar_ros2_driver) StdoutLine: {'line': b'-- The CXX compiler identification is GNU 11.4.0\n'}
[0.099336] (-) TimerEvent: {}
[0.099832] (ydlidar_sdk) StdoutLine: {'line': b'-- The CXX compiler identification is GNU 11.4.0\n'}
[0.099968] (ydlidar_ros2_driver) StdoutLine: {'line': b'-- Detecting C compiler ABI info\n'}
[0.106462] (ydlidar_sdk) StdoutLine: {'line': b'-- Detecting C compiler ABI info\n'}
[0.152956] (ydlidar_ros2_driver) StdoutLine: {'line': b'-- Detecting C compiler ABI info - done\n'}
[0.158710] (ydlidar_sdk) StdoutLine: {'line': b'-- Detecting C compiler ABI info - done\n'}
[0.159960] (ydlidar_ros2_driver) StdoutLine: {'line': b'-- Check for working C compiler: /usr/bin/cc - skipped\n'}
[0.160192] (ydlidar_ros2_driver) StdoutLine: {'line': b'-- Detecting C compile features\n'}
[0.160533] (ydlidar_ros2_driver) StdoutLine: {'line': b'-- Detecting C compile features - done\n'}
[0.163132] (ydlidar_ros2_driver) StdoutLine: {'line': b'-- Detecting CXX compiler ABI info\n'}
[0.166849] (ydlidar_sdk) StdoutLine: {'line': b'-- Check for working C compiler: /usr/bin/cc - skipped\n'}
[0.166968] (ydlidar_sdk) StdoutLine: {'line': b'-- Detecting C compile features\n'}
[0.167500] (ydlidar_sdk) StdoutLine: {'line': b'-- Detecting C compile features - done\n'}
[0.170610] (ydlidar_sdk) StdoutLine: {'line': b'-- Detecting CXX compiler ABI info\n'}
[0.199454] (-) TimerEvent: {}
[0.228544] (ydlidar_ros2_driver) StdoutLine: {'line': b'-- Detecting CXX compiler ABI info - done\n'}
[0.234223] (ydlidar_sdk) StdoutLine: {'line': b'-- Detecting CXX compiler ABI info - done\n'}
[0.235732] (ydlidar_ros2_driver) StdoutLine: {'line': b'-- Check for working CXX compiler: /usr/bin/c++ - skipped\n'}
[0.235942] (ydlidar_ros2_driver) StdoutLine: {'line': b'-- Detecting CXX compile features\n'}
[0.236405] (ydlidar_ros2_driver) StdoutLine: {'line': b'-- Detecting CXX compile features - done\n'}
[0.238070] (ydlidar_ros2_driver) StdoutLine: {'line': b'-- Found ament_cmake: 1.3.10 (/opt/ros/humble/share/ament_cmake/cmake)\n'}
[0.242380] (ydlidar_sdk) StdoutLine: {'line': b'-- Check for working CXX compiler: /usr/bin/c++ - skipped\n'}
[0.242629] (ydlidar_sdk) StdoutLine: {'line': b'-- Detecting CXX compile features\n'}
[0.243129] (ydlidar_sdk) StdoutLine: {'line': b'-- Detecting CXX compile features - done\n'}
[0.243609] (ydlidar_sdk) StdoutLine: {'line': b'-- Current platform: Linux\n'}
[0.244281] (ydlidar_sdk) StderrLine: {'line': b'\x1b[0mCMake Deprecation Warning at CMakeLists.txt:57 (cmake_policy):\n'}
[0.244345] (ydlidar_sdk) StderrLine: {'line': b'  The OLD behavior for policy CMP0053 will be removed from a future version\n'}
[0.244402] (ydlidar_sdk) StderrLine: {'line': b'  of CMake.\n'}
[0.244449] (ydlidar_sdk) StderrLine: {'line': b'\n'}
[0.244496] (ydlidar_sdk) StderrLine: {'line': b'  The cmake-policies(7) manual explains that the OLD behaviors of all\n'}
[0.244542] (ydlidar_sdk) StderrLine: {'line': b'  policies are deprecated and that a policy should be set to OLD only under\n'}
[0.244588] (ydlidar_sdk) StderrLine: {'line': b'  specific short-term circumstances.  Projects should be ported to the NEW\n'}
[0.244633] (ydlidar_sdk) StderrLine: {'line': b'  behavior and not rely on setting a policy to OLD.\n'}
[0.244679] (ydlidar_sdk) StderrLine: {'line': b'\n'}
[0.244724] (ydlidar_sdk) StderrLine: {'line': b'\x1b[0m\n'}
[0.244768] (ydlidar_sdk) StderrLine: {'line': b'\x1b[0mCMake Deprecation Warning at CMakeLists.txt:60 (cmake_policy):\n'}
[0.244814] (ydlidar_sdk) StderrLine: {'line': b'  The OLD behavior for policy CMP0037 will be removed from a future version\n'}
[0.244859] (ydlidar_sdk) StderrLine: {'line': b'  of CMake.\n'}
[0.244904] (ydlidar_sdk) StderrLine: {'line': b'\n'}
[0.244948] (ydlidar_sdk) StderrLine: {'line': b'  The cmake-policies(7) manual explains that the OLD behaviors of all\n'}
[0.244998] (ydlidar_sdk) StderrLine: {'line': b'  policies are deprecated and that a policy should be set to OLD only under\n'}
[0.245046] (ydlidar_sdk) StderrLine: {'line': b'  specific short-term circumstances.  Projects should be ported to the NEW\n'}
[0.245094] (ydlidar_sdk) StderrLine: {'line': b'  behavior and not rely on setting a policy to OLD.\n'}
[0.245139] (ydlidar_sdk) StderrLine: {'line': b'\n'}
[0.245184] (ydlidar_sdk) StderrLine: {'line': b'\x1b[0m\n'}
[0.245228] (ydlidar_sdk) StderrLine: {'line': b'\x1b[0mCMake Deprecation Warning at CMakeLists.txt:63 (cmake_policy):\n'}
[0.245273] (ydlidar_sdk) StderrLine: {'line': b'  The OLD behavior for policy CMP0043 will be removed from a future version\n'}
[0.245318] (ydlidar_sdk) StderrLine: {'line': b'  of CMake.\n'}
[0.245362] (ydlidar_sdk) StderrLine: {'line': b'\n'}
[0.245407] (ydlidar_sdk) StderrLine: {'line': b'  The cmake-policies(7) manual explains that the OLD behaviors of all\n'}
[0.245452] (ydlidar_sdk) StderrLine: {'line': b'  policies are deprecated and that a policy should be set to OLD only under\n'}
[0.245496] (ydlidar_sdk) StderrLine: {'line': b'  specific short-term circumstances.  Projects should be ported to the NEW\n'}
[0.245540] (ydlidar_sdk) StderrLine: {'line': b'  behavior and not rely on setting a policy to OLD.\n'}
[0.245584] (ydlidar_sdk) StderrLine: {'line': b'\n'}
[0.245628] (ydlidar_sdk) StderrLine: {'line': b'\x1b[0m\n'}
[0.249128] (ydlidar_sdk) StdoutLine: {'line': b'-- Found SWIG: /usr/bin/swig4.0 (found version "4.0.2")  \n'}
[0.266662] (ydlidar_sdk) StdoutLine: {'line': b'-- Found PythonInterp: /usr/bin/python3.10 (found version "3.10.12") \n'}
[0.274279] (ydlidar_sdk) StdoutLine: {'line': b'-- Found PythonLibs: /usr/lib/x86_64-linux-gnu/libpython3.10.so (found version "3.10.12") \n'}
[0.299546] (-) TimerEvent: {}
[0.362805] (ydlidar_ros2_driver) StdoutLine: {'line': b'-- Found Python3: /usr/bin/python3 (found version "3.10.12") found components: Interpreter \n'}
[0.391834] (ydlidar_sdk) StdoutLine: {'line': b'-- Found GTest: /usr/lib/x86_64-linux-gnu/cmake/GTest/GTestConfig.cmake (found version "1.11.0")  \n'}
[0.392366] (ydlidar_sdk) StderrLine: {'line': b'\x1b[0mCMake Deprecation Warning at core/CMakeLists.txt:1 (cmake_minimum_required):\n'}
[0.392456] (ydlidar_sdk) StderrLine: {'line': b'  Compatibility with CMake < 2.8.12 will be removed from a future version of\n'}
[0.392511] (ydlidar_sdk) StderrLine: {'line': b'  CMake.\n'}
[0.392561] (ydlidar_sdk) StderrLine: {'line': b'\n'}
[0.392609] (ydlidar_sdk) StderrLine: {'line': b'  Update the VERSION argument <min> value or use a ...<max> suffix to tell\n'}
[0.392657] (ydlidar_sdk) StderrLine: {'line': b'  CMake that the project does not need compatibility with older versions.\n'}
[0.392704] (ydlidar_sdk) StderrLine: {'line': b'\n'}
[0.392775] (ydlidar_sdk) StderrLine: {'line': b'\x1b[0m\n'}
[0.397335] (ydlidar_sdk) StderrLine: {'line': b'\x1b[0mCMake Deprecation Warning at examples/CMakeLists.txt:2 (cmake_minimum_required):\n'}
[0.397421] (ydlidar_sdk) StderrLine: {'line': b'  Compatibility with CMake < 2.8.12 will be removed from a future version of\n'}
[0.397476] (ydlidar_sdk) StderrLine: {'line': b'  CMake.\n'}
[0.397524] (ydlidar_sdk) StderrLine: {'line': b'\n'}
[0.397571] (ydlidar_sdk) StderrLine: {'line': b'  Update the VERSION argument <min> value or use a ...<max> suffix to tell\n'}
[0.397618] (ydlidar_sdk) StderrLine: {'line': b'  CMake that the project does not need compatibility with older versions.\n'}
[0.397664] (ydlidar_sdk) StderrLine: {'line': b'\n'}
[0.397710] (ydlidar_sdk) StderrLine: {'line': b'\x1b[0m\n'}
[0.399523] (ydlidar_sdk) StdoutLine: {'line': b'-- build python API....\n'}
[0.399608] (-) TimerEvent: {}
[0.401055] (ydlidar_sdk) StderrLine: {'line': b'\x1b[33mCMake Warning (dev) at /usr/share/cmake-3.22/Modules/UseSWIG.cmake:775 (message):\n'}
[0.401138] (ydlidar_sdk) StderrLine: {'line': b'  Policy CMP0078 is not set: UseSWIG generates standard target names.  Run\n'}
[0.401199] (ydlidar_sdk) StderrLine: {'line': b'  "cmake --help-policy CMP0078" for policy details.  Use the cmake_policy\n'}
[0.401251] (ydlidar_sdk) StderrLine: {'line': b'  command to set the policy and suppress this warning.\n'}
[0.401300] (ydlidar_sdk) StderrLine: {'line': b'\n'}
[0.401347] (ydlidar_sdk) StderrLine: {'line': b'Call Stack (most recent call first):\n'}
[0.401394] (ydlidar_sdk) StderrLine: {'line': b'  python/CMakeLists.txt:35 (swig_add_library)\n'}
[0.401440] (ydlidar_sdk) StderrLine: {'line': b'This warning is for project developers.  Use -Wno-dev to suppress it.\n'}
[0.401487] (ydlidar_sdk) StderrLine: {'line': b'\x1b[0m\n'}
[0.401616] (ydlidar_sdk) StderrLine: {'line': b'\x1b[33mCMake Warning (dev) at /usr/share/cmake-3.22/Modules/UseSWIG.cmake:617 (message):\n'}
[0.401692] (ydlidar_sdk) StderrLine: {'line': b'  Policy CMP0086 is not set: UseSWIG honors SWIG_MODULE_NAME via -module\n'}
[0.401746] (ydlidar_sdk) StderrLine: {'line': b'  flag.  Run "cmake --help-policy CMP0086" for policy details.  Use the\n'}
[0.401795] (ydlidar_sdk) StderrLine: {'line': b'  cmake_policy command to set the policy and suppress this warning.\n'}
[0.401842] (ydlidar_sdk) StderrLine: {'line': b'\n'}
[0.401888] (ydlidar_sdk) StderrLine: {'line': b'Call Stack (most recent call first):\n'}
[0.401934] (ydlidar_sdk) StderrLine: {'line': b'  /usr/share/cmake-3.22/Modules/UseSWIG.cmake:888 (SWIG_ADD_SOURCE_TO_MODULE)\n'}
[0.401980] (ydlidar_sdk) StderrLine: {'line': b'  python/CMakeLists.txt:35 (swig_add_library)\n'}
[0.402042] (ydlidar_sdk) StderrLine: {'line': b'This warning is for project developers.  Use -Wno-dev to suppress it.\n'}
[0.402096] (ydlidar_sdk) StderrLine: {'line': b'\x1b[0m\n'}
[0.416476] (ydlidar_ros2_driver) StdoutLine: {'line': b'-- Override CMake install command with custom implementation using symlinks instead of copying resources\n'}
[0.419438] (ydlidar_sdk) StderrLine: {'line': b'<string>:2: DeprecationWarning: The distutils package is deprecated and slated for removal in Python 3.12. Use setuptools or check PEP 632 for potential alternatives\n'}
[0.420867] (ydlidar_sdk) StderrLine: {'line': b'<string>:2: DeprecationWarning: The distutils.sysconfig module is deprecated, use sysconfig instead\n'}
[0.424059] (ydlidar_sdk) StderrLine: {'line': b'\x1b[0mCMake Deprecation Warning at cmake/install_package.cmake:101 (cmake_policy):\n'}
[0.424146] (ydlidar_sdk) StderrLine: {'line': b'  The OLD behavior for policy CMP0026 will be removed from a future version\n'}
[0.424203] (ydlidar_sdk) StderrLine: {'line': b'  of CMake.\n'}
[0.424253] (ydlidar_sdk) StderrLine: {'line': b'\n'}
[0.424301] (ydlidar_sdk) StderrLine: {'line': b'  The cmake-policies(7) manual explains that the OLD behaviors of all\n'}
[0.424349] (ydlidar_sdk) StderrLine: {'line': b'  policies are deprecated and that a policy should be set to OLD only under\n'}
[0.424396] (ydlidar_sdk) StderrLine: {'line': b'  specific short-term circumstances.  Projects should be ported to the NEW\n'}
[0.424451] (ydlidar_sdk) StderrLine: {'line': b'  behavior and not rely on setting a policy to OLD.\n'}
[0.424497] (ydlidar_sdk) StderrLine: {'line': b'Call Stack (most recent call first):\n'}
[0.424543] (ydlidar_sdk) StderrLine: {'line': b'  CMakeLists.txt:175 (install_package)\n'}
[0.424588] (ydlidar_sdk) StderrLine: {'line': b'\n'}
[0.424633] (ydlidar_sdk) StderrLine: {'line': b'\x1b[0m\n'}
[0.426143] (ydlidar_sdk) StderrLine: {'line': b'\x1b[33mCMake Warning (dev) at cmake/install_package.cmake:191 (install):\n'}
[0.426273] (ydlidar_sdk) StderrLine: {'line': b'  Policy CMP0062 is not set: Disallow install() of export() result.  Run\n'}
[0.426363] (ydlidar_sdk) StderrLine: {'line': b'  "cmake --help-policy CMP0062" for policy details.  Use the cmake_policy\n'}
[0.426449] (ydlidar_sdk) StderrLine: {'line': b'  command to set the policy and suppress this warning.\n'}
[0.426533] (ydlidar_sdk) StderrLine: {'line': b'\n'}
[0.426611] (ydlidar_sdk) StderrLine: {'line': b'  The file\n'}
[0.426668] (ydlidar_sdk) StderrLine: {'line': b'\n'}
[0.426717] (ydlidar_sdk) StderrLine: {'line': b'    /home/ryo/ros2_ws/build/ydlidar_sdk/ydlidar_sdkTargets.cmake\n'}
[0.426764] (ydlidar_sdk) StderrLine: {'line': b'\n'}
[0.426810] (ydlidar_sdk) StderrLine: {'line': b'  was generated by the export() command.  It should not be installed with the\n'}
[0.426858] (ydlidar_sdk) StderrLine: {'line': b'  install() command.  Use the install(EXPORT) mechanism instead.  See the\n'}
[0.426904] (ydlidar_sdk) StderrLine: {'line': b'  cmake-packages(7) manual for more.\n'}
[0.426950] (ydlidar_sdk) StderrLine: {'line': b'\n'}
[0.427003] (ydlidar_sdk) StderrLine: {'line': b'Call Stack (most recent call first):\n'}
[0.427052] (ydlidar_sdk) StderrLine: {'line': b'  CMakeLists.txt:175 (install_package)\n'}
[0.427097] (ydlidar_sdk) StderrLine: {'line': b'This warning is for project developers.  Use -Wno-dev to suppress it.\n'}
[0.427143] (ydlidar_sdk) StderrLine: {'line': b'\x1b[0m\n'}
[0.432614] (ydlidar_sdk) StdoutLine: {'line': b'-- \n'}
[0.432746] (ydlidar_sdk) StdoutLine: {'line': b'-- +===========================================================================+\n'}
[0.432804] (ydlidar_sdk) StdoutLine: {'line': b'-- |         Resulting configuration for                             |\n'}
[0.432856] (ydlidar_sdk) StdoutLine: {'line': b'-- +===========================================================================+\n'}
[0.432905] (ydlidar_sdk) StdoutLine: {'line': b'--  _________________________ PLATFORM _____________________________\n'}
[0.432954] (ydlidar_sdk) StdoutLine: {'line': b'--  Host                        : Linux6.8.0-40-genericx86_64\n'}
[0.433009] (ydlidar_sdk) StdoutLine: {'line': b'--  Is the system big endian?   :  No \n'}
[0.433059] (ydlidar_sdk) StdoutLine: {'line': b'--  Word size (32/64 bit)       : 64\n'}
[0.433107] (ydlidar_sdk) StdoutLine: {'line': b'--  CMake version               : 3.22.1\n'}
[0.433155] (ydlidar_sdk) StdoutLine: {'line': b'--  CMake generator             : Unix Makefiles\n'}
[0.433201] (ydlidar_sdk) StdoutLine: {'line': b'--  CMake build tool            : /usr/bin/gmake\n'}
[0.433248] (ydlidar_sdk) StdoutLine: {'line': b'--  Compiler                    : GNU\n'}
[0.433298] (ydlidar_sdk) StdoutLine: {'line': b'--  Configuration               : \n'}
[0.433371] (ydlidar_sdk) StdoutLine: {'line': b'-- \n'}
[0.433438] (ydlidar_sdk) StdoutLine: {'line': b'--  __________________________ OPTIONS _____________________________\n'}
[0.433501] (ydlidar_sdk) StdoutLine: {'line': b'--  Build YDLidar-SDK as a shared library?\xe3\x80\x80\xe3\x80\x80 :  No \n'}
[0.433562] (ydlidar_sdk) StdoutLine: {'line': b'--  Build Examples?\xe3\x80\x80\xe3\x80\x80\xe3\x80\x80\xe3\x80\x80\xe3\x80\x80\xe3\x80\x80\xe3\x80\x80\xe3\x80\x80\xe3\x80\x80\xe3\x80\x80\xe3\x80\x80\xe3\x80\x80\xe3\x80\x80\xe3\x80\x80 : Yes \n'}
[0.433624] (ydlidar_sdk) StdoutLine: {'line': b'--  Build C Sharp API?\xe3\x80\x80\xe3\x80\x80\xe3\x80\x80\xe3\x80\x80\xe3\x80\x80\xe3\x80\x80\xe3\x80\x80\xe3\x80\x80\xe3\x80\x80\xe3\x80\x80\xe3\x80\x80\xe3\x80\x80 :  No \n'}
[0.433726] (ydlidar_sdk) StdoutLine: {'line': b'--  Build TEST?  \t\t\t\xe3\x80\x80\xe3\x80\x80\xe3\x80\x80 :  No \n'}
[0.433776] (ydlidar_sdk) StdoutLine: {'line': b'-- \n'}
[0.433824] (ydlidar_sdk) StdoutLine: {'line': b'--  _________________________ INSTALL _____________________\n'}
[0.433871] (ydlidar_sdk) StdoutLine: {'line': b'--  Install prefix                    : /home/ryo/ros2_ws/install/ydlidar_sdk\n'}
[0.433919] (ydlidar_sdk) StdoutLine: {'line': b'-- \n'}
[0.433970] (ydlidar_sdk) StdoutLine: {'line': b'--  _______________________ WRAPPERS/BINDINGS ______________________\n'}
[0.434032] (ydlidar_sdk) StdoutLine: {'line': b'--  Python bindings (pyydlidar)   : Yes \n'}
[0.434082] (ydlidar_sdk) StdoutLine: {'line': b'--   - dep: Swig found?       : Yes [Version: 4.0.2]\n'}
[0.434129] (ydlidar_sdk) StdoutLine: {'line': b'--   - dep: PythonLibs found?  : Yes [Version: 3.10.12]\n'}
[0.434176] (ydlidar_sdk) StdoutLine: {'line': b'-- \n'}
[0.434222] (ydlidar_sdk) StdoutLine: {'line': b'-- Configuring done\n'}
[0.434269] (ydlidar_ros2_driver) StdoutLine: {'line': b'-- Found rclcpp: 16.0.10 (/opt/ros/humble/share/rclcpp/cmake)\n'}
[0.457838] (ydlidar_sdk) StdoutLine: {'line': b'-- Generating done\n'}
[0.459788] (ydlidar_sdk) StdoutLine: {'line': b'-- Build files have been written to: /home/ryo/ros2_ws/build/ydlidar_sdk\n'}
[0.463403] (ydlidar_ros2_driver) StdoutLine: {'line': b'-- Found rosidl_generator_c: 3.1.5 (/opt/ros/humble/share/rosidl_generator_c/cmake)\n'}
[0.466285] (ydlidar_sdk) CommandEnded: {'returncode': 0}
[0.467742] (ydlidar_sdk) JobProgress: {'identifier': 'ydlidar_sdk', 'progress': 'build'}
[0.467801] (ydlidar_sdk) Command: {'cmd': ['/usr/bin/cmake', '--build', '/home/ryo/ros2_ws/build/ydlidar_sdk', '--', '-j12', '-l12'], 'cwd': '/home/ryo/ros2_ws/build/ydlidar_sdk', 'env': OrderedDict([('LESSOPEN', '| /usr/bin/lesspipe %s'), ('USER', 'ryo'), ('XDG_SESSION_TYPE', 'wayland'), ('SHLVL', '1'), ('LD_LIBRARY_PATH', '/opt/ros/humble/opt/rviz_ogre_vendor/lib:/opt/ros/humble/lib/x86_64-linux-gnu:/opt/ros/humble/lib'), ('HOME', '/home/ryo'), ('OLDPWD', '/home/ryo/デスクトップ'), ('DESKTOP_SESSION', 'ubuntu'), ('ROS_PYTHON_VERSION', '3'), ('GNOME_SHELL_SESSION_MODE', 'ubuntu'), ('GTK_MODULES', 'gail:atk-bridge'), ('SYSTEMD_EXEC_PID', '1193'), ('DBUS_SESSION_BUS_ADDRESS', 'unix:path=/run/user/1000/bus'), ('COLORTERM', 'truecolor'), ('IM_CONFIG_PHASE', '1'), ('WAYLAND_DISPLAY', 'wayland-0'), ('COLCON_PREFIX_PATH', '/home/ryo/ros2_ws/install'), ('ROS_DISTRO', 'humble'), ('LOGNAME', 'ryo'), ('_', '/usr/bin/colcon'), ('ROS_VERSION', '2'), ('XDG_SESSION_CLASS', 'user'), ('USERNAME', 'ryo'), ('TERM', 'xterm-256color'), ('GNOME_DESKTOP_SESSION_ID', 'this-is-deprecated'), ('ROS_LOCALHOST_ONLY', '0'), ('PATH', '/opt/ros/humble/bin:/usr/local/sbin:/usr/local/bin:/usr/sbin:/usr/bin:/sbin:/bin:/usr/games:/usr/local/games:/snap/bin:/snap/bin'), ('SESSION_MANAGER', 'local/ryo-Prestige-14-A10SC:@/tmp/.ICE-unix/1160,unix/ryo-Prestige-14-A10SC:/tmp/.ICE-unix/1160'), ('XDG_MENU_PREFIX', 'gnome-'), ('GNOME_TERMINAL_SCREEN', '/org/gnome/Terminal/screen/756e76e2_95e1_4b20_b08e_bb051e198a39'), ('GNOME_SETUP_DISPLAY', ':1'), ('XDG_RUNTIME_DIR', '/run/user/1000'), ('DISPLAY', ':0'), ('LANG', 'ja_JP.UTF-8'), ('XDG_CURRENT_DESKTOP', 'ubuntu:GNOME'), ('XMODIFIERS', '@im=ibus'), ('XDG_SESSION_DESKTOP', 'ubuntu'), ('XAUTHORITY', '/run/user/1000/.mutter-Xwaylandauth.WD60V2'), ('LS_COLORS', 'rs=0:di=01;34:ln=01;36:mh=00:pi=40;33:so=01;35:do=01;35:bd=40;33;01:cd=40;33;01:or=40;31;01:mi=00:su=37;41:sg=30;43:ca=30;41:tw=30;42:ow=34;42:st=37;44:ex=01;32:*.tar=01;31:*.tgz=01;31:*.arc=01;31:*.arj=01;31:*.taz=01;31:*.lha=01;31:*.lz4=01;31:*.lzh=01;31:*.lzma=01;31:*.tlz=01;31:*.txz=01;31:*.tzo=01;31:*.t7z=01;31:*.zip=01;31:*.z=01;31:*.dz=01;31:*.gz=01;31:*.lrz=01;31:*.lz=01;31:*.lzo=01;31:*.xz=01;31:*.zst=01;31:*.tzst=01;31:*.bz2=01;31:*.bz=01;31:*.tbz=01;31:*.tbz2=01;31:*.tz=01;31:*.deb=01;31:*.rpm=01;31:*.jar=01;31:*.war=01;31:*.ear=01;31:*.sar=01;31:*.rar=01;31:*.alz=01;31:*.ace=01;31:*.zoo=01;31:*.cpio=01;31:*.7z=01;31:*.rz=01;31:*.cab=01;31:*.wim=01;31:*.swm=01;31:*.dwm=01;31:*.esd=01;31:*.jpg=01;35:*.jpeg=01;35:*.mjpg=01;35:*.mjpeg=01;35:*.gif=01;35:*.bmp=01;35:*.pbm=01;35:*.pgm=01;35:*.ppm=01;35:*.tga=01;35:*.xbm=01;35:*.xpm=01;35:*.tif=01;35:*.tiff=01;35:*.png=01;35:*.svg=01;35:*.svgz=01;35:*.mng=01;35:*.pcx=01;35:*.mov=01;35:*.mpg=01;35:*.mpeg=01;35:*.m2v=01;35:*.mkv=01;35:*.webm=01;35:*.webp=01;35:*.ogm=01;35:*.mp4=01;35:*.m4v=01;35:*.mp4v=01;35:*.vob=01;35:*.qt=01;35:*.nuv=01;35:*.wmv=01;35:*.asf=01;35:*.rm=01;35:*.rmvb=01;35:*.flc=01;35:*.avi=01;35:*.fli=01;35:*.flv=01;35:*.gl=01;35:*.dl=01;35:*.xcf=01;35:*.xwd=01;35:*.yuv=01;35:*.cgm=01;35:*.emf=01;35:*.ogv=01;35:*.ogx=01;35:*.aac=00;36:*.au=00;36:*.flac=00;36:*.m4a=00;36:*.mid=00;36:*.midi=00;36:*.mka=00;36:*.mp3=00;36:*.mpc=00;36:*.ogg=00;36:*.ra=00;36:*.wav=00;36:*.oga=00;36:*.opus=00;36:*.spx=00;36:*.xspf=00;36:'), ('GNOME_TERMINAL_SERVICE', ':1.108'), ('SSH_AGENT_LAUNCHER', 'gnome-keyring'), ('SSH_AUTH_SOCK', '/run/user/1000/keyring/ssh'), ('AMENT_PREFIX_PATH', '/opt/ros/humble'), ('SHELL', '/bin/bash'), ('QT_ACCESSIBILITY', '1'), ('GDMSESSION', 'ubuntu'), ('LESSCLOSE', '/usr/bin/lesspipe %s %s'), ('QT_IM_MODULE', 'ibus'), ('PWD', '/home/ryo/ros2_ws/build/ydlidar_sdk'), ('XDG_CONFIG_DIRS', '/etc/xdg/xdg-ubuntu:/etc/xdg'), ('XDG_DATA_DIRS', '/usr/share/ubuntu:/usr/local/share/:/usr/share/:/var/lib/snapd/desktop'), ('PYTHONPATH', '/opt/ros/humble/lib/python3.10/site-packages:/opt/ros/humble/local/lib/python3.10/dist-packages'), ('COLCON', '1'), ('VTE_VERSION', '6800')]), 'shell': False}
[0.468369] (ydlidar_ros2_driver) StdoutLine: {'line': b'-- Found rosidl_adapter: 3.1.5 (/opt/ros/humble/share/rosidl_adapter/cmake)\n'}
[0.473112] (ydlidar_ros2_driver) StdoutLine: {'line': b'-- Found rosidl_generator_cpp: 3.1.5 (/opt/ros/humble/share/rosidl_generator_cpp/cmake)\n'}
[0.483026] (ydlidar_ros2_driver) StdoutLine: {'line': b'-- Using all available rosidl_typesupport_c: rosidl_typesupport_fastrtps_c;rosidl_typesupport_introspection_c\n'}
[0.495782] (ydlidar_sdk) StdoutLine: {'line': b'\x1b[35m\x1b[1mScanning dependencies of target ydlidar_swig_compilation\x1b[0m\n'}
[0.495997] (ydlidar_ros2_driver) StdoutLine: {'line': b'-- Using all available rosidl_typesupport_cpp: rosidl_typesupport_fastrtps_cpp;rosidl_typesupport_introspection_cpp\n'}
[0.499972] (-) TimerEvent: {}
[0.508163] (ydlidar_sdk) StdoutLine: {'line': b'[  8%] \x1b[32mBuilding CXX object CMakeFiles/ydlidar_sdk.dir/core/common/ydlidar_def.cpp.o\x1b[0m\n'}
[0.508381] (ydlidar_sdk) StdoutLine: {'line': b'[  8%] \x1b[32mBuilding CXX object CMakeFiles/ydlidar_sdk.dir/core/base/timer.cpp.o\x1b[0m\n'}
[0.508486] (ydlidar_sdk) StdoutLine: {'line': b'[  8%] \x1b[32mBuilding CXX object CMakeFiles/ydlidar_sdk.dir/core/network/SimpleSocket.cpp.o\x1b[0m\n'}
[0.508583] (ydlidar_sdk) StdoutLine: {'line': b'[  8%] \x1b[32mBuilding CXX object CMakeFiles/ydlidar_sdk.dir/core/network/ActiveSocket.cpp.o\x1b[0m\n'}
[0.508701] (ydlidar_sdk) StdoutLine: {'line': b'[ 12%] \x1b[34m\x1b[1mSwig compile ydlidar_sdk.i for python\x1b[0m\n'}
[0.508838] (ydlidar_sdk) StdoutLine: {'line': b'[ 14%] \x1b[32mBuilding C object CMakeFiles/ydlidar_sdk.dir/core/serial/impl/unix/lock.c.o\x1b[0m\n'}
[0.508978] (ydlidar_sdk) StdoutLine: {'line': b'[ 16%] \x1b[32mBuilding CXX object CMakeFiles/ydlidar_sdk.dir/core/serial/impl/unix/unix_serial.cpp.o\x1b[0m\n'}
[0.509202] (ydlidar_sdk) StdoutLine: {'line': b'[ 16%] \x1b[32mBuilding CXX object CMakeFiles/ydlidar_sdk.dir/core/serial/impl/unix/list_ports_linux.cpp.o\x1b[0m\n'}
[0.509329] (ydlidar_sdk) StdoutLine: {'line': b'[ 18%] \x1b[32mBuilding CXX object CMakeFiles/ydlidar_sdk.dir/src/CYdLidar.cpp.o\x1b[0m\n'}
[0.509450] (ydlidar_sdk) StdoutLine: {'line': b'[ 20%] \x1b[32mBuilding CXX object CMakeFiles/ydlidar_sdk.dir/src/DTSLidarDriver.cpp.o\x1b[0m\n'}
[0.509570] (ydlidar_sdk) StdoutLine: {'line': b'[ 22%] \x1b[32mBuilding CXX object CMakeFiles/ydlidar_sdk.dir/core/serial/serial.cpp.o\x1b[0m\n'}
[0.509786] (ydlidar_sdk) StdoutLine: {'line': b'[ 24%] \x1b[32mBuilding CXX object CMakeFiles/ydlidar_sdk.dir/core/network/PassiveSocket.cpp.o\x1b[0m\n'}
[0.570072] (ydlidar_ros2_driver) StdoutLine: {'line': b'-- Found rmw_implementation_cmake: 6.1.2 (/opt/ros/humble/share/rmw_implementation_cmake/cmake)\n'}
[0.570364] (ydlidar_ros2_driver) StdoutLine: {'line': b'-- Found rmw_fastrtps_cpp: 6.2.7 (/opt/ros/humble/share/rmw_fastrtps_cpp/cmake)\n'}
[0.570487] (ydlidar_sdk) StdoutLine: {'line': b'[ 26%] \x1b[32mBuilding CXX object CMakeFiles/ydlidar_sdk.dir/src/ETLidarDriver.cpp.o\x1b[0m\n'}
[0.600061] (-) TimerEvent: {}
[0.615796] (ydlidar_sdk) StdoutLine: {'line': b'[ 28%] \x1b[32mBuilding CXX object CMakeFiles/ydlidar_sdk.dir/src/GSLidarDriver.cpp.o\x1b[0m\n'}
[0.664893] (ydlidar_sdk) StderrLine: {'line': b'In file included from \x1b[01m\x1b[K/home/ryo/ros2_ws/src/YDLidar-SDK/src/CYdLidar.cpp:39\x1b[m\x1b[K:\n'}
[0.665120] (ydlidar_sdk) StderrLine: {'line': b'\x1b[01m\x1b[K/home/ryo/ros2_ws/src/YDLidar-SDK/src/DTSLidarDriver.h:19:\x1b[m\x1b[K \x1b[01;35m\x1b[Kwarning: \x1b[m\x1b[K"SDK_CMD_STARTSCAN" redefined\n'}
[0.665228] (ydlidar_sdk) StderrLine: {'line': b'   19 | #define SDK_CMD_STARTSCAN 0x01 //\xe5\xbc\x80\xe5\x90\xaf\xe6\xb5\x8b\xe8\xb7\x9d\n'}
[0.665325] (ydlidar_sdk) StderrLine: {'line': b'      | \n'}
[0.665420] (ydlidar_sdk) StderrLine: {'line': b'In file included from \x1b[01m\x1b[K/home/ryo/ros2_ws/src/YDLidar-SDK/src/CYdLidar.cpp:38\x1b[m\x1b[K:\n'}
[0.665516] (ydlidar_sdk) StderrLine: {'line': b'\x1b[01m\x1b[K/home/ryo/ros2_ws/src/YDLidar-SDK/src/SDMLidarDriver.h:70:\x1b[m\x1b[K \x1b[01;36m\x1b[Knote: \x1b[m\x1b[Kthis is the location of the previous definition\n'}
[0.665610] (ydlidar_sdk) StderrLine: {'line': b'   70 | #define SDK_CMD_STARTSCAN 0x60 //\xe5\xbc\x80\xe5\x90\xaf\xe6\xb5\x8b\xe8\xb7\x9d\n'}
[0.665700] (ydlidar_sdk) StderrLine: {'line': b'      | \n'}
[0.665792] (ydlidar_sdk) StderrLine: {'line': b'In file included from \x1b[01m\x1b[K/home/ryo/ros2_ws/src/YDLidar-SDK/src/CYdLidar.cpp:39\x1b[m\x1b[K:\n'}
[0.665885] (ydlidar_sdk) StderrLine: {'line': b'\x1b[01m\x1b[K/home/ryo/ros2_ws/src/YDLidar-SDK/src/DTSLidarDriver.h:20:\x1b[m\x1b[K \x1b[01;35m\x1b[Kwarning: \x1b[m\x1b[K"SDK_CMD_STOPSCAN" redefined\n'}
[0.665978] (ydlidar_sdk) StderrLine: {'line': b'   20 | #define SDK_CMD_STOPSCAN 0x02 //\xe5\x81\x9c\xe6\xad\xa2\xe6\xb5\x8b\xe8\xb7\x9d\n'}
[0.666084] (ydlidar_sdk) StderrLine: {'line': b'      | \n'}
[0.666175] (ydlidar_sdk) StderrLine: {'line': b'In file included from \x1b[01m\x1b[K/home/ryo/ros2_ws/src/YDLidar-SDK/src/CYdLidar.cpp:38\x1b[m\x1b[K:\n'}
[0.666271] (ydlidar_sdk) StderrLine: {'line': b'\x1b[01m\x1b[K/home/ryo/ros2_ws/src/YDLidar-SDK/src/SDMLidarDriver.h:71:\x1b[m\x1b[K \x1b[01;36m\x1b[Knote: \x1b[m\x1b[Kthis is the location of the previous definition\n'}
[0.666364] (ydlidar_sdk) StderrLine: {'line': b'   71 | #define SDK_CMD_STOPSCAN 0x61 //\xe5\x81\x9c\xe6\xad\xa2\xe6\xb5\x8b\xe8\xb7\x9d\n'}
[0.666454] (ydlidar_sdk) StderrLine: {'line': b'      | \n'}
[0.702053] (-) TimerEvent: {}
[0.702606] (ydlidar_ros2_driver) StdoutLine: {'line': b'-- Found OpenSSL: /usr/lib/x86_64-linux-gnu/libcrypto.so (found version "3.0.2")  \n'}
[0.767116] (ydlidar_ros2_driver) StdoutLine: {'line': b'-- Found FastRTPS: /opt/ros/humble/include  \n'}
[0.768333] (ydlidar_sdk) StdoutLine: {'line': b'[ 30%] \x1b[32mBuilding CXX object CMakeFiles/ydlidar_sdk.dir/src/SDMLidarDriver.cpp.o\x1b[0m\n'}
[0.806057] (-) TimerEvent: {}
[0.863903] (ydlidar_ros2_driver) StdoutLine: {'line': b"-- Using RMW implementation 'rmw_fastrtps_cpp' as default\n"}
[0.875676] (ydlidar_ros2_driver) StdoutLine: {'line': b'-- Looking for pthread.h\n'}
[0.886941] (ydlidar_sdk) StdoutLine: {'line': b'[ 32%] \x1b[32mBuilding CXX object CMakeFiles/ydlidar_sdk.dir/src/YDlidarDriver.cpp.o\x1b[0m\n'}
[0.894336] (ydlidar_sdk) StdoutLine: {'line': b'[ 34%] \x1b[32mBuilding CXX object CMakeFiles/ydlidar_sdk.dir/src/ydlidar_sdk.cpp.o\x1b[0m\n'}
[0.906173] (-) TimerEvent: {}
[0.972507] (ydlidar_sdk) StderrLine: {'line': b'In file included from \x1b[01m\x1b[K/home/ryo/ros2_ws/src/YDLidar-SDK/src/ETLidarDriver.h:46\x1b[m\x1b[K,\n'}
[0.972811] (ydlidar_sdk) StderrLine: {'line': b'                 from \x1b[01m\x1b[K/home/ryo/ros2_ws/src/YDLidar-SDK/src/ETLidarDriver.cpp:32\x1b[m\x1b[K:\n'}
[0.972934] (ydlidar_sdk) StderrLine: {'line': b'\x1b[01m\x1b[K/home/ryo/ros2_ws/src/YDLidar-SDK/./core/base/thread.h:\x1b[m\x1b[K In member function \xe2\x80\x98\x1b[01m\x1b[Kint ydlidar::core::base::Thread::join(long unsigned int)\x1b[m\x1b[K\xe2\x80\x99:\n'}
[0.973074] (ydlidar_sdk) StderrLine: {'line': b'\x1b[01m\x1b[K/home/ryo/ros2_ws/src/YDLidar-SDK/./core/base/thread.h:136:46:\x1b[m\x1b[K \x1b[01;35m\x1b[Kwarning: \x1b[m\x1b[Kformat \xe2\x80\x98\x1b[01m\x1b[K%X\x1b[m\x1b[K\xe2\x80\x99 expects argument of type \xe2\x80\x98\x1b[01m\x1b[Kunsigned int\x1b[m\x1b[K\xe2\x80\x99, but argument 2 has type \xe2\x80\x98\x1b[01m\x1b[K_size_t\x1b[m\x1b[K\xe2\x80\x99 {aka \xe2\x80\x98\x1b[01m\x1b[Klong unsigned int\x1b[m\x1b[K\xe2\x80\x99} [\x1b[01;35m\x1b[K\x1b]8;;https://gcc.gnu.org/onlinedocs/gcc/Warning-Options.html#index-Wformat=\x07-Wformat=\x1b]8;;\x07\x1b[m\x1b[K]\n'}
[0.973198] (ydlidar_sdk) StderrLine: {'line': b'  136 |           printf("[YDLIDAR DEBUG] Thread [0x\x1b[01;35m\x1b[K%X\x1b[m\x1b[K] ready to cancel[%d]\\n", \x1b[32m\x1b[K_handle\x1b[m\x1b[K, s);\n'}
[0.973309] (ydlidar_sdk) StderrLine: {'line': b'      |                                             \x1b[01;35m\x1b[K~^\x1b[m\x1b[K                          \x1b[32m\x1b[K~~~~~~~\x1b[m\x1b[K\n'}
[0.973418] (ydlidar_sdk) StderrLine: {'line': b'      |                                              \x1b[01;35m\x1b[K|\x1b[m\x1b[K                          \x1b[32m\x1b[K|\x1b[m\x1b[K\n'}
[0.973524] (ydlidar_sdk) StderrLine: {'line': b'      |                                              \x1b[01;35m\x1b[Kunsigned int\x1b[m\x1b[K               \x1b[32m\x1b[K_size_t {aka long unsigned int}\x1b[m\x1b[K\n'}
[0.973633] (ydlidar_sdk) StderrLine: {'line': b'      |                                             \x1b[32m\x1b[K%lX\x1b[m\x1b[K\n'}
[0.973742] (ydlidar_sdk) StderrLine: {'line': b'\x1b[01m\x1b[K/home/ryo/ros2_ws/src/YDLidar-SDK/./core/base/thread.h:138:46:\x1b[m\x1b[K \x1b[01;35m\x1b[Kwarning: \x1b[m\x1b[Kformat \xe2\x80\x98\x1b[01m\x1b[K%X\x1b[m\x1b[K\xe2\x80\x99 expects argument of type \xe2\x80\x98\x1b[01m\x1b[Kunsigned int\x1b[m\x1b[K\xe2\x80\x99, but argument 2 has type \xe2\x80\x98\x1b[01m\x1b[K_size_t\x1b[m\x1b[K\xe2\x80\x99 {aka \xe2\x80\x98\x1b[01m\x1b[Klong unsigned int\x1b[m\x1b[K\xe2\x80\x99} [\x1b[01;35m\x1b[K\x1b]8;;https://gcc.gnu.org/onlinedocs/gcc/Warning-Options.html#index-Wformat=\x07-Wformat=\x1b]8;;\x07\x1b[m\x1b[K]\n'}
[0.973856] (ydlidar_sdk) StderrLine: {'line': b'  138 |           printf("[YDLIDAR DEBUG] Thread [0x\x1b[01;35m\x1b[K%X\x1b[m\x1b[K] ready to cancel[%d] time[%u]\\n",\n'}
[0.973963] (ydlidar_sdk) StderrLine: {'line': b'      |                                             \x1b[01;35m\x1b[K~^\x1b[m\x1b[K\n'}
[0.974086] (ydlidar_sdk) StderrLine: {'line': b'      |                                              \x1b[01;35m\x1b[K|\x1b[m\x1b[K\n'}
[0.974196] (ydlidar_sdk) StderrLine: {'line': b'      |                                              \x1b[01;35m\x1b[Kunsigned int\x1b[m\x1b[K\n'}
[0.974300] (ydlidar_sdk) StderrLine: {'line': b'      |                                             \x1b[32m\x1b[K%lX\x1b[m\x1b[K\n'}
[0.974405] (ydlidar_sdk) StderrLine: {'line': b'  139 |             \x1b[32m\x1b[K_handle\x1b[m\x1b[K, s, getms() - t);\n'}
[0.974512] (ydlidar_sdk) StderrLine: {'line': b'      |             \x1b[32m\x1b[K~~~~~~~\x1b[m\x1b[K                           \n'}
[0.974619] (ydlidar_sdk) StderrLine: {'line': b'      |             \x1b[32m\x1b[K|\x1b[m\x1b[K\n'}
[0.974735] (ydlidar_sdk) StderrLine: {'line': b'      |             \x1b[32m\x1b[K_size_t {aka long unsigned int}\x1b[m\x1b[K\n'}
[0.974841] (ydlidar_sdk) StderrLine: {'line': b'\x1b[01m\x1b[K/home/ryo/ros2_ws/src/YDLidar-SDK/./core/base/thread.h:142:42:\x1b[m\x1b[K \x1b[01;35m\x1b[Kwarning: \x1b[m\x1b[Kformat \xe2\x80\x98\x1b[01m\x1b[K%X\x1b[m\x1b[K\xe2\x80\x99 expects argument of type \xe2\x80\x98\x1b[01m\x1b[Kunsigned int\x1b[m\x1b[K\xe2\x80\x99, but argument 2 has type \xe2\x80\x98\x1b[01m\x1b[K_size_t\x1b[m\x1b[K\xe2\x80\x99 {aka \xe2\x80\x98\x1b[01m\x1b[Klong unsigned int\x1b[m\x1b[K\xe2\x80\x99} [\x1b[01;35m\x1b[K\x1b]8;;https://gcc.gnu.org/onlinedocs/gcc/Warning-Options.html#index-Wformat=\x07-Wformat=\x1b]8;;\x07\x1b[m\x1b[K]\n'}
[0.974970] (ydlidar_sdk) StderrLine: {'line': b'  142 |             printf("[YDLIDAR] Thread [0x\x1b[01;35m\x1b[K%X\x1b[m\x1b[K] has been canceled in other thread\\n", \x1b[32m\x1b[K_handle\x1b[m\x1b[K);\n'}
[0.975096] (ydlidar_sdk) StderrLine: {'line': b'      |                                         \x1b[01;35m\x1b[K~^\x1b[m\x1b[K                                        \x1b[32m\x1b[K~~~~~~~\x1b[m\x1b[K\n'}
[0.975207] (ydlidar_sdk) StderrLine: {'line': b'      |                                          \x1b[01;35m\x1b[K|\x1b[m\x1b[K                                        \x1b[32m\x1b[K|\x1b[m\x1b[K\n'}
[0.975313] (ydlidar_sdk) StderrLine: {'line': b'      |                                          \x1b[01;35m\x1b[Kunsigned int\x1b[m\x1b[K                             \x1b[32m\x1b[K_size_t {aka long unsigned int}\x1b[m\x1b[K\n'}
[0.975421] (ydlidar_sdk) StderrLine: {'line': b'      |                                         \x1b[32m\x1b[K%lX\x1b[m\x1b[K\n'}
[0.975526] (ydlidar_sdk) StderrLine: {'line': b'\x1b[01m\x1b[K/home/ryo/ros2_ws/src/YDLidar-SDK/./core/base/thread.h:147:74:\x1b[m\x1b[K \x1b[01;35m\x1b[Kwarning: \x1b[m\x1b[Kformat \xe2\x80\x98\x1b[01m\x1b[K%X\x1b[m\x1b[K\xe2\x80\x99 expects argument of type \xe2\x80\x98\x1b[01m\x1b[Kunsigned int\x1b[m\x1b[K\xe2\x80\x99, but argument 3 has type \xe2\x80\x98\x1b[01m\x1b[K_size_t\x1b[m\x1b[K\xe2\x80\x99 {aka \xe2\x80\x98\x1b[01m\x1b[Klong unsigned int\x1b[m\x1b[K\xe2\x80\x99} [\x1b[01;35m\x1b[K\x1b]8;;https://gcc.gnu.org/onlinedocs/gcc/Warning-Options.html#index-Wformat=\x07-Wformat=\x1b]8;;\x07\x1b[m\x1b[K]\n'}
[0.975641] (ydlidar_sdk) StderrLine: {'line': b'  147 |             fprintf(stderr, "[YDLIDAR] An error occurred while thread[0x\x1b[01;35m\x1b[K%X\x1b[m\x1b[K] cancelled!\\n", \x1b[32m\x1b[K_handle\x1b[m\x1b[K);\n'}
[0.975747] (ydlidar_sdk) StderrLine: {'line': b'      |                                                                         \x1b[01;35m\x1b[K~^\x1b[m\x1b[K                 \x1b[32m\x1b[K~~~~~~~\x1b[m\x1b[K\n'}
[0.975851] (ydlidar_sdk) StderrLine: {'line': b'      |                                                                          \x1b[01;35m\x1b[K|\x1b[m\x1b[K                 \x1b[32m\x1b[K|\x1b[m\x1b[K\n'}
[0.978218] (ydlidar_sdk) StderrLine: {'line': b'      |                                                                          \x1b[01;35m\x1b[Kunsigned int\x1b[m\x1b[K      \x1b[32m\x1b[K_size_t {aka long unsigned int}\x1b[m\x1b[K\n'}
[0.978364] (ydlidar_sdk) StderrLine: {'line': b'      |                                                                         \x1b[32m\x1b[K%lX\x1b[m\x1b[K\n'}
[0.978483] (ydlidar_sdk) StderrLine: {'line': b'\x1b[01m\x1b[K/home/ryo/ros2_ws/src/YDLidar-SDK/./core/base/thread.h:151:40:\x1b[m\x1b[K \x1b[01;35m\x1b[Kwarning: \x1b[m\x1b[Kformat \xe2\x80\x98\x1b[01m\x1b[K%X\x1b[m\x1b[K\xe2\x80\x99 expects argument of type \xe2\x80\x98\x1b[01m\x1b[Kunsigned int\x1b[m\x1b[K\xe2\x80\x99, but argument 2 has type \xe2\x80\x98\x1b[01m\x1b[K_size_t\x1b[m\x1b[K\xe2\x80\x99 {aka \xe2\x80\x98\x1b[01m\x1b[Klong unsigned int\x1b[m\x1b[K\xe2\x80\x99} [\x1b[01;35m\x1b[K\x1b]8;;https://gcc.gnu.org/onlinedocs/gcc/Warning-Options.html#index-Wformat=\x07-Wformat=\x1b]8;;\x07\x1b[m\x1b[K]\n'}
[0.978603] (ydlidar_sdk) StderrLine: {'line': b'  151 |           printf("[YDLIDAR] Thread [0x\x1b[01;35m\x1b[K%X\x1b[m\x1b[K] has been canceled\\n", \x1b[32m\x1b[K_handle\x1b[m\x1b[K);\n'}
[0.978712] (ydlidar_sdk) StderrLine: {'line': b'      |                                       \x1b[01;35m\x1b[K~^\x1b[m\x1b[K                        \x1b[32m\x1b[K~~~~~~~\x1b[m\x1b[K\n'}
[0.978818] (ydlidar_sdk) StderrLine: {'line': b'      |                                        \x1b[01;35m\x1b[K|\x1b[m\x1b[K                        \x1b[32m\x1b[K|\x1b[m\x1b[K\n'}
[0.978934] (ydlidar_sdk) StderrLine: {'line': b'      |                                        \x1b[01;35m\x1b[Kunsigned int\x1b[m\x1b[K             \x1b[32m\x1b[K_size_t {aka long unsigned int}\x1b[m\x1b[K\n'}
[0.979060] (ydlidar_sdk) StderrLine: {'line': b'      |                                       \x1b[32m\x1b[K%lX\x1b[m\x1b[K\n'}
[0.980975] (ydlidar_sdk) StderrLine: {'line': b'In file included from \x1b[01m\x1b[K/home/ryo/ros2_ws/src/YDLidar-SDK/core/serial/common.h:45\x1b[m\x1b[K,\n'}
[0.981230] (ydlidar_sdk) StderrLine: {'line': b'                 from \x1b[01m\x1b[K/home/ryo/ros2_ws/src/YDLidar-SDK/core/serial/serial.cpp:12\x1b[m\x1b[K:\n'}
[0.981350] (ydlidar_sdk) StderrLine: {'line': b'\x1b[01m\x1b[K/home/ryo/ros2_ws/src/YDLidar-SDK/./core/base/thread.h:\x1b[m\x1b[K In member function \xe2\x80\x98\x1b[01m\x1b[Kint ydlidar::core::base::Thread::join(long unsigned int)\x1b[m\x1b[K\xe2\x80\x99:\n'}
[0.981463] (ydlidar_sdk) StderrLine: {'line': b'\x1b[01m\x1b[K/home/ryo/ros2_ws/src/YDLidar-SDK/./core/base/thread.h:136:46:\x1b[m\x1b[K \x1b[01;35m\x1b[Kwarning: \x1b[m\x1b[Kformat \xe2\x80\x98\x1b[01m\x1b[K%X\x1b[m\x1b[K\xe2\x80\x99 expects argument of type \xe2\x80\x98\x1b[01m\x1b[Kunsigned int\x1b[m\x1b[K\xe2\x80\x99, but argument 2 has type \xe2\x80\x98\x1b[01m\x1b[K_size_t\x1b[m\x1b[K\xe2\x80\x99 {aka \xe2\x80\x98\x1b[01m\x1b[Klong unsigned int\x1b[m\x1b[K\xe2\x80\x99} [\x1b[01;35m\x1b[K\x1b]8;;https://gcc.gnu.org/onlinedocs/gcc/Warning-Options.html#index-Wformat=\x07-Wformat=\x1b]8;;\x07\x1b[m\x1b[K]\n'}
[0.981576] (ydlidar_sdk) StderrLine: {'line': b'  136 |           printf("[YDLIDAR DEBUG] Thread [0x\x1b[01;35m\x1b[K%X\x1b[m\x1b[K] ready to cancel[%d]\\n", \x1b[32m\x1b[K_handle\x1b[m\x1b[K, s);\n'}
[0.981681] (ydlidar_sdk) StderrLine: {'line': b'      |                                             \x1b[01;35m\x1b[K~^\x1b[m\x1b[K                          \x1b[32m\x1b[K~~~~~~~\x1b[m\x1b[K\n'}
[0.981784] (ydlidar_sdk) StderrLine: {'line': b'      |                                              \x1b[01;35m\x1b[K|\x1b[m\x1b[K                          \x1b[32m\x1b[K|\x1b[m\x1b[K\n'}
[0.981897] (ydlidar_sdk) StderrLine: {'line': b'      |                                              \x1b[01;35m\x1b[Kunsigned int\x1b[m\x1b[K               \x1b[32m\x1b[K_size_t {aka long unsigned int}\x1b[m\x1b[K\n'}
[0.982016] (ydlidar_sdk) StderrLine: {'line': b'      |                                             \x1b[32m\x1b[K%lX\x1b[m\x1b[K\n'}
[0.982131] (ydlidar_sdk) StderrLine: {'line': b'\x1b[01m\x1b[K/home/ryo/ros2_ws/src/YDLidar-SDK/./core/base/thread.h:138:46:\x1b[m\x1b[K \x1b[01;35m\x1b[Kwarning: \x1b[m\x1b[Kformat \xe2\x80\x98\x1b[01m\x1b[K%X\x1b[m\x1b[K\xe2\x80\x99 expects argument of type \xe2\x80\x98\x1b[01m\x1b[Kunsigned int\x1b[m\x1b[K\xe2\x80\x99, but argument 2 has type \xe2\x80\x98\x1b[01m\x1b[K_size_t\x1b[m\x1b[K\xe2\x80\x99 {aka \xe2\x80\x98\x1b[01m\x1b[Klong unsigned int\x1b[m\x1b[K\xe2\x80\x99} [\x1b[01;35m\x1b[K\x1b]8;;https://gcc.gnu.org/onlinedocs/gcc/Warning-Options.html#index-Wformat=\x07-Wformat=\x1b]8;;\x07\x1b[m\x1b[K]\n'}
[0.982243] (ydlidar_sdk) StderrLine: {'line': b'  138 |           printf("[YDLIDAR DEBUG] Thread [0x\x1b[01;35m\x1b[K%X\x1b[m\x1b[K] ready to cancel[%d] time[%u]\\n",\n'}
[0.982347] (ydlidar_sdk) StderrLine: {'line': b'      |                                             \x1b[01;35m\x1b[K~^\x1b[m\x1b[K\n'}
[0.982452] (ydlidar_sdk) StderrLine: {'line': b'      |                                              \x1b[01;35m\x1b[K|\x1b[m\x1b[K\n'}
[0.982557] (ydlidar_sdk) StderrLine: {'line': b'      |                                              \x1b[01;35m\x1b[Kunsigned int\x1b[m\x1b[K\n'}
[0.988058] (ydlidar_sdk) StderrLine: {'line': b'      |                                             \x1b[32m\x1b[K%lX\x1b[m\x1b[K\n'}
[0.988298] (ydlidar_sdk) StderrLine: {'line': b'  139 |             \x1b[32m\x1b[K_handle\x1b[m\x1b[K, s, getms() - t);\n'}
[0.988424] (ydlidar_sdk) StderrLine: {'line': b'      |             \x1b[32m\x1b[K~~~~~~~\x1b[m\x1b[K                           \n'}
[0.988552] (ydlidar_sdk) StderrLine: {'line': b'      |             \x1b[32m\x1b[K|\x1b[m\x1b[K\n'}
[0.988663] (ydlidar_sdk) StderrLine: {'line': b'      |             \x1b[32m\x1b[K_size_t {aka long unsigned int}\x1b[m\x1b[K\n'}
[0.988775] (ydlidar_sdk) StderrLine: {'line': b'\x1b[01m\x1b[K/home/ryo/ros2_ws/src/YDLidar-SDK/./core/base/thread.h:142:42:\x1b[m\x1b[K \x1b[01;35m\x1b[Kwarning: \x1b[m\x1b[Kformat \xe2\x80\x98\x1b[01m\x1b[K%X\x1b[m\x1b[K\xe2\x80\x99 expects argument of type \xe2\x80\x98\x1b[01m\x1b[Kunsigned int\x1b[m\x1b[K\xe2\x80\x99, but argument 2 has type \xe2\x80\x98\x1b[01m\x1b[K_size_t\x1b[m\x1b[K\xe2\x80\x99 {aka \xe2\x80\x98\x1b[01m\x1b[Klong unsigned int\x1b[m\x1b[K\xe2\x80\x99} [\x1b[01;35m\x1b[K\x1b]8;;https://gcc.gnu.org/onlinedocs/gcc/Warning-Options.html#index-Wformat=\x07-Wformat=\x1b]8;;\x07\x1b[m\x1b[K]\n'}
[0.988907] (ydlidar_sdk) StderrLine: {'line': b'  142 |             printf("[YDLIDAR] Thread [0x\x1b[01;35m\x1b[K%X\x1b[m\x1b[K] has been canceled in other thread\\n", \x1b[32m\x1b[K_handle\x1b[m\x1b[K);\n'}
[0.989041] (ydlidar_sdk) StderrLine: {'line': b'      |                                         \x1b[01;35m\x1b[K~^\x1b[m\x1b[K                                        \x1b[32m\x1b[K~~~~~~~\x1b[m\x1b[K\n'}
[0.989166] (ydlidar_sdk) StderrLine: {'line': b'      |                                          \x1b[01;35m\x1b[K|\x1b[m\x1b[K                                        \x1b[32m\x1b[K|\x1b[m\x1b[K\n'}
[0.989280] (ydlidar_sdk) StderrLine: {'line': b'      |                                          \x1b[01;35m\x1b[Kunsigned int\x1b[m\x1b[K                             \x1b[32m\x1b[K_size_t {aka long unsigned int}\x1b[m\x1b[K\n'}
[0.989395] (ydlidar_sdk) StderrLine: {'line': b'      |                                         \x1b[32m\x1b[K%lX\x1b[m\x1b[K\n'}
[0.989507] (ydlidar_sdk) StderrLine: {'line': b'\x1b[01m\x1b[K/home/ryo/ros2_ws/src/YDLidar-SDK/./core/base/thread.h:147:74:\x1b[m\x1b[K \x1b[01;35m\x1b[Kwarning: \x1b[m\x1b[Kformat \xe2\x80\x98\x1b[01m\x1b[K%X\x1b[m\x1b[K\xe2\x80\x99 expects argument of type \xe2\x80\x98\x1b[01m\x1b[Kunsigned int\x1b[m\x1b[K\xe2\x80\x99, but argument 3 has type \xe2\x80\x98\x1b[01m\x1b[K_size_t\x1b[m\x1b[K\xe2\x80\x99 {aka \xe2\x80\x98\x1b[01m\x1b[Klong unsigned int\x1b[m\x1b[K\xe2\x80\x99} [\x1b[01;35m\x1b[K\x1b]8;;https://gcc.gnu.org/onlinedocs/gcc/Warning-Options.html#index-Wformat=\x07-Wformat=\x1b]8;;\x07\x1b[m\x1b[K]\n'}
[0.989626] (ydlidar_sdk) StderrLine: {'line': b'  147 |             fprintf(stderr, "[YDLIDAR] An error occurred while thread[0x\x1b[01;35m\x1b[K%X\x1b[m\x1b[K] cancelled!\\n", \x1b[32m\x1b[K_handle\x1b[m\x1b[K);\n'}
[0.989740] (ydlidar_sdk) StderrLine: {'line': b'      |                                                                         \x1b[01;35m\x1b[K~^\x1b[m\x1b[K                 \x1b[32m\x1b[K~~~~~~~\x1b[m\x1b[K\n'}
[0.989853] (ydlidar_sdk) StderrLine: {'line': b'      |                                                                          \x1b[01;35m\x1b[K|\x1b[m\x1b[K                 \x1b[32m\x1b[K|\x1b[m\x1b[K\n'}
[0.989963] (ydlidar_sdk) StderrLine: {'line': b'      |                                                                          \x1b[01;35m\x1b[Kunsigned int\x1b[m\x1b[K      \x1b[32m\x1b[K_size_t {aka long unsigned int}\x1b[m\x1b[K\n'}
[0.990090] (ydlidar_sdk) StderrLine: {'line': b'      |                                                                         \x1b[32m\x1b[K%lX\x1b[m\x1b[K\n'}
[0.990205] (ydlidar_sdk) StderrLine: {'line': b'\x1b[01m\x1b[K/home/ryo/ros2_ws/src/YDLidar-SDK/./core/base/thread.h:151:40:\x1b[m\x1b[K \x1b[01;35m\x1b[Kwarning: \x1b[m\x1b[Kformat \xe2\x80\x98\x1b[01m\x1b[K%X\x1b[m\x1b[K\xe2\x80\x99 expects argument of type \xe2\x80\x98\x1b[01m\x1b[Kunsigned int\x1b[m\x1b[K\xe2\x80\x99, but argument 2 has type \xe2\x80\x98\x1b[01m\x1b[K_size_t\x1b[m\x1b[K\xe2\x80\x99 {aka \xe2\x80\x98\x1b[01m\x1b[Klong unsigned int\x1b[m\x1b[K\xe2\x80\x99} [\x1b[01;35m\x1b[K\x1b]8;;https://gcc.gnu.org/onlinedocs/gcc/Warning-Options.html#index-Wformat=\x07-Wformat=\x1b]8;;\x07\x1b[m\x1b[K]\n'}
[0.990334] (ydlidar_sdk) StderrLine: {'line': b'  151 |           printf("[YDLIDAR] Thread [0x\x1b[01;35m\x1b[K%X\x1b[m\x1b[K] has been canceled\\n", \x1b[32m\x1b[K_handle\x1b[m\x1b[K);\n'}
[0.990448] (ydlidar_sdk) StderrLine: {'line': b'      |                                       \x1b[01;35m\x1b[K~^\x1b[m\x1b[K                        \x1b[32m\x1b[K~~~~~~~\x1b[m\x1b[K\n'}
[0.990563] (ydlidar_sdk) StderrLine: {'line': b'      |                                        \x1b[01;35m\x1b[K|\x1b[m\x1b[K                        \x1b[32m\x1b[K|\x1b[m\x1b[K\n'}
[0.990685] (ydlidar_sdk) StderrLine: {'line': b'      |                                        \x1b[01;35m\x1b[Kunsigned int\x1b[m\x1b[K             \x1b[32m\x1b[K_size_t {aka long unsigned int}\x1b[m\x1b[K\n'}
[0.990796] (ydlidar_sdk) StderrLine: {'line': b'      |                                       \x1b[32m\x1b[K%lX\x1b[m\x1b[K\n'}
[0.995066] (ydlidar_sdk) StderrLine: {'line': b'In file included from \x1b[01m\x1b[K/home/ryo/ros2_ws/src/YDLidar-SDK/./core/common/DriverInterface.h:5\x1b[m\x1b[K,\n'}
[0.995312] (ydlidar_sdk) StderrLine: {'line': b'                 from \x1b[01m\x1b[K/home/ryo/ros2_ws/src/YDLidar-SDK/src/CYdLidar.h:48\x1b[m\x1b[K,\n'}
[0.995440] (ydlidar_sdk) StderrLine: {'line': b'                 from \x1b[01m\x1b[K/home/ryo/ros2_ws/src/YDLidar-SDK/src/CYdLidar.cpp:29\x1b[m\x1b[K:\n'}
[0.995557] (ydlidar_sdk) StderrLine: {'line': b'\x1b[01m\x1b[K/home/ryo/ros2_ws/src/YDLidar-SDK/./core/base/thread.h:\x1b[m\x1b[K In member function \xe2\x80\x98\x1b[01m\x1b[Kint ydlidar::core::base::Thread::join(long unsigned int)\x1b[m\x1b[K\xe2\x80\x99:\n'}
[0.995674] (ydlidar_sdk) StderrLine: {'line': b'\x1b[01m\x1b[K/home/ryo/ros2_ws/src/YDLidar-SDK/./core/base/thread.h:136:46:\x1b[m\x1b[K \x1b[01;35m\x1b[Kwarning: \x1b[m\x1b[Kformat \xe2\x80\x98\x1b[01m\x1b[K%X\x1b[m\x1b[K\xe2\x80\x99 expects argument of type \xe2\x80\x98\x1b[01m\x1b[Kunsigned int\x1b[m\x1b[K\xe2\x80\x99, but argument 2 has type \xe2\x80\x98\x1b[01m\x1b[K_size_t\x1b[m\x1b[K\xe2\x80\x99 {aka \xe2\x80\x98\x1b[01m\x1b[Klong unsigned int\x1b[m\x1b[K\xe2\x80\x99} [\x1b[01;35m\x1b[K\x1b]8;;https://gcc.gnu.org/onlinedocs/gcc/Warning-Options.html#index-Wformat=\x07-Wformat=\x1b]8;;\x07\x1b[m\x1b[K]\n'}
[0.995793] (ydlidar_sdk) StderrLine: {'line': b'  136 |           printf("[YDLIDAR DEBUG] Thread [0x\x1b[01;35m\x1b[K%X\x1b[m\x1b[K] ready to cancel[%d]\\n", \x1b[32m\x1b[K_handle\x1b[m\x1b[K, s);\n'}
[0.995905] (ydlidar_sdk) StderrLine: {'line': b'      |                                             \x1b[01;35m\x1b[K~^\x1b[m\x1b[K                          \x1b[32m\x1b[K~~~~~~~\x1b[m\x1b[K\n'}
[0.996028] (ydlidar_sdk) StderrLine: {'line': b'      |                                              \x1b[01;35m\x1b[K|\x1b[m\x1b[K                          \x1b[32m\x1b[K|\x1b[m\x1b[K\n'}
[0.996162] (ydlidar_sdk) StderrLine: {'line': b'      |                                              \x1b[01;35m\x1b[Kunsigned int\x1b[m\x1b[K               \x1b[32m\x1b[K_size_t {aka long unsigned int}\x1b[m\x1b[K\n'}
[0.996277] (ydlidar_sdk) StderrLine: {'line': b'      |                                             \x1b[32m\x1b[K%lX\x1b[m\x1b[K\n'}
[0.996389] (ydlidar_sdk) StderrLine: {'line': b'\x1b[01m\x1b[K/home/ryo/ros2_ws/src/YDLidar-SDK/./core/base/thread.h:138:46:\x1b[m\x1b[K \x1b[01;35m\x1b[Kwarning: \x1b[m\x1b[Kformat \xe2\x80\x98\x1b[01m\x1b[K%X\x1b[m\x1b[K\xe2\x80\x99 expects argument of type \xe2\x80\x98\x1b[01m\x1b[Kunsigned int\x1b[m\x1b[K\xe2\x80\x99, but argument 2 has type \xe2\x80\x98\x1b[01m\x1b[K_size_t\x1b[m\x1b[K\xe2\x80\x99 {aka \xe2\x80\x98\x1b[01m\x1b[Klong unsigned int\x1b[m\x1b[K\xe2\x80\x99} [\x1b[01;35m\x1b[K\x1b]8;;https://gcc.gnu.org/onlinedocs/gcc/Warning-Options.html#index-Wformat=\x07-Wformat=\x1b]8;;\x07\x1b[m\x1b[K]\n'}
[0.996506] (ydlidar_sdk) StderrLine: {'line': b'  138 |           printf("[YDLIDAR DEBUG] Thread [0x\x1b[01;35m\x1b[K%X\x1b[m\x1b[K] ready to cancel[%d] time[%u]\\n",\n'}
[0.996618] (ydlidar_sdk) StderrLine: {'line': b'      |                                             \x1b[01;35m\x1b[K~^\x1b[m\x1b[K\n'}
[0.996734] (ydlidar_sdk) StderrLine: {'line': b'      |                                              \x1b[01;35m\x1b[K|\x1b[m\x1b[K\n'}
[0.996844] (ydlidar_sdk) StderrLine: {'line': b'      |                                              \x1b[01;35m\x1b[Kunsigned int\x1b[m\x1b[K\n'}
[0.996956] (ydlidar_sdk) StderrLine: {'line': b'      |                                             \x1b[32m\x1b[K%lX\x1b[m\x1b[K\n'}
[0.997086] (ydlidar_sdk) StderrLine: {'line': b'  139 |             \x1b[32m\x1b[K_handle\x1b[m\x1b[K, s, getms() - t);\n'}
[0.997202] (ydlidar_sdk) StderrLine: {'line': b'      |             \x1b[32m\x1b[K~~~~~~~\x1b[m\x1b[K                           \n'}
[0.997313] (ydlidar_sdk) StderrLine: {'line': b'      |             \x1b[32m\x1b[K|\x1b[m\x1b[K\n'}
[0.997418] (ydlidar_sdk) StderrLine: {'line': b'      |             \x1b[32m\x1b[K_size_t {aka long unsigned int}\x1b[m\x1b[K\n'}
[0.997527] (ydlidar_sdk) StderrLine: {'line': b'\x1b[01m\x1b[K/home/ryo/ros2_ws/src/YDLidar-SDK/./core/base/thread.h:142:42:\x1b[m\x1b[K \x1b[01;35m\x1b[Kwarning: \x1b[m\x1b[Kformat \xe2\x80\x98\x1b[01m\x1b[K%X\x1b[m\x1b[K\xe2\x80\x99 expects argument of type \xe2\x80\x98\x1b[01m\x1b[Kunsigned int\x1b[m\x1b[K\xe2\x80\x99, but argument 2 has type \xe2\x80\x98\x1b[01m\x1b[K_size_t\x1b[m\x1b[K\xe2\x80\x99 {aka \xe2\x80\x98\x1b[01m\x1b[Klong unsigned int\x1b[m\x1b[K\xe2\x80\x99} [\x1b[01;35m\x1b[K\x1b]8;;https://gcc.gnu.org/onlinedocs/gcc/Warning-Options.html#index-Wformat=\x07-Wformat=\x1b]8;;\x07\x1b[m\x1b[K]\n'}
[0.997647] (ydlidar_sdk) StderrLine: {'line': b'  142 |             printf("[YDLIDAR] Thread [0x\x1b[01;35m\x1b[K%X\x1b[m\x1b[K] has been canceled in other thread\\n", \x1b[32m\x1b[K_handle\x1b[m\x1b[K);\n'}
[0.997759] (ydlidar_sdk) StderrLine: {'line': b'      |                                         \x1b[01;35m\x1b[K~^\x1b[m\x1b[K                                        \x1b[32m\x1b[K~~~~~~~\x1b[m\x1b[K\n'}
[0.997872] (ydlidar_sdk) StderrLine: {'line': b'      |                                          \x1b[01;35m\x1b[K|\x1b[m\x1b[K                                        \x1b[32m\x1b[K|\x1b[m\x1b[K\n'}
[0.997993] (ydlidar_sdk) StderrLine: {'line': b'      |                                          \x1b[01;35m\x1b[Kunsigned int\x1b[m\x1b[K                             \x1b[32m\x1b[K_size_t {aka long unsigned int}\x1b[m\x1b[K\n'}
[0.998114] (ydlidar_sdk) StderrLine: {'line': b'      |                                         \x1b[32m\x1b[K%lX\x1b[m\x1b[K\n'}
[0.998237] (ydlidar_sdk) StderrLine: {'line': b'\x1b[01m\x1b[K/home/ryo/ros2_ws/src/YDLidar-SDK/./core/base/thread.h:147:74:\x1b[m\x1b[K \x1b[01;35m\x1b[Kwarning: \x1b[m\x1b[Kformat \xe2\x80\x98\x1b[01m\x1b[K%X\x1b[m\x1b[K\xe2\x80\x99 expects argument of type \xe2\x80\x98\x1b[01m\x1b[Kunsigned int\x1b[m\x1b[K\xe2\x80\x99, but argument 3 has type \xe2\x80\x98\x1b[01m\x1b[K_size_t\x1b[m\x1b[K\xe2\x80\x99 {aka \xe2\x80\x98\x1b[01m\x1b[Klong unsigned int\x1b[m\x1b[K\xe2\x80\x99} [\x1b[01;35m\x1b[K\x1b]8;;https://gcc.gnu.org/onlinedocs/gcc/Warning-Options.html#index-Wformat=\x07-Wformat=\x1b]8;;\x07\x1b[m\x1b[K]\n'}
[0.998344] (ydlidar_sdk) StderrLine: {'line': b'  147 |             fprintf(stderr, "[YDLIDAR] An error occurred while thread[0x\x1b[01;35m\x1b[K%X\x1b[m\x1b[K] cancelled!\\n", \x1b[32m\x1b[K_handle\x1b[m\x1b[K);\n'}
[0.998461] (ydlidar_sdk) StderrLine: {'line': b'      |                                                                         \x1b[01;35m\x1b[K~^\x1b[m\x1b[K                 \x1b[32m\x1b[K~~~~~~~\x1b[m\x1b[K\n'}
[0.998570] (ydlidar_sdk) StderrLine: {'line': b'      |                                                                          \x1b[01;35m\x1b[K|\x1b[m\x1b[K                 \x1b[32m\x1b[K|\x1b[m\x1b[K\n'}
[0.998673] (ydlidar_sdk) StderrLine: {'line': b'      |                                                                          \x1b[01;35m\x1b[Kunsigned int\x1b[m\x1b[K      \x1b[32m\x1b[K_size_t {aka long unsigned int}\x1b[m\x1b[K\n'}
[0.998778] (ydlidar_sdk) StderrLine: {'line': b'      |                                                                         \x1b[32m\x1b[K%lX\x1b[m\x1b[K\n'}
[0.998888] (ydlidar_sdk) StderrLine: {'line': b'\x1b[01m\x1b[K/home/ryo/ros2_ws/src/YDLidar-SDK/./core/base/thread.h:151:40:\x1b[m\x1b[K \x1b[01;35m\x1b[Kwarning: \x1b[m\x1b[Kformat \xe2\x80\x98\x1b[01m\x1b[K%X\x1b[m\x1b[K\xe2\x80\x99 expects argument of type \xe2\x80\x98\x1b[01m\x1b[Kunsigned int\x1b[m\x1b[K\xe2\x80\x99, but argument 2 has type \xe2\x80\x98\x1b[01m\x1b[K_size_t\x1b[m\x1b[K\xe2\x80\x99 {aka \xe2\x80\x98\x1b[01m\x1b[Klong unsigned int\x1b[m\x1b[K\xe2\x80\x99} [\x1b[01;35m\x1b[K\x1b]8;;https://gcc.gnu.org/onlinedocs/gcc/Warning-Options.html#index-Wformat=\x07-Wformat=\x1b]8;;\x07\x1b[m\x1b[K]\n'}
[0.999051] (ydlidar_sdk) StderrLine: {'line': b'  151 |           printf("[YDLIDAR] Thread [0x\x1b[01;35m\x1b[K%X\x1b[m\x1b[K] has been canceled\\n", \x1b[32m\x1b[K_handle\x1b[m\x1b[K);\n'}
[0.999199] (ydlidar_sdk) StderrLine: {'line': b'      |                                       \x1b[01;35m\x1b[K~^\x1b[m\x1b[K                        \x1b[32m\x1b[K~~~~~~~\x1b[m\x1b[K\n'}
[0.999310] (ydlidar_sdk) StderrLine: {'line': b'      |                                        \x1b[01;35m\x1b[K|\x1b[m\x1b[K                        \x1b[32m\x1b[K|\x1b[m\x1b[K\n'}
[0.999415] (ydlidar_sdk) StderrLine: {'line': b'      |                                        \x1b[01;35m\x1b[Kunsigned int\x1b[m\x1b[K             \x1b[32m\x1b[K_size_t {aka long unsigned int}\x1b[m\x1b[K\n'}
[0.999525] (ydlidar_sdk) StderrLine: {'line': b'      |                                       \x1b[32m\x1b[K%lX\x1b[m\x1b[K\n'}
[1.009056] (-) TimerEvent: {}
[1.029480] (ydlidar_ros2_driver) StdoutLine: {'line': b'-- Looking for pthread.h - found\n'}
[1.030102] (ydlidar_ros2_driver) StdoutLine: {'line': b'-- Performing Test CMAKE_HAVE_LIBC_PTHREAD\n'}
[1.040478] (ydlidar_sdk) StdoutLine: {'line': b'[ 36%] \x1b[32mBuilding CXX object CMakeFiles/ydlidar_sdk.dir/src/filters/NoiseFilter.cpp.o\x1b[0m\n'}
[1.049690] (ydlidar_sdk) StdoutLine: {'line': b'[ 38%] \x1b[32mBuilding CXX object CMakeFiles/ydlidar_sdk.dir/src/filters/StrongLightFilter.cpp.o\x1b[0m\n'}
[1.096993] (ydlidar_sdk) StderrLine: {'line': b'In file included from \x1b[01m\x1b[K/home/ryo/ros2_ws/src/YDLidar-SDK/src/DTSLidarDriver.h:8\x1b[m\x1b[K,\n'}
[1.097229] (ydlidar_sdk) StderrLine: {'line': b'                 from \x1b[01m\x1b[K/home/ryo/ros2_ws/src/YDLidar-SDK/src/DTSLidarDriver.cpp:2\x1b[m\x1b[K:\n'}
[1.097373] (ydlidar_sdk) StderrLine: {'line': b'\x1b[01m\x1b[K/home/ryo/ros2_ws/src/YDLidar-SDK/./core/base/thread.h:\x1b[m\x1b[K In member function \xe2\x80\x98\x1b[01m\x1b[Kint ydlidar::core::base::Thread::join(long unsigned int)\x1b[m\x1b[K\xe2\x80\x99:\n'}
[1.097503] (ydlidar_sdk) StderrLine: {'line': b'\x1b[01m\x1b[K/home/ryo/ros2_ws/src/YDLidar-SDK/./core/base/thread.h:136:46:\x1b[m\x1b[K \x1b[01;35m\x1b[Kwarning: \x1b[m\x1b[Kformat \xe2\x80\x98\x1b[01m\x1b[K%X\x1b[m\x1b[K\xe2\x80\x99 expects argument of type \xe2\x80\x98\x1b[01m\x1b[Kunsigned int\x1b[m\x1b[K\xe2\x80\x99, but argument 2 has type \xe2\x80\x98\x1b[01m\x1b[K_size_t\x1b[m\x1b[K\xe2\x80\x99 {aka \xe2\x80\x98\x1b[01m\x1b[Klong unsigned int\x1b[m\x1b[K\xe2\x80\x99} [\x1b[01;35m\x1b[K\x1b]8;;https://gcc.gnu.org/onlinedocs/gcc/Warning-Options.html#index-Wformat=\x07-Wformat=\x1b]8;;\x07\x1b[m\x1b[K]\n'}
[1.097629] (ydlidar_sdk) StderrLine: {'line': b'  136 |           printf("[YDLIDAR DEBUG] Thread [0x\x1b[01;35m\x1b[K%X\x1b[m\x1b[K] ready to cancel[%d]\\n", \x1b[32m\x1b[K_handle\x1b[m\x1b[K, s);\n'}
[1.097747] (ydlidar_sdk) StderrLine: {'line': b'      |                                             \x1b[01;35m\x1b[K~^\x1b[m\x1b[K                          \x1b[32m\x1b[K~~~~~~~\x1b[m\x1b[K\n'}
[1.097862] (ydlidar_sdk) StderrLine: {'line': b'      |                                              \x1b[01;35m\x1b[K|\x1b[m\x1b[K                          \x1b[32m\x1b[K|\x1b[m\x1b[K\n'}
[1.097977] (ydlidar_sdk) StderrLine: {'line': b'      |                                              \x1b[01;35m\x1b[Kunsigned int\x1b[m\x1b[K               \x1b[32m\x1b[K_size_t {aka long unsigned int}\x1b[m\x1b[K\n'}
[1.099172] (ydlidar_sdk) StderrLine: {'line': b'      |                                             \x1b[32m\x1b[K%lX\x1b[m\x1b[K\n'}
[1.099292] (ydlidar_sdk) StderrLine: {'line': b'\x1b[01m\x1b[K/home/ryo/ros2_ws/src/YDLidar-SDK/./core/base/thread.h:138:46:\x1b[m\x1b[K \x1b[01;35m\x1b[Kwarning: \x1b[m\x1b[Kformat \xe2\x80\x98\x1b[01m\x1b[K%X\x1b[m\x1b[K\xe2\x80\x99 expects argument of type \xe2\x80\x98\x1b[01m\x1b[Kunsigned int\x1b[m\x1b[K\xe2\x80\x99, but argument 2 has type \xe2\x80\x98\x1b[01m\x1b[K_size_t\x1b[m\x1b[K\xe2\x80\x99 {aka \xe2\x80\x98\x1b[01m\x1b[Klong unsigned int\x1b[m\x1b[K\xe2\x80\x99} [\x1b[01;35m\x1b[K\x1b]8;;https://gcc.gnu.org/onlinedocs/gcc/Warning-Options.html#index-Wformat=\x07-Wformat=\x1b]8;;\x07\x1b[m\x1b[K]\n'}
[1.099406] (ydlidar_sdk) StderrLine: {'line': b'  138 |           printf("[YDLIDAR DEBUG] Thread [0x\x1b[01;35m\x1b[K%X\x1b[m\x1b[K] ready to cancel[%d] time[%u]\\n",\n'}
[1.099511] (ydlidar_sdk) StderrLine: {'line': b'      |                                             \x1b[01;35m\x1b[K~^\x1b[m\x1b[K\n'}
[1.099610] (ydlidar_sdk) StderrLine: {'line': b'      |                                              \x1b[01;35m\x1b[K|\x1b[m\x1b[K\n'}
[1.099707] (ydlidar_sdk) StderrLine: {'line': b'      |                                              \x1b[01;35m\x1b[Kunsigned int\x1b[m\x1b[K\n'}
[1.099803] (ydlidar_sdk) StderrLine: {'line': b'      |                                             \x1b[32m\x1b[K%lX\x1b[m\x1b[K\n'}
[1.099896] (ydlidar_sdk) StderrLine: {'line': b'  139 |             \x1b[32m\x1b[K_handle\x1b[m\x1b[K, s, getms() - t);\n'}
[1.099997] (ydlidar_sdk) StderrLine: {'line': b'      |             \x1b[32m\x1b[K~~~~~~~\x1b[m\x1b[K                           \n'}
[1.100106] (ydlidar_sdk) StderrLine: {'line': b'      |             \x1b[32m\x1b[K|\x1b[m\x1b[K\n'}
[1.100205] (ydlidar_sdk) StderrLine: {'line': b'      |             \x1b[32m\x1b[K_size_t {aka long unsigned int}\x1b[m\x1b[K\n'}
[1.100305] (ydlidar_sdk) StderrLine: {'line': b'\x1b[01m\x1b[K/home/ryo/ros2_ws/src/YDLidar-SDK/./core/base/thread.h:142:42:\x1b[m\x1b[K \x1b[01;35m\x1b[Kwarning: \x1b[m\x1b[Kformat \xe2\x80\x98\x1b[01m\x1b[K%X\x1b[m\x1b[K\xe2\x80\x99 expects argument of type \xe2\x80\x98\x1b[01m\x1b[Kunsigned int\x1b[m\x1b[K\xe2\x80\x99, but argument 2 has type \xe2\x80\x98\x1b[01m\x1b[K_size_t\x1b[m\x1b[K\xe2\x80\x99 {aka \xe2\x80\x98\x1b[01m\x1b[Klong unsigned int\x1b[m\x1b[K\xe2\x80\x99} [\x1b[01;35m\x1b[K\x1b]8;;https://gcc.gnu.org/onlinedocs/gcc/Warning-Options.html#index-Wformat=\x07-Wformat=\x1b]8;;\x07\x1b[m\x1b[K]\n'}
[1.100429] (ydlidar_sdk) StderrLine: {'line': b'  142 |             printf("[YDLIDAR] Thread [0x\x1b[01;35m\x1b[K%X\x1b[m\x1b[K] has been canceled in other thread\\n", \x1b[32m\x1b[K_handle\x1b[m\x1b[K);\n'}
[1.100530] (ydlidar_sdk) StderrLine: {'line': b'      |                                         \x1b[01;35m\x1b[K~^\x1b[m\x1b[K                                        \x1b[32m\x1b[K~~~~~~~\x1b[m\x1b[K\n'}
[1.100627] (ydlidar_sdk) StderrLine: {'line': b'      |                                          \x1b[01;35m\x1b[K|\x1b[m\x1b[K                                        \x1b[32m\x1b[K|\x1b[m\x1b[K\n'}
[1.100727] (ydlidar_sdk) StderrLine: {'line': b'      |                                          \x1b[01;35m\x1b[Kunsigned int\x1b[m\x1b[K                             \x1b[32m\x1b[K_size_t {aka long unsigned int}\x1b[m\x1b[K\n'}
[1.100836] (ydlidar_sdk) StderrLine: {'line': b'      |                                         \x1b[32m\x1b[K%lX\x1b[m\x1b[K\n'}
[1.100935] (ydlidar_sdk) StderrLine: {'line': b'\x1b[01m\x1b[K/home/ryo/ros2_ws/src/YDLidar-SDK/./core/base/thread.h:147:74:\x1b[m\x1b[K \x1b[01;35m\x1b[Kwarning: \x1b[m\x1b[Kformat \xe2\x80\x98\x1b[01m\x1b[K%X\x1b[m\x1b[K\xe2\x80\x99 expects argument of type \xe2\x80\x98\x1b[01m\x1b[Kunsigned int\x1b[m\x1b[K\xe2\x80\x99, but argument 3 has type \xe2\x80\x98\x1b[01m\x1b[K_size_t\x1b[m\x1b[K\xe2\x80\x99 {aka \xe2\x80\x98\x1b[01m\x1b[Klong unsigned int\x1b[m\x1b[K\xe2\x80\x99} [\x1b[01;35m\x1b[K\x1b]8;;https://gcc.gnu.org/onlinedocs/gcc/Warning-Options.html#index-Wformat=\x07-Wformat=\x1b]8;;\x07\x1b[m\x1b[K]\n'}
[1.101069] (ydlidar_sdk) StderrLine: {'line': b'  147 |             fprintf(stderr, "[YDLIDAR] An error occurred while thread[0x\x1b[01;35m\x1b[K%X\x1b[m\x1b[K] cancelled!\\n", \x1b[32m\x1b[K_handle\x1b[m\x1b[K);\n'}
[1.101177] (ydlidar_sdk) StderrLine: {'line': b'      |                                                                         \x1b[01;35m\x1b[K~^\x1b[m\x1b[K                 \x1b[32m\x1b[K~~~~~~~\x1b[m\x1b[K\n'}
[1.101279] (ydlidar_sdk) StderrLine: {'line': b'      |                                                                          \x1b[01;35m\x1b[K|\x1b[m\x1b[K                 \x1b[32m\x1b[K|\x1b[m\x1b[K\n'}
[1.101385] (ydlidar_sdk) StderrLine: {'line': b'      |                                                                          \x1b[01;35m\x1b[Kunsigned int\x1b[m\x1b[K      \x1b[32m\x1b[K_size_t {aka long unsigned int}\x1b[m\x1b[K\n'}
[1.101487] (ydlidar_sdk) StderrLine: {'line': b'      |                                                                         \x1b[32m\x1b[K%lX\x1b[m\x1b[K\n'}
[1.101585] (ydlidar_sdk) StderrLine: {'line': b'\x1b[01m\x1b[K/home/ryo/ros2_ws/src/YDLidar-SDK/./core/base/thread.h:151:40:\x1b[m\x1b[K \x1b[01;35m\x1b[Kwarning: \x1b[m\x1b[Kformat \xe2\x80\x98\x1b[01m\x1b[K%X\x1b[m\x1b[K\xe2\x80\x99 expects argument of type \xe2\x80\x98\x1b[01m\x1b[Kunsigned int\x1b[m\x1b[K\xe2\x80\x99, but argument 2 has type \xe2\x80\x98\x1b[01m\x1b[K_size_t\x1b[m\x1b[K\xe2\x80\x99 {aka \xe2\x80\x98\x1b[01m\x1b[Klong unsigned int\x1b[m\x1b[K\xe2\x80\x99} [\x1b[01;35m\x1b[K\x1b]8;;https://gcc.gnu.org/onlinedocs/gcc/Warning-Options.html#index-Wformat=\x07-Wformat=\x1b]8;;\x07\x1b[m\x1b[K]\n'}
[1.101691] (ydlidar_sdk) StderrLine: {'line': b'  151 |           printf("[YDLIDAR] Thread [0x\x1b[01;35m\x1b[K%X\x1b[m\x1b[K] has been canceled\\n", \x1b[32m\x1b[K_handle\x1b[m\x1b[K);\n'}
[1.101789] (ydlidar_sdk) StderrLine: {'line': b'      |                                       \x1b[01;35m\x1b[K~^\x1b[m\x1b[K                        \x1b[32m\x1b[K~~~~~~~\x1b[m\x1b[K\n'}
[1.101884] (ydlidar_sdk) StderrLine: {'line': b'      |                                        \x1b[01;35m\x1b[K|\x1b[m\x1b[K                        \x1b[32m\x1b[K|\x1b[m\x1b[K\n'}
[1.101980] (ydlidar_sdk) StderrLine: {'line': b'      |                                        \x1b[01;35m\x1b[Kunsigned int\x1b[m\x1b[K             \x1b[32m\x1b[K_size_t {aka long unsigned int}\x1b[m\x1b[K\n'}
[1.102102] (ydlidar_sdk) StderrLine: {'line': b'      |                                       \x1b[32m\x1b[K%lX\x1b[m\x1b[K\n'}
[1.113058] (-) TimerEvent: {}
[1.213424] (-) TimerEvent: {}
[1.221955] (ydlidar_ros2_driver) StdoutLine: {'line': b'-- Performing Test CMAKE_HAVE_LIBC_PTHREAD - Success\n'}
[1.224118] (ydlidar_ros2_driver) StdoutLine: {'line': b'-- Found Threads: TRUE  \n'}
[1.243427] (ydlidar_sdk) StderrLine: {'line': b'In file included from \x1b[01m\x1b[K/home/ryo/ros2_ws/src/YDLidar-SDK/src/ETLidarDriver.h:51\x1b[m\x1b[K,\n'}
[1.243670] (ydlidar_sdk) StderrLine: {'line': b'                 from \x1b[01m\x1b[K/home/ryo/ros2_ws/src/YDLidar-SDK/src/ETLidarDriver.cpp:32\x1b[m\x1b[K:\n'}
[1.243794] (ydlidar_sdk) StderrLine: {'line': b'\x1b[01m\x1b[K/home/ryo/ros2_ws/src/YDLidar-SDK/./core/common/ydlidar_help.h:\x1b[m\x1b[K In function \xe2\x80\x98\x1b[01m\x1b[Kvoid ydlidar::core::common::debug(char*, ...)\x1b[m\x1b[K\xe2\x80\x99:\n'}
[1.243906] (ydlidar_sdk) StderrLine: {'line': b'\x1b[01m\x1b[K/home/ryo/ros2_ws/src/YDLidar-SDK/./core/common/ydlidar_help.h:1075:10:\x1b[m\x1b[K \x1b[01;35m\x1b[Kwarning: \x1b[m\x1b[Kformat not a string literal and no format arguments [\x1b[01;35m\x1b[K\x1b]8;;https://gcc.gnu.org/onlinedocs/gcc/Warning-Options.html#index-Wformat-security\x07-Wformat-security\x1b]8;;\x07\x1b[m\x1b[K]\n'}
[1.244036] (ydlidar_sdk) StderrLine: {'line': b' 1075 |   printf(\x1b[01;35m\x1b[Kbuff\x1b[m\x1b[K); \\\n'}
[1.244177] (ydlidar_sdk) StderrLine: {'line': b'      |          \x1b[01;35m\x1b[K^~~~\x1b[m\x1b[K\n'}
[1.244295] (ydlidar_sdk) StderrLine: {'line': b'\x1b[01m\x1b[K/home/ryo/ros2_ws/src/YDLidar-SDK/./core/common/ydlidar_help.h:1086:3:\x1b[m\x1b[K \x1b[01;36m\x1b[Knote: \x1b[m\x1b[Kin expansion of macro \xe2\x80\x98\x1b[01m\x1b[KFORMAT_STDOUT\x1b[m\x1b[K\xe2\x80\x99\n'}
[1.244405] (ydlidar_sdk) StderrLine: {'line': b' 1086 |   \x1b[01;36m\x1b[KFORMAT_STDOUT\x1b[m\x1b[K\n'}
[1.244511] (ydlidar_sdk) StderrLine: {'line': b'      |   \x1b[01;36m\x1b[K^~~~~~~~~~~~~\x1b[m\x1b[K\n'}
[1.244616] (ydlidar_sdk) StderrLine: {'line': b'In file included from \x1b[01m\x1b[K/home/ryo/ros2_ws/src/YDLidar-SDK/src/DTSLidarDriver.h:10\x1b[m\x1b[K,\n'}
[1.244723] (ydlidar_sdk) StderrLine: {'line': b'                 from \x1b[01m\x1b[K/home/ryo/ros2_ws/src/YDLidar-SDK/src/DTSLidarDriver.cpp:2\x1b[m\x1b[K:\n'}
[1.244829] (ydlidar_sdk) StderrLine: {'line': b'\x1b[01m\x1b[K/home/ryo/ros2_ws/src/YDLidar-SDK/./core/common/ydlidar_help.h:\x1b[m\x1b[K In function \xe2\x80\x98\x1b[01m\x1b[Kvoid ydlidar::core::common::debug(char*, ...)\x1b[m\x1b[K\xe2\x80\x99:\n'}
[1.244951] (ydlidar_sdk) StderrLine: {'line': b'\x1b[01m\x1b[K/home/ryo/ros2_ws/src/YDLidar-SDK/./core/common/ydlidar_help.h:1075:10:\x1b[m\x1b[K \x1b[01;35m\x1b[Kwarning: \x1b[m\x1b[Kformat not a string literal and no format arguments [\x1b[01;35m\x1b[K\x1b]8;;https://gcc.gnu.org/onlinedocs/gcc/Warning-Options.html#index-Wformat-security\x07-Wformat-security\x1b]8;;\x07\x1b[m\x1b[K]\n'}
[1.245086] (ydlidar_sdk) StderrLine: {'line': b' 1075 |   printf(\x1b[01;35m\x1b[Kbuff\x1b[m\x1b[K); \\\n'}
[1.245210] (ydlidar_sdk) StderrLine: {'line': b'      |          \x1b[01;35m\x1b[K^~~~\x1b[m\x1b[K\n'}
[1.245327] (ydlidar_sdk) StderrLine: {'line': b'\x1b[01m\x1b[K/home/ryo/ros2_ws/src/YDLidar-SDK/./core/common/ydlidar_help.h:1086:3:\x1b[m\x1b[K \x1b[01;36m\x1b[Knote: \x1b[m\x1b[Kin expansion of macro \xe2\x80\x98\x1b[01m\x1b[KFORMAT_STDOUT\x1b[m\x1b[K\xe2\x80\x99\n'}
[1.245437] (ydlidar_sdk) StderrLine: {'line': b' 1086 |   \x1b[01;36m\x1b[KFORMAT_STDOUT\x1b[m\x1b[K\n'}
[1.245542] (ydlidar_sdk) StderrLine: {'line': b'      |   \x1b[01;36m\x1b[K^~~~~~~~~~~~~\x1b[m\x1b[K\n'}
[1.245649] (ydlidar_sdk) StderrLine: {'line': b'\x1b[01m\x1b[K/home/ryo/ros2_ws/src/YDLidar-SDK/./core/common/ydlidar_help.h:\x1b[m\x1b[K In function \xe2\x80\x98\x1b[01m\x1b[Kvoid ydlidar::core::common::info(char*, ...)\x1b[m\x1b[K\xe2\x80\x99:\n'}
[1.245759] (ydlidar_sdk) StderrLine: {'line': b'\x1b[01m\x1b[K/home/ryo/ros2_ws/src/YDLidar-SDK/./core/common/ydlidar_help.h:1075:10:\x1b[m\x1b[K \x1b[01;35m\x1b[Kwarning: \x1b[m\x1b[Kformat not a string literal and no format arguments [\x1b[01;35m\x1b[K\x1b]8;;https://gcc.gnu.org/onlinedocs/gcc/Warning-Options.html#index-Wformat-security\x07-Wformat-security\x1b]8;;\x07\x1b[m\x1b[K]\n'}
[1.245873] (ydlidar_sdk) StderrLine: {'line': b' 1075 |   printf(\x1b[01;35m\x1b[Kbuff\x1b[m\x1b[K); \\\n'}
[1.245977] (ydlidar_sdk) StderrLine: {'line': b'      |          \x1b[01;35m\x1b[K^~~~\x1b[m\x1b[K\n'}
[1.250262] (ydlidar_sdk) StderrLine: {'line': b'\x1b[01m\x1b[K/home/ryo/ros2_ws/src/YDLidar-SDK/./core/common/ydlidar_help.h:1098:3:\x1b[m\x1b[K \x1b[01;36m\x1b[Knote: \x1b[m\x1b[Kin expansion of macro \xe2\x80\x98\x1b[01m\x1b[KFORMAT_STDOUT\x1b[m\x1b[K\xe2\x80\x99\n'}
[1.250380] (ydlidar_sdk) StderrLine: {'line': b' 1098 |   \x1b[01;36m\x1b[KFORMAT_STDOUT\x1b[m\x1b[K\n'}
[1.250474] (ydlidar_sdk) StderrLine: {'line': b'      |   \x1b[01;36m\x1b[K^~~~~~~~~~~~~\x1b[m\x1b[K\n'}
[1.250564] (ydlidar_sdk) StderrLine: {'line': b'\x1b[01m\x1b[K/home/ryo/ros2_ws/src/YDLidar-SDK/./core/common/ydlidar_help.h:\x1b[m\x1b[K In function \xe2\x80\x98\x1b[01m\x1b[Kvoid ydlidar::core::common::info(char*, ...)\x1b[m\x1b[K\xe2\x80\x99:\n'}
[1.250659] (ydlidar_sdk) StderrLine: {'line': b'\x1b[01m\x1b[K/home/ryo/ros2_ws/src/YDLidar-SDK/./core/common/ydlidar_help.h:1075:10:\x1b[m\x1b[K \x1b[01;35m\x1b[Kwarning: \x1b[m\x1b[Kformat not a string literal and no format arguments [\x1b[01;35m\x1b[K\x1b]8;;https://gcc.gnu.org/onlinedocs/gcc/Warning-Options.html#index-Wformat-security\x07-Wformat-security\x1b]8;;\x07\x1b[m\x1b[K]\n'}
[1.250780] (ydlidar_sdk) StderrLine: {'line': b' 1075 |   printf(\x1b[01;35m\x1b[Kbuff\x1b[m\x1b[K); \\\n'}
[1.250883] (ydlidar_sdk) StderrLine: {'line': b'      |          \x1b[01;35m\x1b[K^~~~\x1b[m\x1b[K\n'}
[1.251003] (ydlidar_sdk) StderrLine: {'line': b'\x1b[01m\x1b[K/home/ryo/ros2_ws/src/YDLidar-SDK/./core/common/ydlidar_help.h:1098:3:\x1b[m\x1b[K \x1b[01;36m\x1b[Knote: \x1b[m\x1b[Kin expansion of macro \xe2\x80\x98\x1b[01m\x1b[KFORMAT_STDOUT\x1b[m\x1b[K\xe2\x80\x99\n'}
[1.251151] (ydlidar_sdk) StderrLine: {'line': b' 1098 |   \x1b[01;36m\x1b[KFORMAT_STDOUT\x1b[m\x1b[K\n'}
[1.251255] (ydlidar_sdk) StderrLine: {'line': b'      |   \x1b[01;36m\x1b[K^~~~~~~~~~~~~\x1b[m\x1b[K\n'}
[1.251356] (ydlidar_sdk) StderrLine: {'line': b'\x1b[01m\x1b[K/home/ryo/ros2_ws/src/YDLidar-SDK/./core/common/ydlidar_help.h:\x1b[m\x1b[K In function \xe2\x80\x98\x1b[01m\x1b[Kvoid ydlidar::core::common::warn(char*, ...)\x1b[m\x1b[K\xe2\x80\x99:\n'}
[1.251458] (ydlidar_sdk) StderrLine: {'line': b'\x1b[01m\x1b[K/home/ryo/ros2_ws/src/YDLidar-SDK/./core/common/ydlidar_help.h:1075:10:\x1b[m\x1b[K \x1b[01;35m\x1b[Kwarning: \x1b[m\x1b[Kformat not a string literal and no format arguments [\x1b[01;35m\x1b[K\x1b]8;;https://gcc.gnu.org/onlinedocs/gcc/Warning-Options.html#index-Wformat-security\x07-Wformat-security\x1b]8;;\x07\x1b[m\x1b[K]\n'}
[1.251569] (ydlidar_sdk) StderrLine: {'line': b' 1075 |   printf(\x1b[01;35m\x1b[Kbuff\x1b[m\x1b[K); \\\n'}
[1.251673] (ydlidar_sdk) StderrLine: {'line': b'      |          \x1b[01;35m\x1b[K^~~~\x1b[m\x1b[K\n'}
[1.251775] (ydlidar_sdk) StderrLine: {'line': b'\x1b[01m\x1b[K/home/ryo/ros2_ws/src/YDLidar-SDK/./core/common/ydlidar_help.h:1110:3:\x1b[m\x1b[K \x1b[01;36m\x1b[Knote: \x1b[m\x1b[Kin expansion of macro \xe2\x80\x98\x1b[01m\x1b[KFORMAT_STDOUT\x1b[m\x1b[K\xe2\x80\x99\n'}
[1.251880] (ydlidar_sdk) StderrLine: {'line': b' 1110 |   \x1b[01;36m\x1b[KFORMAT_STDOUT\x1b[m\x1b[K\n'}
[1.251982] (ydlidar_sdk) StderrLine: {'line': b'      |   \x1b[01;36m\x1b[K^~~~~~~~~~~~~\x1b[m\x1b[K\n'}
[1.252102] (ydlidar_sdk) StderrLine: {'line': b'\x1b[01m\x1b[K/home/ryo/ros2_ws/src/YDLidar-SDK/./core/common/ydlidar_help.h:\x1b[m\x1b[K In function \xe2\x80\x98\x1b[01m\x1b[Kvoid ydlidar::core::common::warn(char*, ...)\x1b[m\x1b[K\xe2\x80\x99:\n'}
[1.252206] (ydlidar_sdk) StderrLine: {'line': b'\x1b[01m\x1b[K/home/ryo/ros2_ws/src/YDLidar-SDK/./core/common/ydlidar_help.h:1075:10:\x1b[m\x1b[K \x1b[01;35m\x1b[Kwarning: \x1b[m\x1b[Kformat not a string literal and no format arguments [\x1b[01;35m\x1b[K\x1b]8;;https://gcc.gnu.org/onlinedocs/gcc/Warning-Options.html#index-Wformat-security\x07-Wformat-security\x1b]8;;\x07\x1b[m\x1b[K]\n'}
[1.252316] (ydlidar_sdk) StderrLine: {'line': b' 1075 |   printf(\x1b[01;35m\x1b[Kbuff\x1b[m\x1b[K); \\\n'}
[1.252417] (ydlidar_sdk) StderrLine: {'line': b'      |          \x1b[01;35m\x1b[K^~~~\x1b[m\x1b[K\n'}
[1.252518] (ydlidar_sdk) StderrLine: {'line': b'\x1b[01m\x1b[K/home/ryo/ros2_ws/src/YDLidar-SDK/./core/common/ydlidar_help.h:1110:3:\x1b[m\x1b[K \x1b[01;36m\x1b[Knote: \x1b[m\x1b[Kin expansion of macro \xe2\x80\x98\x1b[01m\x1b[KFORMAT_STDOUT\x1b[m\x1b[K\xe2\x80\x99\n'}
[1.252623] (ydlidar_sdk) StderrLine: {'line': b' 1110 |   \x1b[01;36m\x1b[KFORMAT_STDOUT\x1b[m\x1b[K\n'}
[1.252725] (ydlidar_sdk) StderrLine: {'line': b'      |   \x1b[01;36m\x1b[K^~~~~~~~~~~~~\x1b[m\x1b[K\n'}
[1.252826] (ydlidar_sdk) StderrLine: {'line': b'\x1b[01m\x1b[K/home/ryo/ros2_ws/src/YDLidar-SDK/./core/common/ydlidar_help.h:\x1b[m\x1b[K In function \xe2\x80\x98\x1b[01m\x1b[Kvoid ydlidar::core::common::error(char*, ...)\x1b[m\x1b[K\xe2\x80\x99:\n'}
[1.252929] (ydlidar_sdk) StderrLine: {'line': b'\x1b[01m\x1b[K/home/ryo/ros2_ws/src/YDLidar-SDK/./core/common/ydlidar_help.h:1075:10:\x1b[m\x1b[K \x1b[01;35m\x1b[Kwarning: \x1b[m\x1b[Kformat not a string literal and no format arguments [\x1b[01;35m\x1b[K\x1b]8;;https://gcc.gnu.org/onlinedocs/gcc/Warning-Options.html#index-Wformat-security\x07-Wformat-security\x1b]8;;\x07\x1b[m\x1b[K]\n'}
[1.253073] (ydlidar_sdk) StderrLine: {'line': b' 1075 |   printf(\x1b[01;35m\x1b[Kbuff\x1b[m\x1b[K); \\\n'}
[1.253208] (ydlidar_sdk) StderrLine: {'line': b'      |          \x1b[01;35m\x1b[K^~~~\x1b[m\x1b[K\n'}
[1.253316] (ydlidar_sdk) StderrLine: {'line': b'\x1b[01m\x1b[K/home/ryo/ros2_ws/src/YDLidar-SDK/./core/common/ydlidar_help.h:1122:3:\x1b[m\x1b[K \x1b[01;36m\x1b[Knote: \x1b[m\x1b[Kin expansion of macro \xe2\x80\x98\x1b[01m\x1b[KFORMAT_STDOUT\x1b[m\x1b[K\xe2\x80\x99\n'}
[1.253424] (ydlidar_sdk) StderrLine: {'line': b' 1122 |   \x1b[01;36m\x1b[KFORMAT_STDOUT\x1b[m\x1b[K\n'}
[1.253528] (ydlidar_sdk) StderrLine: {'line': b'      |   \x1b[01;36m\x1b[K^~~~~~~~~~~~~\x1b[m\x1b[K\n'}
[1.253629] (ydlidar_sdk) StderrLine: {'line': b'\x1b[01m\x1b[K/home/ryo/ros2_ws/src/YDLidar-SDK/./core/common/ydlidar_help.h:\x1b[m\x1b[K In function \xe2\x80\x98\x1b[01m\x1b[Kvoid ydlidar::core::common::error(char*, ...)\x1b[m\x1b[K\xe2\x80\x99:\n'}
[1.253735] (ydlidar_sdk) StderrLine: {'line': b'\x1b[01m\x1b[K/home/ryo/ros2_ws/src/YDLidar-SDK/./core/common/ydlidar_help.h:1075:10:\x1b[m\x1b[K \x1b[01;35m\x1b[Kwarning: \x1b[m\x1b[Kformat not a string literal and no format arguments [\x1b[01;35m\x1b[K\x1b]8;;https://gcc.gnu.org/onlinedocs/gcc/Warning-Options.html#index-Wformat-security\x07-Wformat-security\x1b]8;;\x07\x1b[m\x1b[K]\n'}
[1.253846] (ydlidar_sdk) StderrLine: {'line': b' 1075 |   printf(\x1b[01;35m\x1b[Kbuff\x1b[m\x1b[K); \\\n'}
[1.253954] (ydlidar_sdk) StderrLine: {'line': b'      |          \x1b[01;35m\x1b[K^~~~\x1b[m\x1b[K\n'}
[1.254077] (ydlidar_sdk) StderrLine: {'line': b'\x1b[01m\x1b[K/home/ryo/ros2_ws/src/YDLidar-SDK/./core/common/ydlidar_help.h:1122:3:\x1b[m\x1b[K \x1b[01;36m\x1b[Knote: \x1b[m\x1b[Kin expansion of macro \xe2\x80\x98\x1b[01m\x1b[KFORMAT_STDOUT\x1b[m\x1b[K\xe2\x80\x99\n'}
[1.254191] (ydlidar_sdk) StderrLine: {'line': b' 1122 |   \x1b[01;36m\x1b[KFORMAT_STDOUT\x1b[m\x1b[K\n'}
[1.254297] (ydlidar_sdk) StderrLine: {'line': b'      |   \x1b[01;36m\x1b[K^~~~~~~~~~~~~\x1b[m\x1b[K\n'}
[1.258057] (ydlidar_sdk) StderrLine: {'line': b'In file included from \x1b[01m\x1b[K/home/ryo/ros2_ws/src/YDLidar-SDK/src/CYdLidar.cpp:33\x1b[m\x1b[K:\n'}
[1.258287] (ydlidar_sdk) StderrLine: {'line': b'\x1b[01m\x1b[K/home/ryo/ros2_ws/src/YDLidar-SDK/./core/common/ydlidar_help.h:\x1b[m\x1b[K In function \xe2\x80\x98\x1b[01m\x1b[Kvoid ydlidar::core::common::debug(char*, ...)\x1b[m\x1b[K\xe2\x80\x99:\n'}
[1.258409] (ydlidar_sdk) StderrLine: {'line': b'\x1b[01m\x1b[K/home/ryo/ros2_ws/src/YDLidar-SDK/./core/common/ydlidar_help.h:1075:10:\x1b[m\x1b[K \x1b[01;35m\x1b[Kwarning: \x1b[m\x1b[Kformat not a string literal and no format arguments [\x1b[01;35m\x1b[K\x1b]8;;https://gcc.gnu.org/onlinedocs/gcc/Warning-Options.html#index-Wformat-security\x07-Wformat-security\x1b]8;;\x07\x1b[m\x1b[K]\n'}
[1.258525] (ydlidar_sdk) StderrLine: {'line': b' 1075 |   printf(\x1b[01;35m\x1b[Kbuff\x1b[m\x1b[K); \\\n'}
[1.258631] (ydlidar_sdk) StderrLine: {'line': b'      |          \x1b[01;35m\x1b[K^~~~\x1b[m\x1b[K\n'}
[1.258736] (ydlidar_sdk) StderrLine: {'line': b'\x1b[01m\x1b[K/home/ryo/ros2_ws/src/YDLidar-SDK/./core/common/ydlidar_help.h:1086:3:\x1b[m\x1b[K \x1b[01;36m\x1b[Knote: \x1b[m\x1b[Kin expansion of macro \xe2\x80\x98\x1b[01m\x1b[KFORMAT_STDOUT\x1b[m\x1b[K\xe2\x80\x99\n'}
[1.258845] (ydlidar_sdk) StderrLine: {'line': b' 1086 |   \x1b[01;36m\x1b[KFORMAT_STDOUT\x1b[m\x1b[K\n'}
[1.258952] (ydlidar_sdk) StderrLine: {'line': b'      |   \x1b[01;36m\x1b[K^~~~~~~~~~~~~\x1b[m\x1b[K\n'}
[1.259076] (ydlidar_sdk) StderrLine: {'line': b'\x1b[01m\x1b[K/home/ryo/ros2_ws/src/YDLidar-SDK/./core/common/ydlidar_help.h:\x1b[m\x1b[K In function \xe2\x80\x98\x1b[01m\x1b[Kvoid ydlidar::core::common::info(char*, ...)\x1b[m\x1b[K\xe2\x80\x99:\n'}
[1.259188] (ydlidar_sdk) StderrLine: {'line': b'\x1b[01m\x1b[K/home/ryo/ros2_ws/src/YDLidar-SDK/./core/common/ydlidar_help.h:1075:10:\x1b[m\x1b[K \x1b[01;35m\x1b[Kwarning: \x1b[m\x1b[Kformat not a string literal and no format arguments [\x1b[01;35m\x1b[K\x1b]8;;https://gcc.gnu.org/onlinedocs/gcc/Warning-Options.html#index-Wformat-security\x07-Wformat-security\x1b]8;;\x07\x1b[m\x1b[K]\n'}
[1.259303] (ydlidar_sdk) StderrLine: {'line': b' 1075 |   printf(\x1b[01;35m\x1b[Kbuff\x1b[m\x1b[K); \\\n'}
[1.259395] (ydlidar_sdk) StderrLine: {'line': b'      |          \x1b[01;35m\x1b[K^~~~\x1b[m\x1b[K\n'}
[1.259485] (ydlidar_sdk) StderrLine: {'line': b'\x1b[01m\x1b[K/home/ryo/ros2_ws/src/YDLidar-SDK/./core/common/ydlidar_help.h:1098:3:\x1b[m\x1b[K \x1b[01;36m\x1b[Knote: \x1b[m\x1b[Kin expansion of macro \xe2\x80\x98\x1b[01m\x1b[KFORMAT_STDOUT\x1b[m\x1b[K\xe2\x80\x99\n'}
[1.259578] (ydlidar_sdk) StderrLine: {'line': b' 1098 |   \x1b[01;36m\x1b[KFORMAT_STDOUT\x1b[m\x1b[K\n'}
[1.259668] (ydlidar_sdk) StderrLine: {'line': b'      |   \x1b[01;36m\x1b[K^~~~~~~~~~~~~\x1b[m\x1b[K\n'}
[1.259756] (ydlidar_sdk) StderrLine: {'line': b'\x1b[01m\x1b[K/home/ryo/ros2_ws/src/YDLidar-SDK/./core/common/ydlidar_help.h:\x1b[m\x1b[K In function \xe2\x80\x98\x1b[01m\x1b[Kvoid ydlidar::core::common::warn(char*, ...)\x1b[m\x1b[K\xe2\x80\x99:\n'}
[1.259848] (ydlidar_sdk) StderrLine: {'line': b'\x1b[01m\x1b[K/home/ryo/ros2_ws/src/YDLidar-SDK/./core/common/ydlidar_help.h:1075:10:\x1b[m\x1b[K \x1b[01;35m\x1b[Kwarning: \x1b[m\x1b[Kformat not a string literal and no format arguments [\x1b[01;35m\x1b[K\x1b]8;;https://gcc.gnu.org/onlinedocs/gcc/Warning-Options.html#index-Wformat-security\x07-Wformat-security\x1b]8;;\x07\x1b[m\x1b[K]\n'}
[1.259953] (ydlidar_sdk) StderrLine: {'line': b' 1075 |   printf(\x1b[01;35m\x1b[Kbuff\x1b[m\x1b[K); \\\n'}
[1.260072] (ydlidar_sdk) StderrLine: {'line': b'      |          \x1b[01;35m\x1b[K^~~~\x1b[m\x1b[K\n'}
[1.260178] (ydlidar_sdk) StderrLine: {'line': b'\x1b[01m\x1b[K/home/ryo/ros2_ws/src/YDLidar-SDK/./core/common/ydlidar_help.h:1110:3:\x1b[m\x1b[K \x1b[01;36m\x1b[Knote: \x1b[m\x1b[Kin expansion of macro \xe2\x80\x98\x1b[01m\x1b[KFORMAT_STDOUT\x1b[m\x1b[K\xe2\x80\x99\n'}
[1.260284] (ydlidar_sdk) StderrLine: {'line': b' 1110 |   \x1b[01;36m\x1b[KFORMAT_STDOUT\x1b[m\x1b[K\n'}
[1.260384] (ydlidar_sdk) StderrLine: {'line': b'      |   \x1b[01;36m\x1b[K^~~~~~~~~~~~~\x1b[m\x1b[K\n'}
[1.260488] (ydlidar_sdk) StderrLine: {'line': b'\x1b[01m\x1b[K/home/ryo/ros2_ws/src/YDLidar-SDK/./core/common/ydlidar_help.h:\x1b[m\x1b[K In function \xe2\x80\x98\x1b[01m\x1b[Kvoid ydlidar::core::common::error(char*, ...)\x1b[m\x1b[K\xe2\x80\x99:\n'}
[1.260595] (ydlidar_sdk) StderrLine: {'line': b'\x1b[01m\x1b[K/home/ryo/ros2_ws/src/YDLidar-SDK/./core/common/ydlidar_help.h:1075:10:\x1b[m\x1b[K \x1b[01;35m\x1b[Kwarning: \x1b[m\x1b[Kformat not a string literal and no format arguments [\x1b[01;35m\x1b[K\x1b]8;;https://gcc.gnu.org/onlinedocs/gcc/Warning-Options.html#index-Wformat-security\x07-Wformat-security\x1b]8;;\x07\x1b[m\x1b[K]\n'}
[1.260729] (ydlidar_sdk) StderrLine: {'line': b' 1075 |   printf(\x1b[01;35m\x1b[Kbuff\x1b[m\x1b[K); \\\n'}
[1.260838] (ydlidar_sdk) StderrLine: {'line': b'      |          \x1b[01;35m\x1b[K^~~~\x1b[m\x1b[K\n'}
[1.260946] (ydlidar_sdk) StderrLine: {'line': b'\x1b[01m\x1b[K/home/ryo/ros2_ws/src/YDLidar-SDK/./core/common/ydlidar_help.h:1122:3:\x1b[m\x1b[K \x1b[01;36m\x1b[Knote: \x1b[m\x1b[Kin expansion of macro \xe2\x80\x98\x1b[01m\x1b[KFORMAT_STDOUT\x1b[m\x1b[K\xe2\x80\x99\n'}
[1.261080] (ydlidar_sdk) StderrLine: {'line': b' 1122 |   \x1b[01;36m\x1b[KFORMAT_STDOUT\x1b[m\x1b[K\n'}
[1.261189] (ydlidar_sdk) StderrLine: {'line': b'      |   \x1b[01;36m\x1b[K^~~~~~~~~~~~~\x1b[m\x1b[K\n'}
[1.261293] (ydlidar_sdk) StderrLine: {'line': b'\x1b[01m\x1b[K/home/ryo/ros2_ws/src/YDLidar-SDK/src/DTSLidarDriver.cpp:\x1b[m\x1b[K In member function \xe2\x80\x98\x1b[01m\x1b[Kresult_t ydlidar::DTSLidarDriver::createThread()\x1b[m\x1b[K\xe2\x80\x99:\n'}
[1.261401] (ydlidar_sdk) StderrLine: {'line': b'\x1b[01m\x1b[K/home/ryo/ros2_ws/src/YDLidar-SDK/src/DTSLidarDriver.cpp:303:45:\x1b[m\x1b[K \x1b[01;35m\x1b[Kwarning: \x1b[m\x1b[Kformat \xe2\x80\x98\x1b[01m\x1b[K%X\x1b[m\x1b[K\xe2\x80\x99 expects argument of type \xe2\x80\x98\x1b[01m\x1b[Kunsigned int\x1b[m\x1b[K\xe2\x80\x99, but argument 2 has type \xe2\x80\x98\x1b[01m\x1b[K_size_t\x1b[m\x1b[K\xe2\x80\x99 {aka \xe2\x80\x98\x1b[01m\x1b[Klong unsigned int\x1b[m\x1b[K\xe2\x80\x99} [\x1b[01;35m\x1b[K\x1b]8;;https://gcc.gnu.org/onlinedocs/gcc/Warning-Options.html#index-Wformat=\x07-Wformat=\x1b]8;;\x07\x1b[m\x1b[K]\n'}
[1.261525] (ydlidar_sdk) StderrLine: {'line': b'  303 |     printf("[YDLIDAR] Create DTS thread [0x\x1b[01;35m\x1b[K%X\x1b[m\x1b[K]\\n", \x1b[32m\x1b[K_thread.getHandle()\x1b[m\x1b[K);\n'}
[1.261635] (ydlidar_sdk) StderrLine: {'line': b'      |                                            \x1b[01;35m\x1b[K~^\x1b[m\x1b[K      \x1b[32m\x1b[K~~~~~~~~~~~~~~~~~~~\x1b[m\x1b[K\n'}
[1.261741] (ydlidar_sdk) StderrLine: {'line': b'      |                                             \x1b[01;35m\x1b[K|\x1b[m\x1b[K                       \x1b[32m\x1b[K|\x1b[m\x1b[K\n'}
[1.261847] (ydlidar_sdk) StderrLine: {'line': b'      |                                             \x1b[01;35m\x1b[Kunsigned int\x1b[m\x1b[K            \x1b[32m\x1b[K_size_t {aka long unsigned int}\x1b[m\x1b[K\n'}
[1.261957] (ydlidar_sdk) StderrLine: {'line': b'      |                                            \x1b[32m\x1b[K%lX\x1b[m\x1b[K\n'}
[1.293254] (ydlidar_sdk) StderrLine: {'line': b'\x1b[01m\x1b[K/home/ryo/ros2_ws/src/YDLidar-SDK/src/CYdLidar.cpp:\x1b[m\x1b[K In member function \xe2\x80\x98\x1b[01m\x1b[Kbool CYdLidar::turnOn()\x1b[m\x1b[K\xe2\x80\x99:\n'}
[1.293489] (ydlidar_sdk) StderrLine: {'line': b'\x1b[01m\x1b[K/home/ryo/ros2_ws/src/YDLidar-SDK/src/CYdLidar.cpp:542:8:\x1b[m\x1b[K \x1b[01;35m\x1b[Kwarning: \x1b[m\x1b[KISO C++ forbids converting a string constant to \xe2\x80\x98\x1b[01m\x1b[Kchar*\x1b[m\x1b[K\xe2\x80\x99 [\x1b[01;35m\x1b[K\x1b]8;;https://gcc.gnu.org/onlinedocs/gcc/Warning-Options.html#index-Wwrite-strings\x07-Wwrite-strings\x1b]8;;\x07\x1b[m\x1b[K]\n'}
[1.293620] (ydlidar_sdk) StderrLine: {'line': b'  542 |   info(\x1b[01;35m\x1b[K"[YDLIDAR] Now lidar is scanning..."\x1b[m\x1b[K);\n'}
[1.293733] (ydlidar_sdk) StderrLine: {'line': b'      |        \x1b[01;35m\x1b[K^~~~~~~~~~~~~~~~~~~~~~~~~~~~~~~~~~~~\x1b[m\x1b[K\n'}
[1.313538] (-) TimerEvent: {}
[1.315635] (ydlidar_sdk) StderrLine: {'line': b'In file included from \x1b[01m\x1b[K/home/ryo/ros2_ws/src/YDLidar-SDK/src/GSLidarDriver.h:58\x1b[m\x1b[K,\n'}
[1.315980] (ydlidar_sdk) StderrLine: {'line': b'                 from \x1b[01m\x1b[K/home/ryo/ros2_ws/src/YDLidar-SDK/src/GSLidarDriver.cpp:36\x1b[m\x1b[K:\n'}
[1.316238] (ydlidar_sdk) StderrLine: {'line': b'\x1b[01m\x1b[K/home/ryo/ros2_ws/src/YDLidar-SDK/./core/base/thread.h:\x1b[m\x1b[K In member function \xe2\x80\x98\x1b[01m\x1b[Kint ydlidar::core::base::Thread::join(long unsigned int)\x1b[m\x1b[K\xe2\x80\x99:\n'}
[1.316355] (ydlidar_sdk) StderrLine: {'line': b'\x1b[01m\x1b[K/home/ryo/ros2_ws/src/YDLidar-SDK/./core/base/thread.h:136:46:\x1b[m\x1b[K \x1b[01;35m\x1b[Kwarning: \x1b[m\x1b[Kformat \xe2\x80\x98\x1b[01m\x1b[K%X\x1b[m\x1b[K\xe2\x80\x99 expects argument of type \xe2\x80\x98\x1b[01m\x1b[Kunsigned int\x1b[m\x1b[K\xe2\x80\x99, but argument 2 has type \xe2\x80\x98\x1b[01m\x1b[K_size_t\x1b[m\x1b[K\xe2\x80\x99 {aka \xe2\x80\x98\x1b[01m\x1b[Klong unsigned int\x1b[m\x1b[K\xe2\x80\x99} [\x1b[01;35m\x1b[K\x1b]8;;https://gcc.gnu.org/onlinedocs/gcc/Warning-Options.html#index-Wformat=\x07-Wformat=\x1b]8;;\x07\x1b[m\x1b[K]\n'}
[1.316470] (ydlidar_sdk) StderrLine: {'line': b'  136 |           printf("[YDLIDAR DEBUG] Thread [0x\x1b[01;35m\x1b[K%X\x1b[m\x1b[K] ready to cancel[%d]\\n", \x1b[32m\x1b[K_handle\x1b[m\x1b[K, s);\n'}
[1.316581] (ydlidar_sdk) StderrLine: {'line': b'      |                                             \x1b[01;35m\x1b[K~^\x1b[m\x1b[K                          \x1b[32m\x1b[K~~~~~~~\x1b[m\x1b[K\n'}
[1.316689] (ydlidar_sdk) StderrLine: {'line': b'      |                                              \x1b[01;35m\x1b[K|\x1b[m\x1b[K                          \x1b[32m\x1b[K|\x1b[m\x1b[K\n'}
[1.316798] (ydlidar_sdk) StderrLine: {'line': b'      |                                              \x1b[01;35m\x1b[Kunsigned int\x1b[m\x1b[K               \x1b[32m\x1b[K_size_t {aka long unsigned int}\x1b[m\x1b[K\n'}
[1.316905] (ydlidar_sdk) StderrLine: {'line': b'      |                                             \x1b[32m\x1b[K%lX\x1b[m\x1b[K\n'}
[1.317033] (ydlidar_sdk) StderrLine: {'line': b'\x1b[01m\x1b[K/home/ryo/ros2_ws/src/YDLidar-SDK/./core/base/thread.h:138:46:\x1b[m\x1b[K \x1b[01;35m\x1b[Kwarning: \x1b[m\x1b[Kformat \xe2\x80\x98\x1b[01m\x1b[K%X\x1b[m\x1b[K\xe2\x80\x99 expects argument of type \xe2\x80\x98\x1b[01m\x1b[Kunsigned int\x1b[m\x1b[K\xe2\x80\x99, but argument 2 has type \xe2\x80\x98\x1b[01m\x1b[K_size_t\x1b[m\x1b[K\xe2\x80\x99 {aka \xe2\x80\x98\x1b[01m\x1b[Klong unsigned int\x1b[m\x1b[K\xe2\x80\x99} [\x1b[01;35m\x1b[K\x1b]8;;https://gcc.gnu.org/onlinedocs/gcc/Warning-Options.html#index-Wformat=\x07-Wformat=\x1b]8;;\x07\x1b[m\x1b[K]\n'}
[1.317166] (ydlidar_sdk) StderrLine: {'line': b'  138 |           printf("[YDLIDAR DEBUG] Thread [0x\x1b[01;35m\x1b[K%X\x1b[m\x1b[K] ready to cancel[%d] time[%u]\\n",\n'}
[1.317275] (ydlidar_sdk) StderrLine: {'line': b'      |                                             \x1b[01;35m\x1b[K~^\x1b[m\x1b[K\n'}
[1.317382] (ydlidar_sdk) StderrLine: {'line': b'      |                                              \x1b[01;35m\x1b[K|\x1b[m\x1b[K\n'}
[1.317486] (ydlidar_sdk) StderrLine: {'line': b'      |                                              \x1b[01;35m\x1b[Kunsigned int\x1b[m\x1b[K\n'}
[1.317594] (ydlidar_sdk) StderrLine: {'line': b'      |                                             \x1b[32m\x1b[K%lX\x1b[m\x1b[K\n'}
[1.317709] (ydlidar_sdk) StderrLine: {'line': b'  139 |             \x1b[32m\x1b[K_handle\x1b[m\x1b[K, s, getms() - t);\n'}
[1.317812] (ydlidar_sdk) StderrLine: {'line': b'      |             \x1b[32m\x1b[K~~~~~~~\x1b[m\x1b[K                           \n'}
[1.317917] (ydlidar_sdk) StderrLine: {'line': b'      |             \x1b[32m\x1b[K|\x1b[m\x1b[K\n'}
[1.318032] (ydlidar_sdk) StderrLine: {'line': b'      |             \x1b[32m\x1b[K_size_t {aka long unsigned int}\x1b[m\x1b[K\n'}
[1.318148] (ydlidar_sdk) StderrLine: {'line': b'\x1b[01m\x1b[K/home/ryo/ros2_ws/src/YDLidar-SDK/./core/base/thread.h:142:42:\x1b[m\x1b[K \x1b[01;35m\x1b[Kwarning: \x1b[m\x1b[Kformat \xe2\x80\x98\x1b[01m\x1b[K%X\x1b[m\x1b[K\xe2\x80\x99 expects argument of type \xe2\x80\x98\x1b[01m\x1b[Kunsigned int\x1b[m\x1b[K\xe2\x80\x99, but argument 2 has type \xe2\x80\x98\x1b[01m\x1b[K_size_t\x1b[m\x1b[K\xe2\x80\x99 {aka \xe2\x80\x98\x1b[01m\x1b[Klong unsigned int\x1b[m\x1b[K\xe2\x80\x99} [\x1b[01;35m\x1b[K\x1b]8;;https://gcc.gnu.org/onlinedocs/gcc/Warning-Options.html#index-Wformat=\x07-Wformat=\x1b]8;;\x07\x1b[m\x1b[K]\n'}
[1.318264] (ydlidar_sdk) StderrLine: {'line': b'  142 |             printf("[YDLIDAR] Thread [0x\x1b[01;35m\x1b[K%X\x1b[m\x1b[K] has been canceled in other thread\\n", \x1b[32m\x1b[K_handle\x1b[m\x1b[K);\n'}
[1.318374] (ydlidar_sdk) StderrLine: {'line': b'      |                                         \x1b[01;35m\x1b[K~^\x1b[m\x1b[K                                        \x1b[32m\x1b[K~~~~~~~\x1b[m\x1b[K\n'}
[1.318481] (ydlidar_sdk) StderrLine: {'line': b'      |                                          \x1b[01;35m\x1b[K|\x1b[m\x1b[K                                        \x1b[32m\x1b[K|\x1b[m\x1b[K\n'}
[1.318587] (ydlidar_sdk) StderrLine: {'line': b'      |                                          \x1b[01;35m\x1b[Kunsigned int\x1b[m\x1b[K                             \x1b[32m\x1b[K_size_t {aka long unsigned int}\x1b[m\x1b[K\n'}
[1.318697] (ydlidar_sdk) StderrLine: {'line': b'      |                                         \x1b[32m\x1b[K%lX\x1b[m\x1b[K\n'}
[1.318803] (ydlidar_sdk) StderrLine: {'line': b'\x1b[01m\x1b[K/home/ryo/ros2_ws/src/YDLidar-SDK/./core/base/thread.h:147:74:\x1b[m\x1b[K \x1b[01;35m\x1b[Kwarning: \x1b[m\x1b[Kformat \xe2\x80\x98\x1b[01m\x1b[K%X\x1b[m\x1b[K\xe2\x80\x99 expects argument of type \xe2\x80\x98\x1b[01m\x1b[Kunsigned int\x1b[m\x1b[K\xe2\x80\x99, but argument 3 has type \xe2\x80\x98\x1b[01m\x1b[K_size_t\x1b[m\x1b[K\xe2\x80\x99 {aka \xe2\x80\x98\x1b[01m\x1b[Klong unsigned int\x1b[m\x1b[K\xe2\x80\x99} [\x1b[01;35m\x1b[K\x1b]8;;https://gcc.gnu.org/onlinedocs/gcc/Warning-Options.html#index-Wformat=\x07-Wformat=\x1b]8;;\x07\x1b[m\x1b[K]\n'}
[1.318926] (ydlidar_sdk) StderrLine: {'line': b'  147 |             fprintf(stderr, "[YDLIDAR] An error occurred while thread[0x\x1b[01;35m\x1b[K%X\x1b[m\x1b[K] cancelled!\\n", \x1b[32m\x1b[K_handle\x1b[m\x1b[K);\n'}
[1.319050] (ydlidar_sdk) StderrLine: {'line': b'      |                                                                         \x1b[01;35m\x1b[K~^\x1b[m\x1b[K                 \x1b[32m\x1b[K~~~~~~~\x1b[m\x1b[K\n'}
[1.319162] (ydlidar_sdk) StderrLine: {'line': b'      |                                                                          \x1b[01;35m\x1b[K|\x1b[m\x1b[K                 \x1b[32m\x1b[K|\x1b[m\x1b[K\n'}
[1.319270] (ydlidar_sdk) StderrLine: {'line': b'      |                                                                          \x1b[01;35m\x1b[Kunsigned int\x1b[m\x1b[K      \x1b[32m\x1b[K_size_t {aka long unsigned int}\x1b[m\x1b[K\n'}
[1.319376] (ydlidar_sdk) StderrLine: {'line': b'      |                                                                         \x1b[32m\x1b[K%lX\x1b[m\x1b[K\n'}
[1.319481] (ydlidar_sdk) StderrLine: {'line': b'\x1b[01m\x1b[K/home/ryo/ros2_ws/src/YDLidar-SDK/./core/base/thread.h:151:40:\x1b[m\x1b[K \x1b[01;35m\x1b[Kwarning: \x1b[m\x1b[Kformat \xe2\x80\x98\x1b[01m\x1b[K%X\x1b[m\x1b[K\xe2\x80\x99 expects argument of type \xe2\x80\x98\x1b[01m\x1b[Kunsigned int\x1b[m\x1b[K\xe2\x80\x99, but argument 2 has type \xe2\x80\x98\x1b[01m\x1b[K_size_t\x1b[m\x1b[K\xe2\x80\x99 {aka \xe2\x80\x98\x1b[01m\x1b[Klong unsigned int\x1b[m\x1b[K\xe2\x80\x99} [\x1b[01;35m\x1b[K\x1b]8;;https://gcc.gnu.org/onlinedocs/gcc/Warning-Options.html#index-Wformat=\x07-Wformat=\x1b]8;;\x07\x1b[m\x1b[K]\n'}
[1.319594] (ydlidar_sdk) StderrLine: {'line': b'  151 |           printf("[YDLIDAR] Thread [0x\x1b[01;35m\x1b[K%X\x1b[m\x1b[K] has been canceled\\n", \x1b[32m\x1b[K_handle\x1b[m\x1b[K);\n'}
[1.319701] (ydlidar_sdk) StderrLine: {'line': b'      |                                       \x1b[01;35m\x1b[K~^\x1b[m\x1b[K                        \x1b[32m\x1b[K~~~~~~~\x1b[m\x1b[K\n'}
[1.319809] (ydlidar_sdk) StderrLine: {'line': b'      |                                        \x1b[01;35m\x1b[K|\x1b[m\x1b[K                        \x1b[32m\x1b[K|\x1b[m\x1b[K\n'}
[1.319918] (ydlidar_sdk) StderrLine: {'line': b'      |                                        \x1b[01;35m\x1b[Kunsigned int\x1b[m\x1b[K             \x1b[32m\x1b[K_size_t {aka long unsigned int}\x1b[m\x1b[K\n'}
[1.320035] (ydlidar_sdk) StderrLine: {'line': b'      |                                       \x1b[32m\x1b[K%lX\x1b[m\x1b[K\n'}
[1.333568] (ydlidar_ros2_driver) StdoutLine: {'line': b'-- Found sensor_msgs: 4.2.4 (/opt/ros/humble/share/sensor_msgs/cmake)\n'}
[1.345157] (ydlidar_sdk) StderrLine: {'line': b'In file included from \x1b[01m\x1b[K/home/ryo/ros2_ws/src/YDLidar-SDK/./core/common/DriverInterface.h:5\x1b[m\x1b[K,\n'}
[1.345391] (ydlidar_sdk) StderrLine: {'line': b'                 from \x1b[01m\x1b[K/home/ryo/ros2_ws/src/YDLidar-SDK/src/CYdLidar.h:48\x1b[m\x1b[K,\n'}
[1.345510] (ydlidar_sdk) StderrLine: {'line': b'                 from \x1b[01m\x1b[K/home/ryo/ros2_ws/src/YDLidar-SDK/src/ydlidar_sdk.cpp:27\x1b[m\x1b[K:\n'}
[1.345619] (ydlidar_sdk) StderrLine: {'line': b'\x1b[01m\x1b[K/home/ryo/ros2_ws/src/YDLidar-SDK/./core/base/thread.h:\x1b[m\x1b[K In member function \xe2\x80\x98\x1b[01m\x1b[Kint ydlidar::core::base::Thread::join(long unsigned int)\x1b[m\x1b[K\xe2\x80\x99:\n'}
[1.345727] (ydlidar_sdk) StderrLine: {'line': b'\x1b[01m\x1b[K/home/ryo/ros2_ws/src/YDLidar-SDK/./core/base/thread.h:136:46:\x1b[m\x1b[K \x1b[01;35m\x1b[Kwarning: \x1b[m\x1b[Kformat \xe2\x80\x98\x1b[01m\x1b[K%X\x1b[m\x1b[K\xe2\x80\x99 expects argument of type \xe2\x80\x98\x1b[01m\x1b[Kunsigned int\x1b[m\x1b[K\xe2\x80\x99, but argument 2 has type \xe2\x80\x98\x1b[01m\x1b[K_size_t\x1b[m\x1b[K\xe2\x80\x99 {aka \xe2\x80\x98\x1b[01m\x1b[Klong unsigned int\x1b[m\x1b[K\xe2\x80\x99} [\x1b[01;35m\x1b[K\x1b]8;;https://gcc.gnu.org/onlinedocs/gcc/Warning-Options.html#index-Wformat=\x07-Wformat=\x1b]8;;\x07\x1b[m\x1b[K]\n'}
[1.345857] (ydlidar_sdk) StderrLine: {'line': b'  136 |           printf("[YDLIDAR DEBUG] Thread [0x\x1b[01;35m\x1b[K%X\x1b[m\x1b[K] ready to cancel[%d]\\n", \x1b[32m\x1b[K_handle\x1b[m\x1b[K, s);\n'}
[1.345974] (ydlidar_sdk) StderrLine: {'line': b'      |                                             \x1b[01;35m\x1b[K~^\x1b[m\x1b[K                          \x1b[32m\x1b[K~~~~~~~\x1b[m\x1b[K\n'}
[1.346093] (ydlidar_sdk) StderrLine: {'line': b'      |                                              \x1b[01;35m\x1b[K|\x1b[m\x1b[K                          \x1b[32m\x1b[K|\x1b[m\x1b[K\n'}
[1.346201] (ydlidar_sdk) StderrLine: {'line': b'      |                                              \x1b[01;35m\x1b[Kunsigned int\x1b[m\x1b[K               \x1b[32m\x1b[K_size_t {aka long unsigned int}\x1b[m\x1b[K\n'}
[1.346309] (ydlidar_sdk) StderrLine: {'line': b'      |                                             \x1b[32m\x1b[K%lX\x1b[m\x1b[K\n'}
[1.346603] (ydlidar_sdk) StderrLine: {'line': b'\x1b[01m\x1b[K/home/ryo/ros2_ws/src/YDLidar-SDK/./core/base/thread.h:138:46:\x1b[m\x1b[K \x1b[01;35m\x1b[Kwarning: \x1b[m\x1b[Kformat \xe2\x80\x98\x1b[01m\x1b[K%X\x1b[m\x1b[K\xe2\x80\x99 expects argument of type \xe2\x80\x98\x1b[01m\x1b[Kunsigned int\x1b[m\x1b[K\xe2\x80\x99, but argument 2 has type \xe2\x80\x98\x1b[01m\x1b[K_size_t\x1b[m\x1b[K\xe2\x80\x99 {aka \xe2\x80\x98\x1b[01m\x1b[Klong unsigned int\x1b[m\x1b[K\xe2\x80\x99} [\x1b[01;35m\x1b[K\x1b]8;;https://gcc.gnu.org/onlinedocs/gcc/Warning-Options.html#index-Wformat=\x07-Wformat=\x1b]8;;\x07\x1b[m\x1b[K]\n'}
[1.346736] (ydlidar_sdk) StderrLine: {'line': b'  138 |           printf("[YDLIDAR DEBUG] Thread [0x\x1b[01;35m\x1b[K%X\x1b[m\x1b[K] ready to cancel[%d] time[%u]\\n",\n'}
[1.346845] (ydlidar_sdk) StderrLine: {'line': b'      |                                             \x1b[01;35m\x1b[K~^\x1b[m\x1b[K\n'}
[1.346951] (ydlidar_sdk) StderrLine: {'line': b'      |                                              \x1b[01;35m\x1b[K|\x1b[m\x1b[K\n'}
[1.347072] (ydlidar_sdk) StderrLine: {'line': b'      |                                              \x1b[01;35m\x1b[Kunsigned int\x1b[m\x1b[K\n'}
[1.347179] (ydlidar_sdk) StderrLine: {'line': b'      |                                             \x1b[32m\x1b[K%lX\x1b[m\x1b[K\n'}
[1.347284] (ydlidar_sdk) StderrLine: {'line': b'  139 |             \x1b[32m\x1b[K_handle\x1b[m\x1b[K, s, getms() - t);\n'}
[1.347386] (ydlidar_sdk) StderrLine: {'line': b'      |             \x1b[32m\x1b[K~~~~~~~\x1b[m\x1b[K                           \n'}
[1.347490] (ydlidar_sdk) StderrLine: {'line': b'      |             \x1b[32m\x1b[K|\x1b[m\x1b[K\n'}
[1.347597] (ydlidar_sdk) StderrLine: {'line': b'      |             \x1b[32m\x1b[K_size_t {aka long unsigned int}\x1b[m\x1b[K\n'}
[1.347703] (ydlidar_sdk) StderrLine: {'line': b'\x1b[01m\x1b[K/home/ryo/ros2_ws/src/YDLidar-SDK/./core/base/thread.h:142:42:\x1b[m\x1b[K \x1b[01;35m\x1b[Kwarning: \x1b[m\x1b[Kformat \xe2\x80\x98\x1b[01m\x1b[K%X\x1b[m\x1b[K\xe2\x80\x99 expects argument of type \xe2\x80\x98\x1b[01m\x1b[Kunsigned int\x1b[m\x1b[K\xe2\x80\x99, but argument 2 has type \xe2\x80\x98\x1b[01m\x1b[K_size_t\x1b[m\x1b[K\xe2\x80\x99 {aka \xe2\x80\x98\x1b[01m\x1b[Klong unsigned int\x1b[m\x1b[K\xe2\x80\x99} [\x1b[01;35m\x1b[K\x1b]8;;https://gcc.gnu.org/onlinedocs/gcc/Warning-Options.html#index-Wformat=\x07-Wformat=\x1b]8;;\x07\x1b[m\x1b[K]\n'}
[1.347817] (ydlidar_sdk) StderrLine: {'line': b'  142 |             printf("[YDLIDAR] Thread [0x\x1b[01;35m\x1b[K%X\x1b[m\x1b[K] has been canceled in other thread\\n", \x1b[32m\x1b[K_handle\x1b[m\x1b[K);\n'}
[1.347927] (ydlidar_sdk) StderrLine: {'line': b'      |                                         \x1b[01;35m\x1b[K~^\x1b[m\x1b[K                                        \x1b[32m\x1b[K~~~~~~~\x1b[m\x1b[K\n'}
[1.348051] (ydlidar_sdk) StderrLine: {'line': b'      |                                          \x1b[01;35m\x1b[K|\x1b[m\x1b[K                                        \x1b[32m\x1b[K|\x1b[m\x1b[K\n'}
[1.348164] (ydlidar_sdk) StderrLine: {'line': b'      |                                          \x1b[01;35m\x1b[Kunsigned int\x1b[m\x1b[K                             \x1b[32m\x1b[K_size_t {aka long unsigned int}\x1b[m\x1b[K\n'}
[1.348283] (ydlidar_sdk) StderrLine: {'line': b'      |                                         \x1b[32m\x1b[K%lX\x1b[m\x1b[K\n'}
[1.348389] (ydlidar_sdk) StderrLine: {'line': b'\x1b[01m\x1b[K/home/ryo/ros2_ws/src/YDLidar-SDK/./core/base/thread.h:147:74:\x1b[m\x1b[K \x1b[01;35m\x1b[Kwarning: \x1b[m\x1b[Kformat \xe2\x80\x98\x1b[01m\x1b[K%X\x1b[m\x1b[K\xe2\x80\x99 expects argument of type \xe2\x80\x98\x1b[01m\x1b[Kunsigned int\x1b[m\x1b[K\xe2\x80\x99, but argument 3 has type \xe2\x80\x98\x1b[01m\x1b[K_size_t\x1b[m\x1b[K\xe2\x80\x99 {aka \xe2\x80\x98\x1b[01m\x1b[Klong unsigned int\x1b[m\x1b[K\xe2\x80\x99} [\x1b[01;35m\x1b[K\x1b]8;;https://gcc.gnu.org/onlinedocs/gcc/Warning-Options.html#index-Wformat=\x07-Wformat=\x1b]8;;\x07\x1b[m\x1b[K]\n'}
[1.348503] (ydlidar_sdk) StderrLine: {'line': b'  147 |             fprintf(stderr, "[YDLIDAR] An error occurred while thread[0x\x1b[01;35m\x1b[K%X\x1b[m\x1b[K] cancelled!\\n", \x1b[32m\x1b[K_handle\x1b[m\x1b[K);\n'}
[1.348609] (ydlidar_sdk) StderrLine: {'line': b'      |                                                                         \x1b[01;35m\x1b[K~^\x1b[m\x1b[K                 \x1b[32m\x1b[K~~~~~~~\x1b[m\x1b[K\n'}
[1.348720] (ydlidar_sdk) StderrLine: {'line': b'      |                                                                          \x1b[01;35m\x1b[K|\x1b[m\x1b[K                 \x1b[32m\x1b[K|\x1b[m\x1b[K\n'}
[1.348826] (ydlidar_sdk) StderrLine: {'line': b'      |                                                                          \x1b[01;35m\x1b[Kunsigned int\x1b[m\x1b[K      \x1b[32m\x1b[K_size_t {aka long unsigned int}\x1b[m\x1b[K\n'}
[1.348930] (ydlidar_sdk) StderrLine: {'line': b'      |                                                                         \x1b[32m\x1b[K%lX\x1b[m\x1b[K\n'}
[1.349047] (ydlidar_sdk) StderrLine: {'line': b'\x1b[01m\x1b[K/home/ryo/ros2_ws/src/YDLidar-SDK/./core/base/thread.h:151:40:\x1b[m\x1b[K \x1b[01;35m\x1b[Kwarning: \x1b[m\x1b[Kformat \xe2\x80\x98\x1b[01m\x1b[K%X\x1b[m\x1b[K\xe2\x80\x99 expects argument of type \xe2\x80\x98\x1b[01m\x1b[Kunsigned int\x1b[m\x1b[K\xe2\x80\x99, but argument 2 has type \xe2\x80\x98\x1b[01m\x1b[K_size_t\x1b[m\x1b[K\xe2\x80\x99 {aka \xe2\x80\x98\x1b[01m\x1b[Klong unsigned int\x1b[m\x1b[K\xe2\x80\x99} [\x1b[01;35m\x1b[K\x1b]8;;https://gcc.gnu.org/onlinedocs/gcc/Warning-Options.html#index-Wformat=\x07-Wformat=\x1b]8;;\x07\x1b[m\x1b[K]\n'}
[1.349168] (ydlidar_sdk) StderrLine: {'line': b'  151 |           printf("[YDLIDAR] Thread [0x\x1b[01;35m\x1b[K%X\x1b[m\x1b[K] has been canceled\\n", \x1b[32m\x1b[K_handle\x1b[m\x1b[K);\n'}
[1.349286] (ydlidar_sdk) StderrLine: {'line': b'      |                                       \x1b[01;35m\x1b[K~^\x1b[m\x1b[K                        \x1b[32m\x1b[K~~~~~~~\x1b[m\x1b[K\n'}
[1.349393] (ydlidar_sdk) StderrLine: {'line': b'      |                                        \x1b[01;35m\x1b[K|\x1b[m\x1b[K                        \x1b[32m\x1b[K|\x1b[m\x1b[K\n'}
[1.349499] (ydlidar_sdk) StderrLine: {'line': b'      |                                        \x1b[01;35m\x1b[Kunsigned int\x1b[m\x1b[K             \x1b[32m\x1b[K_size_t {aka long unsigned int}\x1b[m\x1b[K\n'}
[1.349607] (ydlidar_sdk) StderrLine: {'line': b'      |                                       \x1b[32m\x1b[K%lX\x1b[m\x1b[K\n'}
[1.350363] (ydlidar_sdk) StderrLine: {'line': b'In file included from \x1b[01m\x1b[K/home/ryo/ros2_ws/src/YDLidar-SDK/src/SDMLidarDriver.h:57\x1b[m\x1b[K,\n'}
[1.350507] (ydlidar_sdk) StderrLine: {'line': b'                 from \x1b[01m\x1b[K/home/ryo/ros2_ws/src/YDLidar-SDK/src/SDMLidarDriver.cpp:35\x1b[m\x1b[K:\n'}
[1.350620] (ydlidar_sdk) StderrLine: {'line': b'\x1b[01m\x1b[K/home/ryo/ros2_ws/src/YDLidar-SDK/./core/base/thread.h:\x1b[m\x1b[K In member function \xe2\x80\x98\x1b[01m\x1b[Kint ydlidar::core::base::Thread::join(long unsigned int)\x1b[m\x1b[K\xe2\x80\x99:\n'}
[1.350731] (ydlidar_sdk) StderrLine: {'line': b'\x1b[01m\x1b[K/home/ryo/ros2_ws/src/YDLidar-SDK/./core/base/thread.h:136:46:\x1b[m\x1b[K \x1b[01;35m\x1b[Kwarning: \x1b[m\x1b[Kformat \xe2\x80\x98\x1b[01m\x1b[K%X\x1b[m\x1b[K\xe2\x80\x99 expects argument of type \xe2\x80\x98\x1b[01m\x1b[Kunsigned int\x1b[m\x1b[K\xe2\x80\x99, but argument 2 has type \xe2\x80\x98\x1b[01m\x1b[K_size_t\x1b[m\x1b[K\xe2\x80\x99 {aka \xe2\x80\x98\x1b[01m\x1b[Klong unsigned int\x1b[m\x1b[K\xe2\x80\x99} [\x1b[01;35m\x1b[K\x1b]8;;https://gcc.gnu.org/onlinedocs/gcc/Warning-Options.html#index-Wformat=\x07-Wformat=\x1b]8;;\x07\x1b[m\x1b[K]\n'}
[1.350857] (ydlidar_sdk) StderrLine: {'line': b'  136 |           printf("[YDLIDAR DEBUG] Thread [0x\x1b[01;35m\x1b[K%X\x1b[m\x1b[K] ready to cancel[%d]\\n", \x1b[32m\x1b[K_handle\x1b[m\x1b[K, s);\n'}
[1.350964] (ydlidar_sdk) StderrLine: {'line': b'      |                                             \x1b[01;35m\x1b[K~^\x1b[m\x1b[K                          \x1b[32m\x1b[K~~~~~~~\x1b[m\x1b[K\n'}
[1.351087] (ydlidar_sdk) StderrLine: {'line': b'      |                                              \x1b[01;35m\x1b[K|\x1b[m\x1b[K                          \x1b[32m\x1b[K|\x1b[m\x1b[K\n'}
[1.351197] (ydlidar_sdk) StderrLine: {'line': b'      |                                              \x1b[01;35m\x1b[Kunsigned int\x1b[m\x1b[K               \x1b[32m\x1b[K_size_t {aka long unsigned int}\x1b[m\x1b[K\n'}
[1.351303] (ydlidar_sdk) StderrLine: {'line': b'      |                                             \x1b[32m\x1b[K%lX\x1b[m\x1b[K\n'}
[1.351606] (ydlidar_sdk) StderrLine: {'line': b'\x1b[01m\x1b[K/home/ryo/ros2_ws/src/YDLidar-SDK/./core/base/thread.h:138:46:\x1b[m\x1b[K \x1b[01;35m\x1b[Kwarning: \x1b[m\x1b[Kformat \xe2\x80\x98\x1b[01m\x1b[K%X\x1b[m\x1b[K\xe2\x80\x99 expects argument of type \xe2\x80\x98\x1b[01m\x1b[Kunsigned int\x1b[m\x1b[K\xe2\x80\x99, but argument 2 has type \xe2\x80\x98\x1b[01m\x1b[K_size_t\x1b[m\x1b[K\xe2\x80\x99 {aka \xe2\x80\x98\x1b[01m\x1b[Klong unsigned int\x1b[m\x1b[K\xe2\x80\x99} [\x1b[01;35m\x1b[K\x1b]8;;https://gcc.gnu.org/onlinedocs/gcc/Warning-Options.html#index-Wformat=\x07-Wformat=\x1b]8;;\x07\x1b[m\x1b[K]\n'}
[1.351738] (ydlidar_sdk) StderrLine: {'line': b'  138 |           printf("[YDLIDAR DEBUG] Thread [0x\x1b[01;35m\x1b[K%X\x1b[m\x1b[K] ready to cancel[%d] time[%u]\\n",\n'}
[1.351847] (ydlidar_sdk) StderrLine: {'line': b'      |                                             \x1b[01;35m\x1b[K~^\x1b[m\x1b[K\n'}
[1.351950] (ydlidar_sdk) StderrLine: {'line': b'      |                                              \x1b[01;35m\x1b[K|\x1b[m\x1b[K\n'}
[1.352074] (ydlidar_sdk) StderrLine: {'line': b'      |                                              \x1b[01;35m\x1b[Kunsigned int\x1b[m\x1b[K\n'}
[1.352184] (ydlidar_sdk) StderrLine: {'line': b'      |                                             \x1b[32m\x1b[K%lX\x1b[m\x1b[K\n'}
[1.352289] (ydlidar_sdk) StderrLine: {'line': b'  139 |             \x1b[32m\x1b[K_handle\x1b[m\x1b[K, s, getms() - t);\n'}
[1.352395] (ydlidar_sdk) StderrLine: {'line': b'      |             \x1b[32m\x1b[K~~~~~~~\x1b[m\x1b[K                           \n'}
[1.352501] (ydlidar_sdk) StderrLine: {'line': b'      |             \x1b[32m\x1b[K|\x1b[m\x1b[K\n'}
[1.352607] (ydlidar_sdk) StderrLine: {'line': b'      |             \x1b[32m\x1b[K_size_t {aka long unsigned int}\x1b[m\x1b[K\n'}
[1.352713] (ydlidar_sdk) StderrLine: {'line': b'\x1b[01m\x1b[K/home/ryo/ros2_ws/src/YDLidar-SDK/./core/base/thread.h:142:42:\x1b[m\x1b[K \x1b[01;35m\x1b[Kwarning: \x1b[m\x1b[Kformat \xe2\x80\x98\x1b[01m\x1b[K%X\x1b[m\x1b[K\xe2\x80\x99 expects argument of type \xe2\x80\x98\x1b[01m\x1b[Kunsigned int\x1b[m\x1b[K\xe2\x80\x99, but argument 2 has type \xe2\x80\x98\x1b[01m\x1b[K_size_t\x1b[m\x1b[K\xe2\x80\x99 {aka \xe2\x80\x98\x1b[01m\x1b[Klong unsigned int\x1b[m\x1b[K\xe2\x80\x99} [\x1b[01;35m\x1b[K\x1b]8;;https://gcc.gnu.org/onlinedocs/gcc/Warning-Options.html#index-Wformat=\x07-Wformat=\x1b]8;;\x07\x1b[m\x1b[K]\n'}
[1.352840] (ydlidar_sdk) StderrLine: {'line': b'  142 |             printf("[YDLIDAR] Thread [0x\x1b[01;35m\x1b[K%X\x1b[m\x1b[K] has been canceled in other thread\\n", \x1b[32m\x1b[K_handle\x1b[m\x1b[K);\n'}
[1.352951] (ydlidar_sdk) StderrLine: {'line': b'      |                                         \x1b[01;35m\x1b[K~^\x1b[m\x1b[K                                        \x1b[32m\x1b[K~~~~~~~\x1b[m\x1b[K\n'}
[1.353080] (ydlidar_sdk) StderrLine: {'line': b'      |                                          \x1b[01;35m\x1b[K|\x1b[m\x1b[K                                        \x1b[32m\x1b[K|\x1b[m\x1b[K\n'}
[1.353192] (ydlidar_sdk) StderrLine: {'line': b'      |                                          \x1b[01;35m\x1b[Kunsigned int\x1b[m\x1b[K                             \x1b[32m\x1b[K_size_t {aka long unsigned int}\x1b[m\x1b[K\n'}
[1.353300] (ydlidar_sdk) StderrLine: {'line': b'      |                                         \x1b[32m\x1b[K%lX\x1b[m\x1b[K\n'}
[1.353403] (ydlidar_sdk) StderrLine: {'line': b'\x1b[01m\x1b[K/home/ryo/ros2_ws/src/YDLidar-SDK/./core/base/thread.h:147:74:\x1b[m\x1b[K \x1b[01;35m\x1b[Kwarning: \x1b[m\x1b[Kformat \xe2\x80\x98\x1b[01m\x1b[K%X\x1b[m\x1b[K\xe2\x80\x99 expects argument of type \xe2\x80\x98\x1b[01m\x1b[Kunsigned int\x1b[m\x1b[K\xe2\x80\x99, but argument 3 has type \xe2\x80\x98\x1b[01m\x1b[K_size_t\x1b[m\x1b[K\xe2\x80\x99 {aka \xe2\x80\x98\x1b[01m\x1b[Klong unsigned int\x1b[m\x1b[K\xe2\x80\x99} [\x1b[01;35m\x1b[K\x1b]8;;https://gcc.gnu.org/onlinedocs/gcc/Warning-Options.html#index-Wformat=\x07-Wformat=\x1b]8;;\x07\x1b[m\x1b[K]\n'}
[1.353532] (ydlidar_sdk) StderrLine: {'line': b'  147 | printf(stderr, "[YDLIDAR] An error occurred while thread[0x\x1b[01;35m\x1b[K%X\x1b[m\x1b[K] cancelled!\\n", \x1b[32m\x1b[K_handle\x1b[m\x1b[K);\n'}
[1.353639] (ydlidar_sdk) StderrLine: {'line': b'      |                                                            \x1b[01;35m\x1b[K~^\x1b[m\x1b[K                 \x1b[32m\x1b[K~~~~~~~\x1b[m\x1b[K\n'}
[1.353744] (ydlidar_sdk) StderrLine: {'line': b'      |                                                             \x1b[01;35m\x1b[K|\x1b[m\x1b[K                 \x1b[32m\x1b[K|\x1b[m\x1b[K\n'}
[1.353847] (ydlidar_sdk) StderrLine: {'line': b'      |                                                             \x1b[01;35m\x1b[Kunsigned int\x1b[m\x1b[K      \x1b[32m\x1b[K_size_t {aka long unsigned int}\x1b[m\x1b[K\n'}
[1.353955] (ydlidar_sdk) StderrLine: {'line': b'      |                                                            \x1b[32m\x1b[K%lX\x1b[m\x1b[K\n'}
[1.354075] (ydlidar_sdk) StderrLine: {'line': b'\x1b[01m\x1b[K/home/ryo/ros2_ws/src/YDLidar-SDK/./core/base/thread.h:151:40:\x1b[m\x1b[K \x1b[01;35m\x1b[Kwarning: \x1b[m\x1b[Kformat \xe2\x80\x98\x1b[01m\x1b[K%X\x1b[m\x1b[K\xe2\x80\x99 expects argument of type \xe2\x80\x98\x1b[01m\x1b[Kunsigned int\x1b[m\x1b[K\xe2\x80\x99, but argument 2 has type \xe2\x80\x98\x1b[01m\x1b[K_size_t\x1b[m\x1b[K\xe2\x80\x99 {aka \xe2\x80\x98\x1b[01m\x1b[Klong unsigned int\x1b[m\x1b[K\xe2\x80\x99} [\x1b[01;35m\x1b[K\x1b]8;;https://gcc.gnu.org/onlinedocs/gcc/Warning-Options.html#index-Wformat=\x07-Wformat=\x1b]8;;\x07\x1b[m\x1b[K]\n'}
[1.354190] (ydlidar_sdk) StderrLine: {'line': b'  151 |           printf("[YDLIDAR] Thread [0x\x1b[01;35m\x1b[K%X\x1b[m\x1b[K] has been canceled\\n", \x1b[32m\x1b[K_handle\x1b[m\x1b[K);\n'}
[1.354298] (ydlidar_sdk) StderrLine: {'line': b'      |                                       \x1b[01;35m\x1b[K~^\x1b[m\x1b[K                        \x1b[32m\x1b[K~~~~~~~\x1b[m\x1b[K\n'}
[1.354403] (ydlidar_sdk) StderrLine: {'line': b'      |                                        \x1b[01;35m\x1b[K|\x1b[m\x1b[K                        \x1b[32m\x1b[K|\x1b[m\x1b[K\n'}
[1.354507] (ydlidar_sdk) StderrLine: {'line': b'      |                                        \x1b[01;35m\x1b[Kunsigned int\x1b[m\x1b[K             \x1b[32m\x1b[K_size_t {aka long unsigned int}\x1b[m\x1b[K\n'}
[1.354615] (ydlidar_sdk) StderrLine: {'line': b'      |                                       \x1b[32m\x1b[K%lX\x1b[m\x1b[K\n'}
[1.394219] (ydlidar_ros2_driver) StdoutLine: {'line': b'-- Found visualization_msgs: 4.2.4 (/opt/ros/humble/share/visualization_msgs/cmake)\n'}
[1.413665] (-) TimerEvent: {}
[1.431493] (ydlidar_sdk) StdoutLine: {'line': b'[ 38%] Built target ydlidar_swig_compilation\n'}
[1.433192] (ydlidar_ros2_driver) StdoutLine: {'line': b'-- Found std_srvs: 4.2.4 (/opt/ros/humble/share/std_srvs/cmake)\n'}
[1.451297] (ydlidar_sdk) StderrLine: {'line': b'In file included from \x1b[01m\x1b[K/home/ryo/ros2_ws/src/YDLidar-SDK/src/GSLidarDriver.h:60\x1b[m\x1b[K,\n'}
[1.451516] (ydlidar_sdk) StderrLine: {'line': b'                 from \x1b[01m\x1b[K/home/ryo/ros2_ws/src/YDLidar-SDK/src/GSLidarDriver.cpp:36\x1b[m\x1b[K:\n'}
[1.451627] (ydlidar_sdk) StderrLine: {'line': b'\x1b[01m\x1b[K/home/ryo/ros2_ws/src/YDLidar-SDK/./core/common/ydlidar_help.h:\x1b[m\x1b[K In function \xe2\x80\x98\x1b[01m\x1b[Kvoid ydlidar::core::common::debug(char*, ...)\x1b[m\x1b[K\xe2\x80\x99:\n'}
[1.451734] (ydlidar_sdk) StderrLine: {'line': b'\x1b[01m\x1b[K/home/ryo/ros2_ws/src/YDLidar-SDK/./core/common/ydlidar_help.h:1075:10:\x1b[m\x1b[K \x1b[01;35m\x1b[Kwarning: \x1b[m\x1b[Kformat not a string literal and no format arguments [\x1b[01;35m\x1b[K\x1b]8;;https://gcc.gnu.org/onlinedocs/gcc/Warning-Options.html#index-Wformat-security\x07-Wformat-security\x1b]8;;\x07\x1b[m\x1b[K]\n'}
[1.451839] (ydlidar_sdk) StderrLine: {'line': b' 1075 |   printf(\x1b[01;35m\x1b[Kbuff\x1b[m\x1b[K); \\\n'}
[1.451935] (ydlidar_sdk) StderrLine: {'line': b'      |          \x1b[01;35m\x1b[K^~~~\x1b[m\x1b[K\n'}
[1.452053] (ydlidar_sdk) StderrLine: {'line': b'\x1b[01m\x1b[K/home/ryo/ros2_ws/src/YDLidar-SDK/./core/common/ydlidar_help.h:1086:3:\x1b[m\x1b[K \x1b[01;36m\x1b[Knote: \x1b[m\x1b[Kin expansion of macro \xe2\x80\x98\x1b[01m\x1b[KFORMAT_STDOUT\x1b[m\x1b[K\xe2\x80\x99\n'}
[1.452166] (ydlidar_sdk) StderrLine: {'line': b' 1086 |   \x1b[01;36m\x1b[KFORMAT_STDOUT\x1b[m\x1b[K\n'}
[1.452423] (ydlidar_sdk) StderrLine: {'line': b'      |   \x1b[01;36m\x1b[K^~~~~~~~~~~~~\x1b[m\x1b[K\n'}
[1.452539] (ydlidar_sdk) StderrLine: {'line': b'\x1b[01m\x1b[K/home/ryo/ros2_ws/src/YDLidar-SDK/./core/common/ydlidar_help.h:\x1b[m\x1b[K In function \xe2\x80\x98\x1b[01m\x1b[Kvoid ydlidar::core::common::info(char*, ...)\x1b[m\x1b[K\xe2\x80\x99:\n'}
[1.452643] (ydlidar_sdk) StderrLine: {'line': b'\x1b[01m\x1b[K/home/ryo/ros2_ws/src/YDLidar-SDK/./core/common/ydlidar_help.h:1075:10:\x1b[m\x1b[K \x1b[01;35m\x1b[Kwarning: \x1b[m\x1b[Kformat not a string literal and no format arguments [\x1b[01;35m\x1b[K\x1b]8;;https://gcc.gnu.org/onlinedocs/gcc/Warning-Options.html#index-Wformat-security\x07-Wformat-security\x1b]8;;\x07\x1b[m\x1b[K]\n'}
[1.452749] (ydlidar_sdk) StderrLine: {'line': b' 1075 |   printf(\x1b[01;35m\x1b[Kbuff\x1b[m\x1b[K); \\\n'}
[1.452844] (ydlidar_sdk) StderrLine: {'line': b'      |          \x1b[01;35m\x1b[K^~~~\x1b[m\x1b[K\n'}
[1.452942] (ydlidar_sdk) StderrLine: {'line': b'\x1b[01m\x1b[K/home/ryo/ros2_ws/src/YDLidar-SDK/./core/common/ydlidar_help.h:1098:3:\x1b[m\x1b[K \x1b[01;36m\x1b[Knote: \x1b[m\x1b[Kin expansion of macro \xe2\x80\x98\x1b[01m\x1b[KFORMAT_STDOUT\x1b[m\x1b[K\xe2\x80\x99\n'}
[1.453076] (ydlidar_sdk) StderrLine: {'line': b' 1098 |   \x1b[01;36m\x1b[KFORMAT_STDOUT\x1b[m\x1b[K\n'}
[1.453176] (ydlidar_sdk) StderrLine: {'line': b'      |   \x1b[01;36m\x1b[K^~~~~~~~~~~~~\x1b[m\x1b[K\n'}
[1.453272] (ydlidar_sdk) StderrLine: {'line': b'\x1b[01m\x1b[K/home/ryo/ros2_ws/src/YDLidar-SDK/./core/common/ydlidar_help.h:\x1b[m\x1b[K In function \xe2\x80\x98\x1b[01m\x1b[Kvoid ydlidar::core::common::warn(char*, ...)\x1b[m\x1b[K\xe2\x80\x99:\n'}
[1.453373] (ydlidar_sdk) StderrLine: {'line': b'\x1b[01m\x1b[K/home/ryo/ros2_ws/src/YDLidar-SDK/./core/common/ydlidar_help.h:1075:10:\x1b[m\x1b[K \x1b[01;35m\x1b[Kwarning: \x1b[m\x1b[Kformat not a string literal and no format arguments [\x1b[01;35m\x1b[K\x1b]8;;https://gcc.gnu.org/onlinedocs/gcc/Warning-Options.html#index-Wformat-security\x07-Wformat-security\x1b]8;;\x07\x1b[m\x1b[K]\n'}
[1.453474] (ydlidar_sdk) StderrLine: {'line': b' 1075 |   printf(\x1b[01;35m\x1b[Kbuff\x1b[m\x1b[K); \\\n'}
[1.453571] (ydlidar_sdk) StderrLine: {'line': b'      |          \x1b[01;35m\x1b[K^~~~\x1b[m\x1b[K\n'}
[1.453669] (ydlidar_sdk) StderrLine: {'line': b'\x1b[01m\x1b[K/home/ryo/ros2_ws/src/YDLidar-SDK/./core/common/ydlidar_help.h:1110:3:\x1b[m\x1b[K \x1b[01;36m\x1b[Knote: \x1b[m\x1b[Kin expansion of macro \xe2\x80\x98\x1b[01m\x1b[KFORMAT_STDOUT\x1b[m\x1b[K\xe2\x80\x99\n'}
[1.453790] (ydlidar_sdk) StderrLine: {'line': b' 1110 |   \x1b[01;36m\x1b[KFORMAT_STDOUT\x1b[m\x1b[K\n'}
[1.453887] (ydlidar_sdk) StderrLine: {'line': b'      |   \x1b[01;36m\x1b[K^~~~~~~~~~~~~\x1b[m\x1b[K\n'}
[1.453995] (ydlidar_sdk) StderrLine: {'line': b'\x1b[01m\x1b[K/home/ryo/ros2_ws/src/YDLidar-SDK/./core/common/ydlidar_help.h:\x1b[m\x1b[K In function \xe2\x80\x98\x1b[01m\x1b[Kvoid ydlidar::core::common::error(char*, ...)\x1b[m\x1b[K\xe2\x80\x99:\n'}
[1.454107] (ydlidar_sdk) StderrLine: {'line': b'\x1b[01m\x1b[K/home/ryo/ros2_ws/src/YDLidar-SDK/./core/common/ydlidar_help.h:1075:10:\x1b[m\x1b[K \x1b[01;35m\x1b[Kwarning: \x1b[m\x1b[Kformat not a string literal and no format arguments [\x1b[01;35m\x1b[K\x1b]8;;https://gcc.gnu.org/onlinedocs/gcc/Warning-Options.html#index-Wformat-security\x07-Wformat-security\x1b]8;;\x07\x1b[m\x1b[K]\n'}
[1.454212] (ydlidar_sdk) StderrLine: {'line': b' 1075 |   printf(\x1b[01;35m\x1b[Kbuff\x1b[m\x1b[K); \\\n'}
[1.454310] (ydlidar_sdk) StderrLine: {'line': b'      |          \x1b[01;35m\x1b[K^~~~\x1b[m\x1b[K\n'}
[1.454405] (ydlidar_sdk) StderrLine: {'line': b'\x1b[01m\x1b[K/home/ryo/ros2_ws/src/YDLidar-SDK/./core/common/ydlidar_help.h:1122:3:\x1b[m\x1b[K \x1b[01;36m\x1b[Knote: \x1b[m\x1b[Kin expansion of macro \xe2\x80\x98\x1b[01m\x1b[KFORMAT_STDOUT\x1b[m\x1b[K\xe2\x80\x99\n'}
[1.454505] (ydlidar_sdk) StderrLine: {'line': b' 1122 |   \x1b[01;36m\x1b[KFORMAT_STDOUT\x1b[m\x1b[K\n'}
[1.454586] (ydlidar_sdk) StderrLine: {'line': b'      |   \x1b[01;36m\x1b[K^~~~~~~~~~~~~\x1b[m\x1b[K\n'}
[1.462356] (ydlidar_ros2_driver) StdoutLine: {'line': b'-- Found ament_lint_auto: 0.12.11 (/opt/ros/humble/share/ament_lint_auto/cmake)\n'}
[1.483754] (ydlidar_sdk) StderrLine: {'line': b'\x1b[01m\x1b[K/home/ryo/ros2_ws/src/YDLidar-SDK/src/GSLidarDriver.cpp:\x1b[m\x1b[K In member function \xe2\x80\x98\x1b[01m\x1b[Kresult_t ydlidar::GSLidarDriver::waitPackage(node_info*, uint32_t)\x1b[m\x1b[K\xe2\x80\x99:\n'}
[1.483965] (ydlidar_sdk) StderrLine: {'line': b'\x1b[01m\x1b[K/home/ryo/ros2_ws/src/YDLidar-SDK/src/GSLidarDriver.cpp:808:39:\x1b[m\x1b[K \x1b[01;35m\x1b[Kwarning: \x1b[m\x1b[KISO C++ forbids converting a string constant to \xe2\x80\x98\x1b[01m\x1b[Kchar*\x1b[m\x1b[K\xe2\x80\x99 [\x1b[01;35m\x1b[K\x1b]8;;https://gcc.gnu.org/onlinedocs/gcc/Warning-Options.html#index-Wwrite-strings\x07-Wwrite-strings\x1b]8;;\x07\x1b[m\x1b[K]\n'}
[1.484097] (ydlidar_sdk) StderrLine: {'line': b'  808 |                                 error(\x1b[01;35m\x1b[K"GS cs 0x%02X != 0x%02X"\x1b[m\x1b[K, CheckSumCal, CheckSum);\n'}
[1.484203] (ydlidar_sdk) StderrLine: {'line': b'      |                                       \x1b[01;35m\x1b[K^~~~~~~~~~~~~~~~~~~~~~~~\x1b[m\x1b[K\n'}
[1.484847] (ydlidar_sdk) StderrLine: {'line': b'\x1b[01m\x1b[K/home/ryo/ros2_ws/src/YDLidar-SDK/src/GSLidarDriver.cpp:894:35:\x1b[m\x1b[K \x1b[01;35m\x1b[Kwarning: \x1b[m\x1b[Ktaking address of packed member of \xe2\x80\x98\x1b[01m\x1b[Knode_info\x1b[m\x1b[K\xe2\x80\x99 may result in an unaligned pointer value [\x1b[01;35m\x1b[K\x1b]8;;https://gcc.gnu.org/onlinedocs/gcc/Warning-Options.html#index-Waddress-of-packed-member\x07-Waddress-of-packed-member\x1b]8;;\x07\x1b[m\x1b[K]\n'}
[1.485119] (ydlidar_sdk) StderrLine: {'line': b'  894 |                     &sampleAngle, \x1b[01;35m\x1b[K&(*node).dist\x1b[m\x1b[K);\n'}
[1.485245] (ydlidar_sdk) StderrLine: {'line': b'      |                                   \x1b[01;35m\x1b[K^~~~~~~~~~~~~\x1b[m\x1b[K\n'}
[1.485356] (ydlidar_sdk) StderrLine: {'line': b'\x1b[01m\x1b[K/home/ryo/ros2_ws/src/YDLidar-SDK/src/GSLidarDriver.cpp:897:35:\x1b[m\x1b[K \x1b[01;35m\x1b[Kwarning: \x1b[m\x1b[Ktaking address of packed member of \xe2\x80\x98\x1b[01m\x1b[Knode_info\x1b[m\x1b[K\xe2\x80\x99 may result in an unaligned pointer value [\x1b[01;35m\x1b[K\x1b]8;;https://gcc.gnu.org/onlinedocs/gcc/Warning-Options.html#index-Waddress-of-packed-member\x07-Waddress-of-packed-member\x1b]8;;\x07\x1b[m\x1b[K]\n'}
[1.485488] (ydlidar_sdk) StderrLine: {'line': b'  897 |                     &sampleAngle, \x1b[01;35m\x1b[K&(*node).dist\x1b[m\x1b[K);\n'}
[1.485599] (ydlidar_sdk) StderrLine: {'line': b'      |                                   \x1b[01;35m\x1b[K^~~~~~~~~~~~~\x1b[m\x1b[K\n'}
[1.485707] (ydlidar_sdk) StderrLine: {'line': b'\x1b[01m\x1b[K/home/ryo/ros2_ws/src/YDLidar-SDK/src/GSLidarDriver.cpp:900:35:\x1b[m\x1b[K \x1b[01;35m\x1b[Kwarning: \x1b[m\x1b[Ktaking address of packed member of \xe2\x80\x98\x1b[01m\x1b[Knode_info\x1b[m\x1b[K\xe2\x80\x99 may result in an unaligned pointer value [\x1b[01;35m\x1b[K\x1b]8;;https://gcc.gnu.org/onlinedocs/gcc/Warning-Options.html#index-Waddress-of-packed-member\x07-Waddress-of-packed-member\x1b]8;;\x07\x1b[m\x1b[K]\n'}
[1.485822] (ydlidar_sdk) StderrLine: {'line': b'  900 |                     &sampleAngle, \x1b[01;35m\x1b[K&(*node).dist\x1b[m\x1b[K);\n'}
[1.485930] (ydlidar_sdk) StderrLine: {'line': b'      |                                   \x1b[01;35m\x1b[K^~~~~~~~~~~~~\x1b[m\x1b[K\n'}
[1.493441] (ydlidar_sdk) StderrLine: {'line': b'\x1b[01m\x1b[K/home/ryo/ros2_ws/src/YDLidar-SDK/src/GSLidarDriver.cpp:\x1b[m\x1b[K In member function \xe2\x80\x98\x1b[01m\x1b[Kresult_t ydlidar::GSLidarDriver::createThread()\x1b[m\x1b[K\xe2\x80\x99:\n'}
[1.493661] (ydlidar_sdk) StderrLine: {'line': b'\x1b[01m\x1b[K/home/ryo/ros2_ws/src/YDLidar-SDK/src/GSLidarDriver.cpp:1476:43:\x1b[m\x1b[K \x1b[01;35m\x1b[Kwarning: \x1b[m\x1b[Kformat \xe2\x80\x98\x1b[01m\x1b[K%X\x1b[m\x1b[K\xe2\x80\x99 expects argument of type \xe2\x80\x98\x1b[01m\x1b[Kunsigned int\x1b[m\x1b[K\xe2\x80\x99, but argument 2 has type \xe2\x80\x98\x1b[01m\x1b[Kstd::thread::id\x1b[m\x1b[K\xe2\x80\x99 [\x1b[01;35m\x1b[K\x1b]8;;https://gcc.gnu.org/onlinedocs/gcc/Warning-Options.html#index-Wformat=\x07-Wformat=\x1b]8;;\x07\x1b[m\x1b[K]\n'}
[1.493796] (ydlidar_sdk) StderrLine: {'line': b' 1476 |     printf("[GSLidar] Create GS thread 0x\x1b[01;35m\x1b[K%X\x1b[m\x1b[K\\n", \x1b[32m\x1b[Km_thread->get_id()\x1b[m\x1b[K);\n'}
[1.493908] (ydlidar_sdk) StderrLine: {'line': b'      |                                          \x1b[01;35m\x1b[K~^\x1b[m\x1b[K     \x1b[32m\x1b[K~~~~~~~~~~~~~~~~~~\x1b[m\x1b[K\n'}
[1.494031] (ydlidar_sdk) StderrLine: {'line': b'      |                                           \x1b[01;35m\x1b[K|\x1b[m\x1b[K                     \x1b[32m\x1b[K|\x1b[m\x1b[K\n'}
[1.494149] (ydlidar_sdk) StderrLine: {'line': b'      |                                           \x1b[01;35m\x1b[Kunsigned int\x1b[m\x1b[K          \x1b[32m\x1b[Kstd::thread::id\x1b[m\x1b[K\n'}
[1.494404] (ydlidar_sdk) StderrLine: {'line': b'In file included from \x1b[01m\x1b[K/home/ryo/ros2_ws/src/YDLidar-SDK/src/SDMLidarDriver.h:59\x1b[m\x1b[K,\n'}
[1.494535] (ydlidar_sdk) StderrLine: {'line': b'                 from \x1b[01m\x1b[K/home/ryo/ros2_ws/src/YDLidar-SDK/src/SDMLidarDriver.cpp:35\x1b[m\x1b[K:\n'}
[1.494645] (ydlidar_sdk) StderrLine: {'line': b'\x1b[01m\x1b[K/home/ryo/ros2_ws/src/YDLidar-SDK/./core/common/ydlidar_help.h:\x1b[m\x1b[K In function \xe2\x80\x98\x1b[01m\x1b[Kvoid ydlidar::core::common::debug(char*, ...)\x1b[m\x1b[K\xe2\x80\x99:\n'}
[1.494759] (ydlidar_sdk) StderrLine: {'line': b'\x1b[01m\x1b[K/home/ryo/ros2_ws/src/YDLidar-SDK/./core/common/ydlidar_help.h:1075:10:\x1b[m\x1b[K \x1b[01;35m\x1b[Kwarning: \x1b[m\x1b[Kformat not a string literal and no format arguments [\x1b[01;35m\x1b[K\x1b]8;;https://gcc.gnu.org/onlinedocs/gcc/Warning-Options.html#index-Wformat-security\x07-Wformat-security\x1b]8;;\x07\x1b[m\x1b[K]\n'}
[1.494878] (ydlidar_sdk) StderrLine: {'line': b' 1075 |   printf(\x1b[01;35m\x1b[Kbuff\x1b[m\x1b[K); \\\n'}
[1.495003] (ydlidar_sdk) StderrLine: {'line': b'      |          \x1b[01;35m\x1b[K^~~~\x1b[m\x1b[K\n'}
[1.495269] (ydlidar_sdk) StderrLine: {'line': b'\x1b[01m\x1b[K/home/ryo/ros2_ws/src/YDLidar-SDK/./core/common/ydlidar_help.h:1086:3:\x1b[m\x1b[K \x1b[01;36m\x1b[Knote: \x1b[m\x1b[Kin expansion of macro \xe2\x80\x98\x1b[01m\x1b[KFORMAT_STDOUT\x1b[m\x1b[K\xe2\x80\x99\n'}
[1.495385] (ydlidar_sdk) StderrLine: {'line': b' 1086 |   \x1b[01;36m\x1b[KFORMAT_STDOUT\x1b[m\x1b[K\n'}
[1.495506] (ydlidar_sdk) StderrLine: {'line': b'      |   \x1b[01;36m\x1b[K^~~~~~~~~~~~~\x1b[m\x1b[K\n'}
[1.495618] (ydlidar_sdk) StderrLine: {'line': b'\x1b[01m\x1b[K/home/ryo/ros2_ws/src/YDLidar-SDK/./core/common/ydlidar_help.h:\x1b[m\x1b[K In function \xe2\x80\x98\x1b[01m\x1b[Kvoid ydlidar::core::common::info(char*, ...)\x1b[m\x1b[K\xe2\x80\x99:\n'}
[1.495729] (ydlidar_sdk) StderrLine: {'line': b'\x1b[01m\x1b[K/home/ryo/ros2_ws/src/YDLidar-SDK/./core/common/ydlidar_help.h:1075:10:\x1b[m\x1b[K \x1b[01;35m\x1b[Kwarning: \x1b[m\x1b[Kformat not a string literal and no format arguments [\x1b[01;35m\x1b[K\x1b]8;;https://gcc.gnu.org/onlinedocs/gcc/Warning-Options.html#index-Wformat-security\x07-Wformat-security\x1b]8;;\x07\x1b[m\x1b[K]\n'}
[1.495843] (ydlidar_sdk) StderrLine: {'line': b' 1075 |   printf(\x1b[01;35m\x1b[Kbuff\x1b[m\x1b[K); \\\n'}
[1.495952] (ydlidar_sdk) StderrLine: {'line': b'      |          \x1b[01;35m\x1b[K^~~~\x1b[m\x1b[K\n'}
[1.496160] (ydlidar_sdk) StderrLine: {'line': b'\x1b[01m\x1b[K/home/ryo/ros2_ws/src/YDLidar-SDK/./core/common/ydlidar_help.h:1098:3:\x1b[m\x1b[K \x1b[01;36m\x1b[Knote: \x1b[m\x1b[Kin expansion of macro \xe2\x80\x98\x1b[01m\x1b[KFORMAT_STDOUT\x1b[m\x1b[K\xe2\x80\x99\n'}
[1.496272] (ydlidar_sdk) StderrLine: {'line': b' 1098 |   \x1b[01;36m\x1b[KFORMAT_STDOUT\x1b[m\x1b[K\n'}
[1.496378] (ydlidar_sdk) StderrLine: {'line': b'      |   \x1b[01;36m\x1b[K^~~~~~~~~~~~~\x1b[m\x1b[K\n'}
[1.496485] (ydlidar_sdk) StderrLine: {'line': b'\x1b[01m\x1b[K/home/ryo/ros2_ws/src/YDLidar-SDK/./core/common/ydlidar_help.h:\x1b[m\x1b[K In function \xe2\x80\x98\x1b[01m\x1b[Kvoid ydlidar::core::common::warn(char*, ...)\x1b[m\x1b[K\xe2\x80\x99:\n'}
[1.496593] (ydlidar_sdk) StderrLine: {'line': b'\x1b[01m\x1b[K/home/ryo/ros2_ws/src/YDLidar-SDK/./core/common/ydlidar_help.h:1075:10:\x1b[m\x1b[K \x1b[01;35m\x1b[Kwarning: \x1b[m\x1b[Kformat not a string literal and no format arguments [\x1b[01;35m\x1b[K\x1b]8;;https://gcc.gnu.org/onlinedocs/gcc/Warning-Options.html#index-Wformat-security\x07-Wformat-security\x1b]8;;\x07\x1b[m\x1b[K]\n'}
[1.496713] (ydlidar_sdk) StderrLine: {'line': b' 1075 |   printf(\x1b[01;35m\x1b[Kbuff\x1b[m\x1b[K); \\\n'}
[1.496818] (ydlidar_sdk) StderrLine: {'line': b'      |          \x1b[01;35m\x1b[K^~~~\x1b[m\x1b[K\n'}
[1.496922] (ydlidar_sdk) StderrLine: {'line': b'\x1b[01m\x1b[K/home/ryo/ros2_ws/src/YDLidar-SDK/./core/common/ydlidar_help.h:1110:3:\x1b[m\x1b[K \x1b[01;36m\x1b[Knote: \x1b[m\x1b[Kin expansion of macro \xe2\x80\x98\x1b[01m\x1b[KFORMAT_STDOUT\x1b[m\x1b[K\xe2\x80\x99\n'}
[1.497042] (ydlidar_sdk) StderrLine: {'line': b' 1110 |   \x1b[01;36m\x1b[KFORMAT_STDOUT\x1b[m\x1b[K\n'}
[1.497150] (ydlidar_sdk) StderrLine: {'line': b'      |   \x1b[01;36m\x1b[K^~~~~~~~~~~~~\x1b[m\x1b[K\n'}
[1.497251] (ydlidar_sdk) StderrLine: {'line': b'\x1b[01m\x1b[K/home/ryo/ros2_ws/src/YDLidar-SDK/./core/common/ydlidar_help.h:\x1b[m\x1b[K In function \xe2\x80\x98\x1b[01m\x1b[Kvoid ydlidar::core::common::error(char*, ...)\x1b[m\x1b[K\xe2\x80\x99:\n'}
[1.497354] (ydlidar_sdk) StderrLine: {'line': b'\x1b[01m\x1b[K/home/ryo/ros2_ws/src/YDLidar-SDK/./core/common/ydlidar_help.h:1075:10:\x1b[m\x1b[K \x1b[01;35m\x1b[Kwarning: \x1b[m\x1b[Kformat not a string literal and no format arguments [\x1b[01;35m\x1b[K\x1b]8;;https://gcc.gnu.org/onlinedocs/gcc/Warning-Options.html#index-Wformat-security\x07-Wformat-security\x1b]8;;\x07\x1b[m\x1b[K]\n'}
[1.497463] (ydlidar_sdk) StderrLine: {'line': b' 1075 |   printf(\x1b[01;35m\x1b[Kbuff\x1b[m\x1b[K); \\\n'}
[1.497565] (ydlidar_sdk) StderrLine: {'line': b'      |          \x1b[01;35m\x1b[K^~~~\x1b[m\x1b[K\n'}
[1.497668] (ydlidar_sdk) StderrLine: {'line': b'\x1b[01m\x1b[K/home/ryo/ros2_ws/src/YDLidar-SDK/./core/common/ydlidar_help.h:1122:3:\x1b[m\x1b[K \x1b[01;36m\x1b[Knote: \x1b[m\x1b[Kin expansion of macro \xe2\x80\x98\x1b[01m\x1b[KFORMAT_STDOUT\x1b[m\x1b[K\xe2\x80\x99\n'}
[1.497773] (ydlidar_sdk) StderrLine: {'line': b' 1122 |   \x1b[01;36m\x1b[KFORMAT_STDOUT\x1b[m\x1b[K\n'}
[1.497876] (ydlidar_sdk) StderrLine: {'line': b'      |   \x1b[01;36m\x1b[K^~~~~~~~~~~~~\x1b[m\x1b[K\n'}
[1.508476] (ydlidar_sdk) StderrLine: {'line': b'In file included from \x1b[01m\x1b[K/home/ryo/ros2_ws/src/YDLidar-SDK/src/YDlidarDriver.h:46\x1b[m\x1b[K,\n'}
[1.508963] (ydlidar_sdk) StderrLine: {'line': b'                 from \x1b[01m\x1b[K/home/ryo/ros2_ws/src/YDLidar-SDK/src/YDlidarDriver.cpp:26\x1b[m\x1b[K:\n'}
[1.509127] (ydlidar_sdk) StderrLine: {'line': b'\x1b[01m\x1b[K/home/ryo/ros2_ws/src/YDLidar-SDK/./core/base/thread.h:\x1b[m\x1b[K In member function \xe2\x80\x98\x1b[01m\x1b[Kint ydlidar::core::base::Thread::join(long unsigned int)\x1b[m\x1b[K\xe2\x80\x99:\n'}
[1.509254] (ydlidar_sdk) StderrLine: {'line': b'\x1b[01m\x1b[K/home/ryo/ros2_ws/src/YDLidar-SDK/./core/base/thread.h:136:46:\x1b[m\x1b[K \x1b[01;35m\x1b[Kwarning: \x1b[m\x1b[Kformat \xe2\x80\x98\x1b[01m\x1b[K%X\x1b[m\x1b[K\xe2\x80\x99 expects argument of type \xe2\x80\x98\x1b[01m\x1b[Kunsigned int\x1b[m\x1b[K\xe2\x80\x99, but argument 2 has type \xe2\x80\x98\x1b[01m\x1b[K_size_t\x1b[m\x1b[K\xe2\x80\x99 {aka \xe2\x80\x98\x1b[01m\x1b[Klong unsigned int\x1b[m\x1b[K\xe2\x80\x99} [\x1b[01;35m\x1b[K\x1b]8;;https://gcc.gnu.org/onlinedocs/gcc/Warning-Options.html#index-Wformat=\x07-Wformat=\x1b]8;;\x07\x1b[m\x1b[K]\n'}
[1.509374] (ydlidar_sdk) StderrLine: {'line': b'  136 |           printf("[YDLIDAR DEBUG] Thread [0x\x1b[01;35m\x1b[K%X\x1b[m\x1b[K] ready to cancel[%d]\\n", \x1b[32m\x1b[K_handle\x1b[m\x1b[K, s);\n'}
[1.509508] (ydlidar_sdk) StderrLine: {'line': b'      |                                             \x1b[01;35m\x1b[K~^\x1b[m\x1b[K                          \x1b[32m\x1b[K~~~~~~~\x1b[m\x1b[K\n'}
[1.509620] (ydlidar_sdk) StderrLine: {'line': b'      |                                              \x1b[01;35m\x1b[K|\x1b[m\x1b[K                          \x1b[32m\x1b[K|\x1b[m\x1b[K\n'}
[1.509730] (ydlidar_sdk) StderrLine: {'line': b'      |                                              \x1b[01;35m\x1b[Kunsigned int\x1b[m\x1b[K               \x1b[32m\x1b[K_size_t {aka long unsigned int}\x1b[m\x1b[K\n'}
[1.509842] (ydlidar_sdk) StderrLine: {'line': b'      |                                             \x1b[32m\x1b[K%lX\x1b[m\x1b[K\n'}
[1.509949] (ydlidar_sdk) StderrLine: {'line': b'\x1b[01m\x1b[K/home/ryo/ros2_ws/src/YDLidar-SDK/./core/base/thread.h:138:46:\x1b[m\x1b[K \x1b[01;35m\x1b[Kwarning: \x1b[m\x1b[Kformat \xe2\x80\x98\x1b[01m\x1b[K%X\x1b[m\x1b[K\xe2\x80\x99 expects argument of type \xe2\x80\x98\x1b[01m\x1b[Kunsigned int\x1b[m\x1b[K\xe2\x80\x99, but argument 2 has type \xe2\x80\x98\x1b[01m\x1b[K_size_t\x1b[m\x1b[K\xe2\x80\x99 {aka \xe2\x80\x98\x1b[01m\x1b[Klong unsigned int\x1b[m\x1b[K\xe2\x80\x99} [\x1b[01;35m\x1b[K\x1b]8;;https://gcc.gnu.org/onlinedocs/gcc/Warning-Options.html#index-Wformat=\x07-Wformat=\x1b]8;;\x07\x1b[m\x1b[K]\n'}
[1.510079] (ydlidar_sdk) StderrLine: {'line': b'  138 |           printf("[YDLIDAR DEBUG] Thread [0x\x1b[01;35m\x1b[K%X\x1b[m\x1b[K] ready to cancel[%d] time[%u]\\n",\n'}
[1.510192] (ydlidar_sdk) StderrLine: {'line': b'      |                                             \x1b[01;35m\x1b[K~^\x1b[m\x1b[K\n'}
[1.510302] (ydlidar_sdk) StderrLine: {'line': b'      |                                              \x1b[01;35m\x1b[K|\x1b[m\x1b[K\n'}
[1.510411] (ydlidar_sdk) StderrLine: {'line': b'      |                                              \x1b[01;35m\x1b[Kunsigned int\x1b[m\x1b[K\n'}
[1.510518] (ydlidar_sdk) StderrLine: {'line': b'      |                                             \x1b[32m\x1b[K%lX\x1b[m\x1b[K\n'}
[1.510626] (ydlidar_sdk) StderrLine: {'line': b'  139 |             \x1b[32m\x1b[K_handle\x1b[m\x1b[K, s, getms() - t);\n'}
[1.510736] (ydlidar_sdk) StderrLine: {'line': b'      |             \x1b[32m\x1b[K~~~~~~~\x1b[m\x1b[K                           \n'}
[1.510843] (ydlidar_sdk) StderrLine: {'line': b'      |             \x1b[32m\x1b[K|\x1b[m\x1b[K\n'}
[1.510948] (ydlidar_sdk) StderrLine: {'line': b'      |             \x1b[32m\x1b[K_size_t {aka long unsigned int}\x1b[m\x1b[K\n'}
[1.511070] (ydlidar_sdk) StderrLine: {'line': b'\x1b[01m\x1b[K/home/ryo/ros2_ws/src/YDLidar-SDK/./core/base/thread.h:142:42:\x1b[m\x1b[K \x1b[01;35m\x1b[Kwarning: \x1b[m\x1b[Kformat \xe2\x80\x98\x1b[01m\x1b[K%X\x1b[m\x1b[K\xe2\x80\x99 expects argument of type \xe2\x80\x98\x1b[01m\x1b[Kunsigned int\x1b[m\x1b[K\xe2\x80\x99, but argument 2 has type \xe2\x80\x98\x1b[01m\x1b[K_size_t\x1b[m\x1b[K\xe2\x80\x99 {aka \xe2\x80\x98\x1b[01m\x1b[Klong unsigned int\x1b[m\x1b[K\xe2\x80\x99} [\x1b[01;35m\x1b[K\x1b]8;;https://gcc.gnu.org/onlinedocs/gcc/Warning-Options.html#index-Wformat=\x07-Wformat=\x1b]8;;\x07\x1b[m\x1b[K]\n'}
[1.511205] (ydlidar_sdk) StderrLine: {'line': b'  142 |             printf("[YDLIDAR] Thread [0x\x1b[01;35m\x1b[K%X\x1b[m\x1b[K] has been canceled in other thread\\n", \x1b[32m\x1b[K_handle\x1b[m\x1b[K);\n'}
[1.511316] (ydlidar_sdk) StderrLine: {'line': b'      |                                         \x1b[01;35m\x1b[K~^\x1b[m\x1b[K                                        \x1b[32m\x1b[K~~~~~~~\x1b[m\x1b[K\n'}
[1.511424] (ydlidar_sdk) StderrLine: {'line': b'      |                                          \x1b[01;35m\x1b[K|\x1b[m\x1b[K                                        \x1b[32m\x1b[K|\x1b[m\x1b[K\n'}
[1.511533] (ydlidar_sdk) StderrLine: {'line': b'      |                                          \x1b[01;35m\x1b[Kunsigned int\x1b[m\x1b[K                             \x1b[32m\x1b[K_size_t {aka long unsigned int}\x1b[m\x1b[K\n'}
[1.511642] (ydlidar_sdk) StderrLine: {'line': b'      |                                         \x1b[32m\x1b[K%lX\x1b[m\x1b[K\n'}
[1.511751] (ydlidar_sdk) StderrLine: {'line': b'\x1b[01m\x1b[K/home/ryo/ros2_ws/src/YDLidar-SDK/./core/base/thread.h:147:74:\x1b[m\x1b[K \x1b[01;35m\x1b[Kwarning: \x1b[m\x1b[Kformat \xe2\x80\x98\x1b[01m\x1b[K%X\x1b[m\x1b[K\xe2\x80\x99 expects argument of type \xe2\x80\x98\x1b[01m\x1b[Kunsigned int\x1b[m\x1b[K\xe2\x80\x99, but argument 3 has type \xe2\x80\x98\x1b[01m\x1b[K_size_t\x1b[m\x1b[K\xe2\x80\x99 {aka \xe2\x80\x98\x1b[01m\x1b[Klong unsigned int\x1b[m\x1b[K\xe2\x80\x99} [\x1b[01;35m\x1b[K\x1b]8;;https://gcc.gnu.org/onlinedocs/gcc/Warning-Options.html#index-Wformat=\x07-Wformat=\x1b]8;;\x07\x1b[m\x1b[K]\n'}
[1.511866] (ydlidar_sdk) StderrLine: {'line': b'  147 |             fprintf(stderr, "[YDLIDAR] An error occurred while thread[0x\x1b[01;35m\x1b[K%X\x1b[m\x1b[K] cancelled!\\n", \x1b[32m\x1b[K_handle\x1b[m\x1b[K);\n'}
[1.511973] (ydlidar_sdk) StderrLine: {'line': b'      |                                                                         \x1b[01;35m\x1b[K~^\x1b[m\x1b[K                 \x1b[32m\x1b[K~~~~~~~\x1b[m\x1b[K\n'}
[1.512109] (ydlidar_sdk) StderrLine: {'line': b'      |                                                                          \x1b[01;35m\x1b[K|\x1b[m\x1b[K                 \x1b[32m\x1b[K|\x1b[m\x1b[K\n'}
[1.512218] (ydlidar_sdk) StderrLine: {'line': b'      |                                                                          \x1b[01;35m\x1b[Kunsigned int\x1b[m\x1b[K      \x1b[32m\x1b[K_size_t {aka long unsigned int}\x1b[m\x1b[K\n'}
[1.512323] (ydlidar_sdk) StderrLine: {'line': b'      |                                                                         \x1b[32m\x1b[K%lX\x1b[m\x1b[K\n'}
[1.512427] (ydlidar_sdk) StderrLine: {'line': b'\x1b[01m\x1b[K/home/ryo/ros2_ws/src/YDLidar-SDK/./core/base/thread.h:151:40:\x1b[m\x1b[K \x1b[01;35m\x1b[Kwarning: \x1b[m\x1b[Kformat \xe2\x80\x98\x1b[01m\x1b[K%X\x1b[m\x1b[K\xe2\x80\x99 expects argument of type \xe2\x80\x98\x1b[01m\x1b[Kunsigned int\x1b[m\x1b[K\xe2\x80\x99, but argument 2 has type \xe2\x80\x98\x1b[01m\x1b[K_size_t\x1b[m\x1b[K\xe2\x80\x99 {aka \xe2\x80\x98\x1b[01m\x1b[Klong unsigned int\x1b[m\x1b[K\xe2\x80\x99} [\x1b[01;35m\x1b[K\x1b]8;;https://gcc.gnu.org/onlinedocs/gcc/Warning-Options.html#index-Wformat=\x07-Wformat=\x1b]8;;\x07\x1b[m\x1b[K]\n'}
[1.512544] (ydlidar_sdk) StderrLine: {'line': b'  151 |           printf("[YDLIDAR] Thread [0x\x1b[01;35m\x1b[K%X\x1b[m\x1b[K] has been canceled\\n", \x1b[32m\x1b[K_handle\x1b[m\x1b[K);\n'}
[1.512671] (ydlidar_sdk) StderrLine: {'line': b'      |                                       \x1b[01;35m\x1b[K~^\x1b[m\x1b[K                        \x1b[32m\x1b[K~~~~~~~\x1b[m\x1b[K\n'}
[1.512783] (ydlidar_sdk) StderrLine: {'line': b'      |                                        \x1b[01;35m\x1b[K|\x1b[m\x1b[K                        \x1b[32m\x1b[K|\x1b[m\x1b[K\n'}
[1.512887] (ydlidar_sdk) StderrLine: {'line': b'      |                                        \x1b[01;35m\x1b[Kunsigned int\x1b[m\x1b[K             \x1b[32m\x1b[K_size_t {aka long unsigned int}\x1b[m\x1b[K\n'}
[1.512996] (ydlidar_sdk) StderrLine: {'line': b'      |                                       \x1b[32m\x1b[K%lX\x1b[m\x1b[K\n'}
[1.513243] (ydlidar_sdk) StderrLine: {'line': b'\x1b[01m\x1b[K/home/ryo/ros2_ws/src/YDLidar-SDK/src/SDMLidarDriver.cpp:\x1b[m\x1b[K In member function \xe2\x80\x98\x1b[01m\x1b[Kresult_t ydlidar::SDMLidarDriver::createThread()\x1b[m\x1b[K\xe2\x80\x99:\n'}
[1.513387] (ydlidar_sdk) StderrLine: {'line': b'\x1b[01m\x1b[K/home/ryo/ros2_ws/src/YDLidar-SDK/src/SDMLidarDriver.cpp:811:44:\x1b[m\x1b[K \x1b[01;35m\x1b[Kwarning: \x1b[m\x1b[Kformat \xe2\x80\x98\x1b[01m\x1b[K%X\x1b[m\x1b[K\xe2\x80\x99 expects argument of type \xe2\x80\x98\x1b[01m\x1b[Kunsigned int\x1b[m\x1b[K\xe2\x80\x99, but argument 2 has type \xe2\x80\x98\x1b[01m\x1b[K_size_t\x1b[m\x1b[K\xe2\x80\x99 {aka \xe2\x80\x98\x1b[01m\x1b[Klong unsigned int\x1b[m\x1b[K\xe2\x80\x99} [\x1b[01;35m\x1b[K\x1b]8;;https://gcc.gnu.org/onlinedocs/gcc/Warning-Options.html#index-Wformat=\x07-Wformat=\x1b]8;;\x07\x1b[m\x1b[K]\n'}
[1.513503] (ydlidar_sdk) StderrLine: {'line': b'  811 |     printf("[YDLIDAR] Create SDM thread 0x\x1b[01;35m\x1b[K%X\x1b[m\x1b[K\\n", \x1b[32m\x1b[K_thread.getHandle()\x1b[m\x1b[K);\n'}
[1.513609] (ydlidar_sdk) StderrLine: {'line': b'      |                                           \x1b[01;35m\x1b[K~^\x1b[m\x1b[K     \x1b[32m\x1b[K~~~~~~~~~~~~~~~~~~~\x1b[m\x1b[K\n'}
[1.513705] (-) TimerEvent: {}
[1.513861] (ydlidar_sdk) StderrLine: {'line': b'      |                                            \x1b[01;35m\x1b[K|\x1b[m\x1b[K                      \x1b[32m\x1b[K|\x1b[m\x1b[K\n'}
[1.513979] (ydlidar_sdk) StderrLine: {'line': b'      |                                            \x1b[01;35m\x1b[Kunsigned int\x1b[m\x1b[K           \x1b[32m\x1b[K_size_t {aka long unsigned int}\x1b[m\x1b[K\n'}
[1.514109] (ydlidar_sdk) StderrLine: {'line': b'      |                                           \x1b[32m\x1b[K%lX\x1b[m\x1b[K\n'}
[1.585777] (ydlidar_ros2_driver) StdoutLine: {'line': b"-- Added test 'copyright' to check source files copyright and LICENSE\n"}
[1.589247] (ydlidar_ros2_driver) StdoutLine: {'line': b"-- Added test 'cppcheck' to perform static code analysis on C / C++ code\n"}
[1.589606] (ydlidar_ros2_driver) StdoutLine: {'line': b'-- Configured cppcheck include dirs: /home/ryo/ros2_ws/src/ydlidar_ros2_driver/src\n'}
[1.589746] (ydlidar_ros2_driver) StdoutLine: {'line': b'-- Configured cppcheck exclude dirs and/or files: \n'}
[1.592721] (ydlidar_ros2_driver) StdoutLine: {'line': b"-- Added test 'cpplint' to check C / C++ code against the Google style\n"}
[1.592959] (ydlidar_ros2_driver) StdoutLine: {'line': b'-- Configured cpplint exclude dirs and/or files: \n'}
[1.593546] (ydlidar_ros2_driver) StdoutLine: {'line': b"-- Added test 'flake8' to check Python code syntax and style conventions\n"}
[1.594622] (ydlidar_ros2_driver) StdoutLine: {'line': b"-- Added test 'lint_cmake' to check CMake code style\n"}
[1.595371] (ydlidar_ros2_driver) StdoutLine: {'line': b"-- Added test 'pep257' to check Python code against some of the docstring style conventions in PEP 257\n"}
[1.598258] (ydlidar_ros2_driver) StdoutLine: {'line': b"-- Added test 'uncrustify' to check C / C++ code style\n"}
[1.598485] (ydlidar_ros2_driver) StdoutLine: {'line': b'-- Configured uncrustify additional arguments: \n'}
[1.599073] (ydlidar_ros2_driver) StdoutLine: {'line': b"-- Added test 'xmllint' to check XML markup files\n"}
[1.600489] (ydlidar_ros2_driver) StdoutLine: {'line': b'-- Configuring done\n'}
[1.613327] (ydlidar_sdk) StderrLine: {'line': b'In file included from \x1b[01m\x1b[K/home/ryo/ros2_ws/src/YDLidar-SDK/src/YDlidarDriver.h:49\x1b[m\x1b[K,\n'}
[1.613508] (ydlidar_sdk) StderrLine: {'line': b'                 from \x1b[01m\x1b[K/home/ryo/ros2_ws/src/YDLidar-SDK/src/YDlidarDriver.cpp:26\x1b[m\x1b[K:\n'}
[1.613587] (ydlidar_sdk) StderrLine: {'line': b'\x1b[01m\x1b[K/home/ryo/ros2_ws/src/YDLidar-SDK/./core/common/ydlidar_help.h:\x1b[m\x1b[K In function \xe2\x80\x98\x1b[01m\x1b[Kvoid ydlidar::core::common::debug(char*, ...)\x1b[m\x1b[K\xe2\x80\x99:\n'}
[1.613651] (ydlidar_sdk) StderrLine: {'line': b'\x1b[01m\x1b[K/home/ryo/ros2_ws/src/YDLidar-SDK/./core/common/ydlidar_help.h:1075:10:\x1b[m\x1b[K \x1b[01;35m\x1b[Kwarning: \x1b[m\x1b[Kformat not a string literal and no format arguments [\x1b[01;35m\x1b[K\x1b]8;;https://gcc.gnu.org/onlinedocs/gcc/Warning-Options.html#index-Wformat-security\x07-Wformat-security\x1b]8;;\x07\x1b[m\x1b[K]\n'}
[1.613713] (-) TimerEvent: {}
[1.613881] (ydlidar_sdk) StderrLine: {'line': b' 1075 |   printf(\x1b[01;35m\x1b[Kbuff\x1b[m\x1b[K); \\\n'}
[1.613958] (ydlidar_sdk) StderrLine: {'line': b'      |          \x1b[01;35m\x1b[K^~~~\x1b[m\x1b[K\n'}
[1.614124] (ydlidar_sdk) StderrLine: {'line': b'\x1b[01m\x1b[K/home/ryo/ros2_ws/src/YDLidar-SDK/./core/common/ydlidar_help.h:1086:3:\x1b[m\x1b[K \x1b[01;36m\x1b[Knote: \x1b[m\x1b[Kin expansion of macro \xe2\x80\x98\x1b[01m\x1b[KFORMAT_STDOUT\x1b[m\x1b[K\xe2\x80\x99\n'}
[1.614198] (ydlidar_sdk) StderrLine: {'line': b' 1086 |   \x1b[01;36m\x1b[KFORMAT_STDOUT\x1b[m\x1b[K\n'}
[1.614257] (ydlidar_sdk) StderrLine: {'line': b'      |   \x1b[01;36m\x1b[K^~~~~~~~~~~~~\x1b[m\x1b[K\n'}
[1.614322] (ydlidar_sdk) StderrLine: {'line': b'\x1b[01m\x1b[K/home/ryo/ros2_ws/src/YDLidar-SDK/./core/common/ydlidar_help.h:\x1b[m\x1b[K In function \xe2\x80\x98\x1b[01m\x1b[Kvoid ydlidar::core::common::info(char*, ...)\x1b[m\x1b[K\xe2\x80\x99:\n'}
[1.614381] (ydlidar_sdk) StderrLine: {'line': b'\x1b[01m\x1b[K/home/ryo/ros2_ws/src/YDLidar-SDK/./core/common/ydlidar_help.h:1075:10:\x1b[m\x1b[K \x1b[01;35m\x1b[Kwarning: \x1b[m\x1b[Kformat not a string literal and no format arguments [\x1b[01;35m\x1b[K\x1b]8;;https://gcc.gnu.org/onlinedocs/gcc/Warning-Options.html#index-Wformat-security\x07-Wformat-security\x1b]8;;\x07\x1b[m\x1b[K]\n'}
[1.614442] (ydlidar_sdk) StderrLine: {'line': b' 1075 |   printf(\x1b[01;35m\x1b[Kbuff\x1b[m\x1b[K); \\\n'}
[1.614505] (ydlidar_sdk) StderrLine: {'line': b'      |          \x1b[01;35m\x1b[K^~~~\x1b[m\x1b[K\n'}
[1.614562] (ydlidar_sdk) StderrLine: {'line': b'\x1b[01m\x1b[K/home/ryo/ros2_ws/src/YDLidar-SDK/./core/common/ydlidar_help.h:1098:3:\x1b[m\x1b[K \x1b[01;36m\x1b[Knote: \x1b[m\x1b[Kin expansion of macro \xe2\x80\x98\x1b[01m\x1b[KFORMAT_STDOUT\x1b[m\x1b[K\xe2\x80\x99\n'}
[1.614619] (ydlidar_sdk) StderrLine: {'line': b' 1098 |   \x1b[01;36m\x1b[KFORMAT_STDOUT\x1b[m\x1b[K\n'}
[1.614674] (ydlidar_sdk) StderrLine: {'line': b'      |   \x1b[01;36m\x1b[K^~~~~~~~~~~~~\x1b[m\x1b[K\n'}
[1.614729] (ydlidar_sdk) StderrLine: {'line': b'\x1b[01m\x1b[K/home/ryo/ros2_ws/src/YDLidar-SDK/./core/common/ydlidar_help.h:\x1b[m\x1b[K In function \xe2\x80\x98\x1b[01m\x1b[Kvoid ydlidar::core::common::warn(char*, ...)\x1b[m\x1b[K\xe2\x80\x99:\n'}
[1.614786] (ydlidar_sdk) StderrLine: {'line': b'\x1b[01m\x1b[K/home/ryo/ros2_ws/src/YDLidar-SDK/./core/common/ydlidar_help.h:1075:10:\x1b[m\x1b[K \x1b[01;35m\x1b[Kwarning: \x1b[m\x1b[Kformat not a string literal and no format arguments [\x1b[01;35m\x1b[K\x1b]8;;https://gcc.gnu.org/onlinedocs/gcc/Warning-Options.html#index-Wformat-security\x07-Wformat-security\x1b]8;;\x07\x1b[m\x1b[K]\n'}
[1.614846] (ydlidar_sdk) StderrLine: {'line': b' 1075 |   printf(\x1b[01;35m\x1b[Kbuff\x1b[m\x1b[K); \\\n'}
[1.614902] (ydlidar_sdk) StderrLine: {'line': b'      |          \x1b[01;35m\x1b[K^~~~\x1b[m\x1b[K\n'}
[1.614958] (ydlidar_sdk) StderrLine: {'line': b'\x1b[01m\x1b[K/home/ryo/ros2_ws/src/YDLidar-SDK/./core/common/ydlidar_help.h:1110:3:\x1b[m\x1b[K \x1b[01;36m\x1b[Knote: \x1b[m\x1b[Kin expansion of macro \xe2\x80\x98\x1b[01m\x1b[KFORMAT_STDOUT\x1b[m\x1b[K\xe2\x80\x99\n'}
[1.615028] (ydlidar_sdk) StderrLine: {'line': b' 1110 |   \x1b[01;36m\x1b[KFORMAT_STDOUT\x1b[m\x1b[K\n'}
[1.615200] (ydlidar_sdk) StderrLine: {'line': b'      |   \x1b[01;36m\x1b[K^~~~~~~~~~~~~\x1b[m\x1b[K\n'}
[1.615257] (ydlidar_ros2_driver) StdoutLine: {'line': b'-- Generating done\n'}
[1.615328] (ydlidar_sdk) StderrLine: {'line': b'\x1b[01m\x1b[K/home/ryo/ros2_ws/src/YDLidar-SDK/./core/common/ydlidar_help.h:\x1b[m\x1b[K In function \xe2\x80\x98\x1b[01m\x1b[Kvoid ydlidar::core::common::error(char*, ...)\x1b[m\x1b[K\xe2\x80\x99:\n'}
[1.615394] (ydlidar_sdk) StderrLine: {'line': b'\x1b[01m\x1b[K/home/ryo/ros2_ws/src/YDLidar-SDK/./core/common/ydlidar_help.h:1075:10:\x1b[m\x1b[K \x1b[01;35m\x1b[Kwarning: \x1b[m\x1b[Kformat not a string literal and no format arguments [\x1b[01;35m\x1b[K\x1b]8;;https://gcc.gnu.org/onlinedocs/gcc/Warning-Options.html#index-Wformat-security\x07-Wformat-security\x1b]8;;\x07\x1b[m\x1b[K]\n'}
[1.615453] (ydlidar_sdk) StderrLine: {'line': b' 1075 |   printf(\x1b[01;35m\x1b[Kbuff\x1b[m\x1b[K); \\\n'}
[1.615509] (ydlidar_sdk) StderrLine: {'line': b'      |          \x1b[01;35m\x1b[K^~~~\x1b[m\x1b[K\n'}
[1.615564] (ydlidar_sdk) StderrLine: {'line': b'\x1b[01m\x1b[K/home/ryo/ros2_ws/src/YDLidar-SDK/./core/common/ydlidar_help.h:1122:3:\x1b[m\x1b[K \x1b[01;36m\x1b[Knote: \x1b[m\x1b[Kin expansion of macro \xe2\x80\x98\x1b[01m\x1b[KFORMAT_STDOUT\x1b[m\x1b[K\xe2\x80\x99\n'}
[1.615620] (ydlidar_sdk) StderrLine: {'line': b' 1122 |   \x1b[01;36m\x1b[KFORMAT_STDOUT\x1b[m\x1b[K\n'}
[1.615675] (ydlidar_sdk) StderrLine: {'line': b'      |   \x1b[01;36m\x1b[K^~~~~~~~~~~~~\x1b[m\x1b[K\n'}
[1.616360] (ydlidar_ros2_driver) StdoutLine: {'line': b'-- Build files have been written to: /home/ryo/ros2_ws/build/ydlidar_ros2_driver\n'}
[1.627446] (ydlidar_ros2_driver) CommandEnded: {'returncode': 0}
[1.628087] (ydlidar_ros2_driver) JobProgress: {'identifier': 'ydlidar_ros2_driver', 'progress': 'build'}
[1.628510] (ydlidar_ros2_driver) Command: {'cmd': ['/usr/bin/cmake', '--build', '/home/ryo/ros2_ws/build/ydlidar_ros2_driver', '--', '-j12', '-l12'], 'cwd': '/home/ryo/ros2_ws/build/ydlidar_ros2_driver', 'env': OrderedDict([('LESSOPEN', '| /usr/bin/lesspipe %s'), ('USER', 'ryo'), ('XDG_SESSION_TYPE', 'wayland'), ('SHLVL', '1'), ('LD_LIBRARY_PATH', '/opt/ros/humble/opt/rviz_ogre_vendor/lib:/opt/ros/humble/lib/x86_64-linux-gnu:/opt/ros/humble/lib'), ('HOME', '/home/ryo'), ('OLDPWD', '/home/ryo/デスクトップ'), ('DESKTOP_SESSION', 'ubuntu'), ('ROS_PYTHON_VERSION', '3'), ('GNOME_SHELL_SESSION_MODE', 'ubuntu'), ('GTK_MODULES', 'gail:atk-bridge'), ('SYSTEMD_EXEC_PID', '1193'), ('DBUS_SESSION_BUS_ADDRESS', 'unix:path=/run/user/1000/bus'), ('COLORTERM', 'truecolor'), ('IM_CONFIG_PHASE', '1'), ('WAYLAND_DISPLAY', 'wayland-0'), ('COLCON_PREFIX_PATH', '/home/ryo/ros2_ws/install'), ('ROS_DISTRO', 'humble'), ('LOGNAME', 'ryo'), ('_', '/usr/bin/colcon'), ('ROS_VERSION', '2'), ('XDG_SESSION_CLASS', 'user'), ('USERNAME', 'ryo'), ('TERM', 'xterm-256color'), ('GNOME_DESKTOP_SESSION_ID', 'this-is-deprecated'), ('ROS_LOCALHOST_ONLY', '0'), ('PATH', '/opt/ros/humble/bin:/usr/local/sbin:/usr/local/bin:/usr/sbin:/usr/bin:/sbin:/bin:/usr/games:/usr/local/games:/snap/bin:/snap/bin'), ('SESSION_MANAGER', 'local/ryo-Prestige-14-A10SC:@/tmp/.ICE-unix/1160,unix/ryo-Prestige-14-A10SC:/tmp/.ICE-unix/1160'), ('XDG_MENU_PREFIX', 'gnome-'), ('GNOME_TERMINAL_SCREEN', '/org/gnome/Terminal/screen/756e76e2_95e1_4b20_b08e_bb051e198a39'), ('GNOME_SETUP_DISPLAY', ':1'), ('XDG_RUNTIME_DIR', '/run/user/1000'), ('DISPLAY', ':0'), ('LANG', 'ja_JP.UTF-8'), ('XDG_CURRENT_DESKTOP', 'ubuntu:GNOME'), ('XMODIFIERS', '@im=ibus'), ('XDG_SESSION_DESKTOP', 'ubuntu'), ('XAUTHORITY', '/run/user/1000/.mutter-Xwaylandauth.WD60V2'), ('LS_COLORS', 'rs=0:di=01;34:ln=01;36:mh=00:pi=40;33:so=01;35:do=01;35:bd=40;33;01:cd=40;33;01:or=40;31;01:mi=00:su=37;41:sg=30;43:ca=30;41:tw=30;42:ow=34;42:st=37;44:ex=01;32:*.tar=01;31:*.tgz=01;31:*.arc=01;31:*.arj=01;31:*.taz=01;31:*.lha=01;31:*.lz4=01;31:*.lzh=01;31:*.lzma=01;31:*.tlz=01;31:*.txz=01;31:*.tzo=01;31:*.t7z=01;31:*.zip=01;31:*.z=01;31:*.dz=01;31:*.gz=01;31:*.lrz=01;31:*.lz=01;31:*.lzo=01;31:*.xz=01;31:*.zst=01;31:*.tzst=01;31:*.bz2=01;31:*.bz=01;31:*.tbz=01;31:*.tbz2=01;31:*.tz=01;31:*.deb=01;31:*.rpm=01;31:*.jar=01;31:*.war=01;31:*.ear=01;31:*.sar=01;31:*.rar=01;31:*.alz=01;31:*.ace=01;31:*.zoo=01;31:*.cpio=01;31:*.7z=01;31:*.rz=01;31:*.cab=01;31:*.wim=01;31:*.swm=01;31:*.dwm=01;31:*.esd=01;31:*.jpg=01;35:*.jpeg=01;35:*.mjpg=01;35:*.mjpeg=01;35:*.gif=01;35:*.bmp=01;35:*.pbm=01;35:*.pgm=01;35:*.ppm=01;35:*.tga=01;35:*.xbm=01;35:*.xpm=01;35:*.tif=01;35:*.tiff=01;35:*.png=01;35:*.svg=01;35:*.svgz=01;35:*.mng=01;35:*.pcx=01;35:*.mov=01;35:*.mpg=01;35:*.mpeg=01;35:*.m2v=01;35:*.mkv=01;35:*.webm=01;35:*.webp=01;35:*.ogm=01;35:*.mp4=01;35:*.m4v=01;35:*.mp4v=01;35:*.vob=01;35:*.qt=01;35:*.nuv=01;35:*.wmv=01;35:*.asf=01;35:*.rm=01;35:*.rmvb=01;35:*.flc=01;35:*.avi=01;35:*.fli=01;35:*.flv=01;35:*.gl=01;35:*.dl=01;35:*.xcf=01;35:*.xwd=01;35:*.yuv=01;35:*.cgm=01;35:*.emf=01;35:*.ogv=01;35:*.ogx=01;35:*.aac=00;36:*.au=00;36:*.flac=00;36:*.m4a=00;36:*.mid=00;36:*.midi=00;36:*.mka=00;36:*.mp3=00;36:*.mpc=00;36:*.ogg=00;36:*.ra=00;36:*.wav=00;36:*.oga=00;36:*.opus=00;36:*.spx=00;36:*.xspf=00;36:'), ('GNOME_TERMINAL_SERVICE', ':1.108'), ('SSH_AGENT_LAUNCHER', 'gnome-keyring'), ('SSH_AUTH_SOCK', '/run/user/1000/keyring/ssh'), ('AMENT_PREFIX_PATH', '/opt/ros/humble'), ('SHELL', '/bin/bash'), ('QT_ACCESSIBILITY', '1'), ('GDMSESSION', 'ubuntu'), ('LESSCLOSE', '/usr/bin/lesspipe %s %s'), ('QT_IM_MODULE', 'ibus'), ('PWD', '/home/ryo/ros2_ws/build/ydlidar_ros2_driver'), ('XDG_CONFIG_DIRS', '/etc/xdg/xdg-ubuntu:/etc/xdg'), ('XDG_DATA_DIRS', '/usr/share/ubuntu:/usr/local/share/:/usr/share/:/var/lib/snapd/desktop'), ('PYTHONPATH', '/opt/ros/humble/lib/python3.10/site-packages:/opt/ros/humble/local/lib/python3.10/dist-packages'), ('COLCON', '1'), ('VTE_VERSION', '6800'), ('CMAKE_PREFIX_PATH', '/opt/ros/humble')]), 'shell': False}
[1.658722] (ydlidar_sdk) StderrLine: {'line': b'\x1b[01m\x1b[K/home/ryo/ros2_ws/src/YDLidar-SDK/src/YDlidarDriver.cpp:\x1b[m\x1b[K In member function \xe2\x80\x98\x1b[01m\x1b[Kvoid ydlidar::YDlidarDriver::calcuteCheckSum(node_info*)\x1b[m\x1b[K\xe2\x80\x99:\n'}
[1.658972] (ydlidar_sdk) StderrLine: {'line': b'\x1b[01m\x1b[K/home/ryo/ros2_ws/src/YDLidar-SDK/src/YDlidarDriver.cpp:1191:13:\x1b[m\x1b[K \x1b[01;35m\x1b[Kwarning: \x1b[m\x1b[KISO C++ forbids converting a string constant to \xe2\x80\x98\x1b[01m\x1b[Kchar*\x1b[m\x1b[K\xe2\x80\x99 [\x1b[01;35m\x1b[K\x1b]8;;https://gcc.gnu.org/onlinedocs/gcc/Warning-Options.html#index-Wwrite-strings\x07-Wwrite-strings\x1b]8;;\x07\x1b[m\x1b[K]\n'}
[1.659119] (ydlidar_sdk) StderrLine: {'line': b' 1191 |       error(\x1b[01;35m\x1b[K"Check Sum 0x%04X != 0x%04X"\x1b[m\x1b[K, CheckSumCal, CheckSum);\n'}
[1.659226] (ydlidar_sdk) StderrLine: {'line': b'      |             \x1b[01;35m\x1b[K^~~~~~~~~~~~~~~~~~~~~~~~~~~~\x1b[m\x1b[K\n'}
[1.668060] (ydlidar_sdk) StderrLine: {'line': b'\x1b[01m\x1b[K/home/ryo/ros2_ws/src/YDLidar-SDK/src/YDlidarDriver.cpp:\x1b[m\x1b[K In member function \xe2\x80\x98\x1b[01m\x1b[Kresult_t ydlidar::YDlidarDriver::createThread()\x1b[m\x1b[K\xe2\x80\x99:\n'}
[1.668288] (ydlidar_sdk) StderrLine: {'line': b'\x1b[01m\x1b[K/home/ryo/ros2_ws/src/YDLidar-SDK/src/YDlidarDriver.cpp:2008:40:\x1b[m\x1b[K \x1b[01;35m\x1b[Kwarning: \x1b[m\x1b[Kformat \xe2\x80\x98\x1b[01m\x1b[K%X\x1b[m\x1b[K\xe2\x80\x99 expects argument of type \xe2\x80\x98\x1b[01m\x1b[Kunsigned int\x1b[m\x1b[K\xe2\x80\x99, but argument 2 has type \xe2\x80\x98\x1b[01m\x1b[Kstd::thread::id\x1b[m\x1b[K\xe2\x80\x99 [\x1b[01;35m\x1b[K\x1b]8;;https://gcc.gnu.org/onlinedocs/gcc/Warning-Options.html#index-Wformat=\x07-Wformat=\x1b]8;;\x07\x1b[m\x1b[K]\n'}
[1.668417] (ydlidar_sdk) StderrLine: {'line': b' 2008 |     printf("[YDLIDAR] Create thread 0x\x1b[01;35m\x1b[K%X\x1b[m\x1b[K\\n", \x1b[32m\x1b[Km_thread->get_id()\x1b[m\x1b[K);\n'}
[1.668525] (ydlidar_sdk) StderrLine: {'line': b'      |                                       \x1b[01;35m\x1b[K~^\x1b[m\x1b[K     \x1b[32m\x1b[K~~~~~~~~~~~~~~~~~~\x1b[m\x1b[K\n'}
[1.668635] (ydlidar_sdk) StderrLine: {'line': b'      |                                        \x1b[01;35m\x1b[K|\x1b[m\x1b[K                     \x1b[32m\x1b[K|\x1b[m\x1b[K\n'}
[1.668749] (ydlidar_sdk) StderrLine: {'line': b'      |                                        \x1b[01;35m\x1b[Kunsigned int\x1b[m\x1b[K          \x1b[32m\x1b[Kstd::thread::id\x1b[m\x1b[K\n'}
[1.676472] (ydlidar_ros2_driver) StdoutLine: {'line': b'[ 25%] \x1b[32mBuilding CXX object CMakeFiles/ydlidar_ros2_driver_node.dir/src/ydlidar_ros2_driver_node.cpp.o\x1b[0m\n'}
[1.683891] (ydlidar_ros2_driver) StdoutLine: {'line': b'[ 50%] \x1b[32mBuilding CXX object CMakeFiles/ydlidar_ros2_driver_client.dir/src/ydlidar_ros2_driver_client.cpp.o\x1b[0m\n'}
[1.713851] (-) TimerEvent: {}
[1.814185] (-) TimerEvent: {}
[1.914541] (-) TimerEvent: {}
[2.014885] (-) TimerEvent: {}
[2.115247] (-) TimerEvent: {}
[2.120672] (ydlidar_sdk) StdoutLine: {'line': b'[ 40%] \x1b[32m\x1b[1mLinking CXX static library libydlidar_sdk.a\x1b[0m\n'}
[2.168426] (ydlidar_sdk) StdoutLine: {'line': b'[ 40%] Built target ydlidar_sdk\n'}
[2.194139] (ydlidar_sdk) StdoutLine: {'line': b'[ 42%] \x1b[32mBuilding CXX object examples/CMakeFiles/gs_ota.dir/gs_ota.cpp.o\x1b[0m\n'}
[2.194381] (ydlidar_sdk) StdoutLine: {'line': b'[ 44%] \x1b[32mBuilding CXX object examples/CMakeFiles/sdm18_test.dir/sdm18_test.cpp.o\x1b[0m\n'}
[2.194598] (ydlidar_sdk) StdoutLine: {'line': b'[ 48%] \x1b[32mBuilding CXX object examples/CMakeFiles/tmini_test.dir/tmini_test.cpp.o\x1b[0m\n'}
[2.194708] (ydlidar_sdk) StdoutLine: {'line': b'[ 48%] \x1b[32mBuilding CXX object examples/CMakeFiles/gs_test2.dir/gs_test2.cpp.o\x1b[0m\n'}
[2.194806] (ydlidar_sdk) StdoutLine: {'line': b'[ 50%] \x1b[32mBuilding CXX object examples/CMakeFiles/tea_test.dir/tea_test.cpp.o\x1b[0m\n'}
[2.194919] (ydlidar_sdk) StdoutLine: {'line': b'[ 52%] \x1b[32mBuilding CXX object examples/CMakeFiles/scl_test.dir/scl_test.cpp.o\x1b[0m\n'}
[2.195087] (ydlidar_sdk) StdoutLine: {'line': b'[ 54%] \x1b[32mBuilding CXX object examples/CMakeFiles/et_test.dir/et_test.cpp.o\x1b[0m\n'}
[2.197959] (ydlidar_sdk) StdoutLine: {'line': b'[ 56%] \x1b[32mBuilding CXX object examples/CMakeFiles/tri_restart.dir/tri_restart.cpp.o\x1b[0m\n'}
[2.199121] (ydlidar_sdk) StdoutLine: {'line': b'[ 60%] \x1b[32mBuilding CXX object examples/CMakeFiles/tof_test.dir/tof_test.cpp.o\x1b[0m\n'}
[2.200523] (ydlidar_sdk) StdoutLine: {'line': b'[ 60%] \x1b[32mBuilding CXX object examples/CMakeFiles/sdm_test.dir/sdm_test.cpp.o\x1b[0m\n'}
[2.201882] (ydlidar_sdk) StdoutLine: {'line': b'[ 64%] \x1b[32mBuilding CXX object examples/CMakeFiles/tri_and_gs_test.dir/tri_and_gs_test.cpp.o\x1b[0m\n'}
[2.202082] (ydlidar_sdk) StdoutLine: {'line': b'[ 64%] \x1b[32mBuilding CXX object examples/CMakeFiles/gs_test.dir/gs_test.cpp.o\x1b[0m\n'}
[2.215352] (-) TimerEvent: {}
[2.317287] (-) TimerEvent: {}
[2.417644] (-) TimerEvent: {}
[2.518021] (-) TimerEvent: {}
[2.544803] (ydlidar_sdk) StderrLine: {'line': b'In file included from \x1b[01m\x1b[K/home/ryo/ros2_ws/src/YDLidar-SDK/./core/common/DriverInterface.h:5\x1b[m\x1b[K,\n'}
[2.545063] (ydlidar_sdk) StderrLine: {'line': b'                 from \x1b[01m\x1b[K/home/ryo/ros2_ws/src/YDLidar-SDK/src/CYdLidar.h:48\x1b[m\x1b[K,\n'}
[2.545202] (ydlidar_sdk) StderrLine: {'line': b'                 from \x1b[01m\x1b[K/home/ryo/ros2_ws/src/YDLidar-SDK/examples/tri_and_gs_test.cpp:1\x1b[m\x1b[K:\n'}
[2.545320] (ydlidar_sdk) StderrLine: {'line': b'\x1b[01m\x1b[K/home/ryo/ros2_ws/src/YDLidar-SDK/./core/base/thread.h:\x1b[m\x1b[K In member function \xe2\x80\x98\x1b[01m\x1b[Kint ydlidar::core::base::Thread::join(long unsigned int)\x1b[m\x1b[K\xe2\x80\x99:\n'}
[2.545434] (ydlidar_sdk) StderrLine: {'line': b'\x1b[01m\x1b[K/home/ryo/ros2_ws/src/YDLidar-SDK/./core/base/thread.h:136:46:\x1b[m\x1b[K \x1b[01;35m\x1b[Kwarning: \x1b[m\x1b[Kformat \xe2\x80\x98\x1b[01m\x1b[K%X\x1b[m\x1b[K\xe2\x80\x99 expects argument of type \xe2\x80\x98\x1b[01m\x1b[Kunsigned int\x1b[m\x1b[K\xe2\x80\x99, but argument 2 has type \xe2\x80\x98\x1b[01m\x1b[K_size_t\x1b[m\x1b[K\xe2\x80\x99 {aka \xe2\x80\x98\x1b[01m\x1b[Klong unsigned int\x1b[m\x1b[K\xe2\x80\x99} [\x1b[01;35m\x1b[K\x1b]8;;https://gcc.gnu.org/onlinedocs/gcc/Warning-Options.html#index-Wformat=\x07-Wformat=\x1b]8;;\x07\x1b[m\x1b[K]\n'}
[2.545576] (ydlidar_sdk) StderrLine: {'line': b'  136 |           printf("[YDLIDAR DEBUG] Thread [0x\x1b[01;35m\x1b[K%X\x1b[m\x1b[K] ready to cancel[%d]\\n", \x1b[32m\x1b[K_handle\x1b[m\x1b[K, s);\n'}
[2.545691] (ydlidar_sdk) StderrLine: {'line': b'      |                                             \x1b[01;35m\x1b[K~^\x1b[m\x1b[K                          \x1b[32m\x1b[K~~~~~~~\x1b[m\x1b[K\n'}
[2.545802] (ydlidar_sdk) StderrLine: {'line': b'      |                                              \x1b[01;35m\x1b[K|\x1b[m\x1b[K                          \x1b[32m\x1b[K|\x1b[m\x1b[K\n'}
[2.545913] (ydlidar_sdk) StderrLine: {'line': b'      |                                              \x1b[01;35m\x1b[Kunsigned int\x1b[m\x1b[K               \x1b[32m\x1b[K_size_t {aka long unsigned int}\x1b[m\x1b[K\n'}
[2.546034] (ydlidar_sdk) StderrLine: {'line': b'      |                                             \x1b[32m\x1b[K%lX\x1b[m\x1b[K\n'}
[2.550054] (ydlidar_sdk) StderrLine: {'line': b'\x1b[01m\x1b[K/home/ryo/ros2_ws/src/YDLidar-SDK/./core/base/thread.h:138:46:\x1b[m\x1b[K \x1b[01;35m\x1b[Kwarning: \x1b[m\x1b[Kformat \xe2\x80\x98\x1b[01m\x1b[K%X\x1b[m\x1b[K\xe2\x80\x99 expects argument of type \xe2\x80\x98\x1b[01m\x1b[Kunsigned int\x1b[m\x1b[K\xe2\x80\x99, but argument 2 has type \xe2\x80\x98\x1b[01m\x1b[K_size_t\x1b[m\x1b[K\xe2\x80\x99 {aka \xe2\x80\x98\x1b[01m\x1b[Klong unsigned int\x1b[m\x1b[K\xe2\x80\x99} [\x1b[01;35m\x1b[K\x1b]8;;https://gcc.gnu.org/onlinedocs/gcc/Warning-Options.html#index-Wformat=\x07-Wformat=\x1b]8;;\x07\x1b[m\x1b[K]\n'}
[2.550325] (ydlidar_sdk) StderrLine: {'line': b'  138 |           printf("[YDLIDAR DEBUG] Thread [0x\x1b[01;35m\x1b[K%X\x1b[m\x1b[K] ready to cancel[%d] time[%u]\\n",\n'}
[2.550455] (ydlidar_sdk) StderrLine: {'line': b'      |                                             \x1b[01;35m\x1b[K~^\x1b[m\x1b[K\n'}
[2.550567] (ydlidar_sdk) StderrLine: {'line': b'      |                                              \x1b[01;35m\x1b[K|\x1b[m\x1b[K\n'}
[2.550676] (ydlidar_sdk) StderrLine: {'line': b'      |                                              \x1b[01;35m\x1b[Kunsigned int\x1b[m\x1b[K\n'}
[2.550785] (ydlidar_sdk) StderrLine: {'line': b'      |                                             \x1b[32m\x1b[K%lX\x1b[m\x1b[K\n'}
[2.550891] (ydlidar_sdk) StderrLine: {'line': b'  139 |             \x1b[32m\x1b[K_handle\x1b[m\x1b[K, s, getms() - t);\n'}
[2.551007] (ydlidar_sdk) StderrLine: {'line': b'      |             \x1b[32m\x1b[K~~~~~~~\x1b[m\x1b[K                           \n'}
[2.551129] (ydlidar_sdk) StderrLine: {'line': b'      |             \x1b[32m\x1b[K|\x1b[m\x1b[K\n'}
[2.551238] (ydlidar_sdk) StderrLine: {'line': b'      |             \x1b[32m\x1b[K_size_t {aka long unsigned int}\x1b[m\x1b[K\n'}
[2.551345] (ydlidar_sdk) StderrLine: {'line': b'\x1b[01m\x1b[K/home/ryo/ros2_ws/src/YDLidar-SDK/./core/base/thread.h:142:42:\x1b[m\x1b[K \x1b[01;35m\x1b[Kwarning: \x1b[m\x1b[Kformat \xe2\x80\x98\x1b[01m\x1b[K%X\x1b[m\x1b[K\xe2\x80\x99 expects argument of type \xe2\x80\x98\x1b[01m\x1b[Kunsigned int\x1b[m\x1b[K\xe2\x80\x99, but argument 2 has type \xe2\x80\x98\x1b[01m\x1b[K_size_t\x1b[m\x1b[K\xe2\x80\x99 {aka \xe2\x80\x98\x1b[01m\x1b[Klong unsigned int\x1b[m\x1b[K\xe2\x80\x99} [\x1b[01;35m\x1b[K\x1b]8;;https://gcc.gnu.org/onlinedocs/gcc/Warning-Options.html#index-Wformat=\x07-Wformat=\x1b]8;;\x07\x1b[m\x1b[K]\n'}
[2.551465] (ydlidar_sdk) StderrLine: {'line': b'  142 |             printf("[YDLIDAR] Thread [0x\x1b[01;35m\x1b[K%X\x1b[m\x1b[K] has been canceled in other thread\\n", \x1b[32m\x1b[K_handle\x1b[m\x1b[K);\n'}
[2.551576] (ydlidar_sdk) StderrLine: {'line': b'      |                                         \x1b[01;35m\x1b[K~^\x1b[m\x1b[K                                        \x1b[32m\x1b[K~~~~~~~\x1b[m\x1b[K\n'}
[2.551683] (ydlidar_sdk) StderrLine: {'line': b'      |                                          \x1b[01;35m\x1b[K|\x1b[m\x1b[K                                        \x1b[32m\x1b[K|\x1b[m\x1b[K\n'}
[2.551804] (ydlidar_sdk) StderrLine: {'line': b'      |                                          \x1b[01;35m\x1b[Kunsigned int\x1b[m\x1b[K                             \x1b[32m\x1b[K_size_t {aka long unsigned int}\x1b[m\x1b[K\n'}
[2.551914] (ydlidar_sdk) StderrLine: {'line': b'      |                                         \x1b[32m\x1b[K%lX\x1b[m\x1b[K\n'}
[2.552031] (ydlidar_sdk) StderrLine: {'line': b'\x1b[01m\x1b[K/home/ryo/ros2_ws/src/YDLidar-SDK/./core/base/thread.h:147:74:\x1b[m\x1b[K \x1b[01;35m\x1b[Kwarning: \x1b[m\x1b[Kformat \xe2\x80\x98\x1b[01m\x1b[K%X\x1b[m\x1b[K\xe2\x80\x99 expects argument of type \xe2\x80\x98\x1b[01m\x1b[Kunsigned int\x1b[m\x1b[K\xe2\x80\x99, but argument 3 has type \xe2\x80\x98\x1b[01m\x1b[K_size_t\x1b[m\x1b[K\xe2\x80\x99 {aka \xe2\x80\x98\x1b[01m\x1b[Klong unsigned int\x1b[m\x1b[K\xe2\x80\x99} [\x1b[01;35m\x1b[K\x1b]8;;https://gcc.gnu.org/onlinedocs/gcc/Warning-Options.html#index-Wformat=\x07-Wformat=\x1b]8;;\x07\x1b[m\x1b[K]\n'}
[2.552156] (ydlidar_sdk) StderrLine: {'line': b'  147 |             fprintf(stderr, "[YDLIDAR] An error occurred while thread[0x\x1b[01;35m\x1b[K%X\x1b[m\x1b[K] cancelled!\\n", \x1b[32m\x1b[K_handle\x1b[m\x1b[K);\n'}
[2.552265] (ydlidar_sdk) StderrLine: {'line': b'      |                                                                         \x1b[01;35m\x1b[K~^\x1b[m\x1b[K                 \x1b[32m\x1b[K~~~~~~~\x1b[m\x1b[K\n'}
[2.552379] (ydlidar_sdk) StderrLine: {'line': b'      |                                                                          \x1b[01;35m\x1b[K|\x1b[m\x1b[K                 \x1b[32m\x1b[K|\x1b[m\x1b[K\n'}
[2.552487] (ydlidar_sdk) StderrLine: {'line': b'      |                                                                          \x1b[01;35m\x1b[Kunsigned int\x1b[m\x1b[K      \x1b[32m\x1b[K_size_t {aka long unsigned int}\x1b[m\x1b[K\n'}
[2.552594] (ydlidar_sdk) StderrLine: {'line': b'      |                                                                         \x1b[32m\x1b[K%lX\x1b[m\x1b[K\n'}
[2.552698] (ydlidar_sdk) StderrLine: {'line': b'\x1b[01m\x1b[K/home/ryo/ros2_ws/src/YDLidar-SDK/./core/base/thread.h:151:40:\x1b[m\x1b[K \x1b[01;35m\x1b[Kwarning: \x1b[m\x1b[Kformat \xe2\x80\x98\x1b[01m\x1b[K%X\x1b[m\x1b[K\xe2\x80\x99 expects argument of type \xe2\x80\x98\x1b[01m\x1b[Kunsigned int\x1b[m\x1b[K\xe2\x80\x99, but argument 2 has type \xe2\x80\x98\x1b[01m\x1b[K_size_t\x1b[m\x1b[K\xe2\x80\x99 {aka \xe2\x80\x98\x1b[01m\x1b[Klong unsigned int\x1b[m\x1b[K\xe2\x80\x99} [\x1b[01;35m\x1b[K\x1b]8;;https://gcc.gnu.org/onlinedocs/gcc/Warning-Options.html#index-Wformat=\x07-Wformat=\x1b]8;;\x07\x1b[m\x1b[K]\n'}
[2.552826] (ydlidar_sdk) StderrLine: {'line': b'  151 |           printf("[YDLIDAR] Thread [0x\x1b[01;35m\x1b[K%X\x1b[m\x1b[K] has been canceled\\n", \x1b[32m\x1b[K_handle\x1b[m\x1b[K);\n'}
[2.552934] (ydlidar_sdk) StderrLine: {'line': b'      |                                       \x1b[01;35m\x1b[K~^\x1b[m\x1b[K                        \x1b[32m\x1b[K~~~~~~~\x1b[m\x1b[K\n'}
[2.553054] (ydlidar_sdk) StderrLine: {'line': b'      |                                        \x1b[01;35m\x1b[K|\x1b[m\x1b[K                        \x1b[32m\x1b[K|\x1b[m\x1b[K\n'}
[2.553165] (ydlidar_sdk) StderrLine: {'line': b'      |                                        \x1b[01;35m\x1b[Kunsigned int\x1b[m\x1b[K             \x1b[32m\x1b[K_size_t {aka long unsigned int}\x1b[m\x1b[K\n'}
[2.553274] (ydlidar_sdk) StderrLine: {'line': b'      |                                       \x1b[32m\x1b[K%lX\x1b[m\x1b[K\n'}
[2.557041] (ydlidar_sdk) StderrLine: {'line': b'In file included from \x1b[01m\x1b[K/home/ryo/ros2_ws/src/YDLidar-SDK/./core/common/DriverInterface.h:5\x1b[m\x1b[K,\n'}
[2.557395] (ydlidar_sdk) StderrLine: {'line': b'                 from \x1b[01m\x1b[K/home/ryo/ros2_ws/src/YDLidar-SDK/src/CYdLidar.h:48\x1b[m\x1b[K,\n'}
[2.557534] (ydlidar_sdk) StderrLine: {'line': b'                 from \x1b[01m\x1b[K/home/ryo/ros2_ws/src/YDLidar-SDK/examples/scl_test.cpp:34\x1b[m\x1b[K:\n'}
[2.557650] (ydlidar_sdk) StderrLine: {'line': b'\x1b[01m\x1b[K/home/ryo/ros2_ws/src/YDLidar-SDK/./core/base/thread.h:\x1b[m\x1b[K In member function \xe2\x80\x98\x1b[01m\x1b[Kint ydlidar::core::base::Thread::join(long unsigned int)\x1b[m\x1b[K\xe2\x80\x99:\n'}
[2.557782] (ydlidar_sdk) StderrLine: {'line': b'\x1b[01m\x1b[K/home/ryo/ros2_ws/src/YDLidar-SDK/./core/base/thread.h:136:46:\x1b[m\x1b[K \x1b[01;35m\x1b[Kwarning: \x1b[m\x1b[Kformat \xe2\x80\x98\x1b[01m\x1b[K%X\x1b[m\x1b[K\xe2\x80\x99 expects argument of type \xe2\x80\x98\x1b[01m\x1b[Kunsigned int\x1b[m\x1b[K\xe2\x80\x99, but argument 2 has type \xe2\x80\x98\x1b[01m\x1b[K_size_t\x1b[m\x1b[K\xe2\x80\x99 {aka \xe2\x80\x98\x1b[01m\x1b[Klong unsigned int\x1b[m\x1b[K\xe2\x80\x99} [\x1b[01;35m\x1b[K\x1b]8;;https://gcc.gnu.org/onlinedocs/gcc/Warning-Options.html#index-Wformat=\x07-Wformat=\x1b]8;;\x07\x1b[m\x1b[K]\n'}
[2.557905] (ydlidar_sdk) StderrLine: {'line': b'  136 |           printf("[YDLIDAR DEBUG] Thread [0x\x1b[01;35m\x1b[K%X\x1b[m\x1b[K] ready to cancel[%d]\\n", \x1b[32m\x1b[K_handle\x1b[m\x1b[K, s);\n'}
[2.558029] (ydlidar_sdk) StderrLine: {'line': b'      |                                             \x1b[01;35m\x1b[K~^\x1b[m\x1b[K                          \x1b[32m\x1b[K~~~~~~~\x1b[m\x1b[K\n'}
[2.558151] (ydlidar_sdk) StderrLine: {'line': b'      |                                              \x1b[01;35m\x1b[K|\x1b[m\x1b[K                          \x1b[32m\x1b[K|\x1b[m\x1b[K\n'}
[2.558263] (ydlidar_sdk) StderrLine: {'line': b'      |                                              \x1b[01;35m\x1b[Kunsigned int\x1b[m\x1b[K               \x1b[32m\x1b[K_size_t {aka long unsigned int}\x1b[m\x1b[K\n'}
[2.558375] (ydlidar_sdk) StderrLine: {'line': b'      |                                             \x1b[32m\x1b[K%lX\x1b[m\x1b[K\n'}
[2.558485] (ydlidar_sdk) StderrLine: {'line': b'\x1b[01m\x1b[K/home/ryo/ros2_ws/src/YDLidar-SDK/./core/base/thread.h:138:46:\x1b[m\x1b[K \x1b[01;35m\x1b[Kwarning: \x1b[m\x1b[Kformat \xe2\x80\x98\x1b[01m\x1b[K%X\x1b[m\x1b[K\xe2\x80\x99 expects argument of type \xe2\x80\x98\x1b[01m\x1b[Kunsigned int\x1b[m\x1b[K\xe2\x80\x99, but argument 2 has type \xe2\x80\x98\x1b[01m\x1b[K_size_t\x1b[m\x1b[K\xe2\x80\x99 {aka \xe2\x80\x98\x1b[01m\x1b[Klong unsigned int\x1b[m\x1b[K\xe2\x80\x99} [\x1b[01;35m\x1b[K\x1b]8;;https://gcc.gnu.org/onlinedocs/gcc/Warning-Options.html#index-Wformat=\x07-Wformat=\x1b]8;;\x07\x1b[m\x1b[K]\n'}
[2.558611] (ydlidar_sdk) StderrLine: {'line': b'  138 |           printf("[YDLIDAR DEBUG] Thread [0x\x1b[01;35m\x1b[K%X\x1b[m\x1b[K] ready to cancel[%d] time[%u]\\n",\n'}
[2.558720] (ydlidar_sdk) StderrLine: {'line': b'      |                                             \x1b[01;35m\x1b[K~^\x1b[m\x1b[K\n'}
[2.558826] (ydlidar_sdk) StderrLine: {'line': b'      |                                              \x1b[01;35m\x1b[K|\x1b[m\x1b[K\n'}
[2.558931] (ydlidar_sdk) StderrLine: {'line': b'      |                                              \x1b[01;35m\x1b[Kunsigned int\x1b[m\x1b[K\n'}
[2.559052] (ydlidar_sdk) StderrLine: {'line': b'      |                                             \x1b[32m\x1b[K%lX\x1b[m\x1b[K\n'}
[2.559165] (ydlidar_sdk) StderrLine: {'line': b'  139 |             \x1b[32m\x1b[K_handle\x1b[m\x1b[K, s, getms() - t);\n'}
[2.559272] (ydlidar_sdk) StderrLine: {'line': b'      |             \x1b[32m\x1b[K~~~~~~~\x1b[m\x1b[K                           \n'}
[2.559382] (ydlidar_sdk) StderrLine: {'line': b'      |             \x1b[32m\x1b[K|\x1b[m\x1b[K\n'}
[2.559491] (ydlidar_sdk) StderrLine: {'line': b'      |             \x1b[32m\x1b[K_size_t {aka long unsigned int}\x1b[m\x1b[K\n'}
[2.559601] (ydlidar_sdk) StderrLine: {'line': b'\x1b[01m\x1b[K/home/ryo/ros2_ws/src/YDLidar-SDK/./core/base/thread.h:142:42:\x1b[m\x1b[K \x1b[01;35m\x1b[Kwarning: \x1b[m\x1b[Kformat \xe2\x80\x98\x1b[01m\x1b[K%X\x1b[m\x1b[K\xe2\x80\x99 expects argument of type \xe2\x80\x98\x1b[01m\x1b[Kunsigned int\x1b[m\x1b[K\xe2\x80\x99, but argument 2 has type \xe2\x80\x98\x1b[01m\x1b[K_size_t\x1b[m\x1b[K\xe2\x80\x99 {aka \xe2\x80\x98\x1b[01m\x1b[Klong unsigned int\x1b[m\x1b[K\xe2\x80\x99} [\x1b[01;35m\x1b[K\x1b]8;;https://gcc.gnu.org/onlinedocs/gcc/Warning-Options.html#index-Wformat=\x07-Wformat=\x1b]8;;\x07\x1b[m\x1b[K]\n'}
[2.559732] (ydlidar_sdk) StderrLine: {'line': b'  142 |             printf("[YDLIDAR] Thread [0x\x1b[01;35m\x1b[K%X\x1b[m\x1b[K] has been canceled in other thread\\n", \x1b[32m\x1b[K_handle\x1b[m\x1b[K);\n'}
[2.559843] (ydlidar_sdk) StderrLine: {'line': b'      |                                         \x1b[01;35m\x1b[K~^\x1b[m\x1b[K                                        \x1b[32m\x1b[K~~~~~~~\x1b[m\x1b[K\n'}
[2.559952] (ydlidar_sdk) StderrLine: {'line': b'      |                                          \x1b[01;35m\x1b[K|\x1b[m\x1b[K                                        \x1b[32m\x1b[K|\x1b[m\x1b[K\n'}
[2.560080] (ydlidar_sdk) StderrLine: {'line': b'      |                                          \x1b[01;35m\x1b[Kunsigned int\x1b[m\x1b[K                             \x1b[32m\x1b[K_size_t {aka long unsigned int}\x1b[m\x1b[K\n'}
[2.560202] (ydlidar_sdk) StderrLine: {'line': b'      |                                         \x1b[32m\x1b[K%lX\x1b[m\x1b[K\n'}
[2.560308] (ydlidar_sdk) StderrLine: {'line': b'\x1b[01m\x1b[K/home/ryo/ros2_ws/src/YDLidar-SDK/./core/base/thread.h:147:74:\x1b[m\x1b[K \x1b[01;35m\x1b[Kwarning: \x1b[m\x1b[Kformat \xe2\x80\x98\x1b[01m\x1b[K%X\x1b[m\x1b[K\xe2\x80\x99 expects argument of type \xe2\x80\x98\x1b[01m\x1b[Kunsigned int\x1b[m\x1b[K\xe2\x80\x99, but argument 3 has type \xe2\x80\x98\x1b[01m\x1b[K_size_t\x1b[m\x1b[K\xe2\x80\x99 {aka \xe2\x80\x98\x1b[01m\x1b[Klong unsigned int\x1b[m\x1b[K\xe2\x80\x99} [\x1b[01;35m\x1b[K\x1b]8;;https://gcc.gnu.org/onlinedocs/gcc/Warning-Options.html#index-Wformat=\x07-Wformat=\x1b]8;;\x07\x1b[m\x1b[K]\n'}
[2.560425] (ydlidar_sdk) StderrLine: {'line': b'  147 |             fprintf(stderr, "[YDLIDAR] An error occurred while thread[0x\x1b[01;35m\x1b[K%X\x1b[m\x1b[K] cancelled!\\n", \x1b[32m\x1b[K_handle\x1b[m\x1b[K);\n'}
[2.560542] (ydlidar_sdk) StderrLine: {'line': b'      |                                                                         \x1b[01;35m\x1b[K~^\x1b[m\x1b[K                 \x1b[32m\x1b[K~~~~~~~\x1b[m\x1b[K\n'}
[2.560653] (ydlidar_sdk) StderrLine: {'line': b'      |                                                                          \x1b[01;35m\x1b[K|\x1b[m\x1b[K                 \x1b[32m\x1b[K|\x1b[m\x1b[K\n'}
[2.560761] (ydlidar_sdk) StderrLine: {'line': b'      |                                                                          \x1b[01;35m\x1b[Kunsigned int\x1b[m\x1b[K      \x1b[32m\x1b[K_size_t {aka long unsigned int}\x1b[m\x1b[K\n'}
[2.560871] (ydlidar_sdk) StderrLine: {'line': b'      |                                                                         \x1b[32m\x1b[K%lX\x1b[m\x1b[K\n'}
[2.560980] (ydlidar_sdk) StderrLine: {'line': b'\x1b[01m\x1b[K/home/ryo/ros2_ws/src/YDLidar-SDK/./core/base/thread.h:151:40:\x1b[m\x1b[K \x1b[01;35m\x1b[Kwarning: \x1b[m\x1b[Kformat \xe2\x80\x98\x1b[01m\x1b[K%X\x1b[m\x1b[K\xe2\x80\x99 expects argument of type \xe2\x80\x98\x1b[01m\x1b[Kunsigned int\x1b[m\x1b[K\xe2\x80\x99, but argument 2 has type \xe2\x80\x98\x1b[01m\x1b[K_size_t\x1b[m\x1b[K\xe2\x80\x99 {aka \xe2\x80\x98\x1b[01m\x1b[Klong unsigned int\x1b[m\x1b[K\xe2\x80\x99} [\x1b[01;35m\x1b[K\x1b]8;;https://gcc.gnu.org/onlinedocs/gcc/Warning-Options.html#index-Wformat=\x07-Wformat=\x1b]8;;\x07\x1b[m\x1b[K]\n'}
[2.564297] (ydlidar_sdk) StderrLine: {'line': b'  151 |           printf("[YDLIDAR] Thread [0x\x1b[01;35m\x1b[K%X\x1b[m\x1b[K] has been canceled\\n", \x1b[32m\x1b[K_handle\x1b[m\x1b[K);\n'}
[2.564435] (ydlidar_sdk) StderrLine: {'line': b'      |                                       \x1b[01;35m\x1b[K~^\x1b[m\x1b[K                        \x1b[32m\x1b[K~~~~~~~\x1b[m\x1b[K\n'}
[2.564548] (ydlidar_sdk) StderrLine: {'line': b'      |                                        \x1b[01;35m\x1b[K|\x1b[m\x1b[K                        \x1b[32m\x1b[K|\x1b[m\x1b[K\n'}
[2.564656] (ydlidar_sdk) StderrLine: {'line': b'      |                                        \x1b[01;35m\x1b[Kunsigned int\x1b[m\x1b[K             \x1b[32m\x1b[K_size_t {aka long unsigned int}\x1b[m\x1b[K\n'}
[2.564776] (ydlidar_sdk) StderrLine: {'line': b'      |                                       \x1b[32m\x1b[K%lX\x1b[m\x1b[K\n'}
[2.606150] (ydlidar_sdk) StderrLine: {'line': b'In file included from \x1b[01m\x1b[K/home/ryo/ros2_ws/src/YDLidar-SDK/./core/common/DriverInterface.h:5\x1b[m\x1b[K,\n'}
[2.610228] (ydlidar_sdk) StderrLine: {'line': b'                 from \x1b[01m\x1b[K/home/ryo/ros2_ws/src/YDLidar-SDK/src/CYdLidar.h:48\x1b[m\x1b[K,\n'}
[2.610411] (ydlidar_sdk) StderrLine: {'line': b'                 from \x1b[01m\x1b[K/home/ryo/ros2_ws/src/YDLidar-SDK/examples/sdm18_test.cpp:34\x1b[m\x1b[K:\n'}
[2.610543] (ydlidar_sdk) StderrLine: {'line': b'\x1b[01m\x1b[K/home/ryo/ros2_ws/src/YDLidar-SDK/./core/base/thread.h:\x1b[m\x1b[K In member function \xe2\x80\x98\x1b[01m\x1b[Kint ydlidar::core::base::Thread::join(long unsigned int)\x1b[m\x1b[K\xe2\x80\x99:\n'}
[2.610661] (ydlidar_sdk) StderrLine: {'line': b'\x1b[01m\x1b[K/home/ryo/ros2_ws/src/YDLidar-SDK/./core/base/thread.h:136:46:\x1b[m\x1b[K \x1b[01;35m\x1b[Kwarning: \x1b[m\x1b[Kformat \xe2\x80\x98\x1b[01m\x1b[K%X\x1b[m\x1b[K\xe2\x80\x99 expects argument of type \xe2\x80\x98\x1b[01m\x1b[Kunsigned int\x1b[m\x1b[K\xe2\x80\x99, but argument 2 has type \xe2\x80\x98\x1b[01m\x1b[K_size_t\x1b[m\x1b[K\xe2\x80\x99 {aka \xe2\x80\x98\x1b[01m\x1b[Klong unsigned int\x1b[m\x1b[K\xe2\x80\x99} [\x1b[01;35m\x1b[K\x1b]8;;https://gcc.gnu.org/onlinedocs/gcc/Warning-Options.html#index-Wformat=\x07-Wformat=\x1b]8;;\x07\x1b[m\x1b[K]\n'}
[2.610780] (ydlidar_sdk) StderrLine: {'line': b'  136 |           printf("[YDLIDAR DEBUG] Thread [0x\x1b[01;35m\x1b[K%X\x1b[m\x1b[K] ready to cancel[%d]\\n", \x1b[32m\x1b[K_handle\x1b[m\x1b[K, s);\n'}
[2.610897] (ydlidar_sdk) StderrLine: {'line': b'      |                                             \x1b[01;35m\x1b[K~^\x1b[m\x1b[K                          \x1b[32m\x1b[K~~~~~~~\x1b[m\x1b[K\n'}
[2.611015] (ydlidar_sdk) StderrLine: {'line': b'      |                                              \x1b[01;35m\x1b[K|\x1b[m\x1b[K                          \x1b[32m\x1b[K|\x1b[m\x1b[K\n'}
[2.611137] (ydlidar_sdk) StderrLine: {'line': b'      |                                              \x1b[01;35m\x1b[Kunsigned int\x1b[m\x1b[K               \x1b[32m\x1b[K_size_t {aka long unsigned int}\x1b[m\x1b[K\n'}
[2.611254] (ydlidar_sdk) StderrLine: {'line': b'      |                                             \x1b[32m\x1b[K%lX\x1b[m\x1b[K\n'}
[2.611367] (ydlidar_sdk) StderrLine: {'line': b'\x1b[01m\x1b[K/home/ryo/ros2_ws/src/YDLidar-SDK/./core/base/thread.h:138:46:\x1b[m\x1b[K \x1b[01;35m\x1b[Kwarning: \x1b[m\x1b[Kformat \xe2\x80\x98\x1b[01m\x1b[K%X\x1b[m\x1b[K\xe2\x80\x99 expects argument of type \xe2\x80\x98\x1b[01m\x1b[Kunsigned int\x1b[m\x1b[K\xe2\x80\x99, but argument 2 has type \xe2\x80\x98\x1b[01m\x1b[K_size_t\x1b[m\x1b[K\xe2\x80\x99 {aka \xe2\x80\x98\x1b[01m\x1b[Klong unsigned int\x1b[m\x1b[K\xe2\x80\x99} [\x1b[01;35m\x1b[K\x1b]8;;https://gcc.gnu.org/onlinedocs/gcc/Warning-Options.html#index-Wformat=\x07-Wformat=\x1b]8;;\x07\x1b[m\x1b[K]\n'}
[2.611611] (ydlidar_sdk) StderrLine: {'line': b'  138 |           printf("[YDLIDAR DEBUG] Thread [0x\x1b[01;35m\x1b[K%X\x1b[m\x1b[K] ready to cancel[%d] time[%u]\\n",\n'}
[2.611774] (ydlidar_sdk) StderrLine: {'line': b'      |                                             \x1b[01;35m\x1b[K~^\x1b[m\x1b[K\n'}
[2.611923] (ydlidar_sdk) StderrLine: {'line': b'      |                                              \x1b[01;35m\x1b[K|\x1b[m\x1b[K\n'}
[2.612177] (ydlidar_sdk) StderrLine: {'line': b'      |                                              \x1b[01;35m\x1b[Kunsigned int\x1b[m\x1b[K\n'}
[2.612312] (ydlidar_sdk) StderrLine: {'line': b'      |                                             \x1b[32m\x1b[K%lX\x1b[m\x1b[K\n'}
[2.612444] (ydlidar_sdk) StderrLine: {'line': b'  139 |             \x1b[32m\x1b[K_handle\x1b[m\x1b[K, s, getms() - t);\n'}
[2.612574] (ydlidar_sdk) StderrLine: {'line': b'      |             \x1b[32m\x1b[K~~~~~~~\x1b[m\x1b[K                           \n'}
[2.612856] (ydlidar_sdk) StderrLine: {'line': b'      |             \x1b[32m\x1b[K|\x1b[m\x1b[K\n'}
[2.612994] (ydlidar_sdk) StderrLine: {'line': b'      |             \x1b[32m\x1b[K_size_t {aka long unsigned int}\x1b[m\x1b[K\n'}
[2.613114] (ydlidar_sdk) StderrLine: {'line': b'\x1b[01m\x1b[K/home/ryo/ros2_ws/src/YDLidar-SDK/./core/base/thread.h:142:42:\x1b[m\x1b[K \x1b[01;35m\x1b[Kwarning: \x1b[m\x1b[Kformat \xe2\x80\x98\x1b[01m\x1b[K%X\x1b[m\x1b[K\xe2\x80\x99 expects argument of type \xe2\x80\x98\x1b[01m\x1b[Kunsigned int\x1b[m\x1b[K\xe2\x80\x99, but argument 2 has type \xe2\x80\x98\x1b[01m\x1b[K_size_t\x1b[m\x1b[K\xe2\x80\x99 {aka \xe2\x80\x98\x1b[01m\x1b[Klong unsigned int\x1b[m\x1b[K\xe2\x80\x99} [\x1b[01;35m\x1b[K\x1b]8;;https://gcc.gnu.org/onlinedocs/gcc/Warning-Options.html#index-Wformat=\x07-Wformat=\x1b]8;;\x07\x1b[m\x1b[K]\n'}
[2.613232] (ydlidar_sdk) StderrLine: {'line': b'  142 |             printf("[YDLIDAR] Thread [0x\x1b[01;35m\x1b[K%X\x1b[m\x1b[K] has been canceled in other thread\\n", \x1b[32m\x1b[K_handle\x1b[m\x1b[K);\n'}
[2.613342] (ydlidar_sdk) StderrLine: {'line': b'      |                                         \x1b[01;35m\x1b[K~^\x1b[m\x1b[K                                        \x1b[32m\x1b[K~~~~~~~\x1b[m\x1b[K\n'}
[2.613449] (ydlidar_sdk) StderrLine: {'line': b'      |                                          \x1b[01;35m\x1b[K|\x1b[m\x1b[K                                        \x1b[32m\x1b[K|\x1b[m\x1b[K\n'}
[2.613563] (ydlidar_sdk) StderrLine: {'line': b'      |                                          \x1b[01;35m\x1b[Kunsigned int\x1b[m\x1b[K                             \x1b[32m\x1b[K_size_t {aka long unsigned int}\x1b[m\x1b[K\n'}
[2.613671] (ydlidar_sdk) StderrLine: {'line': b'      |                                         \x1b[32m\x1b[K%lX\x1b[m\x1b[K\n'}
[2.613776] (ydlidar_sdk) StderrLine: {'line': b'\x1b[01m\x1b[K/home/ryo/ros2_ws/src/YDLidar-SDK/./core/base/thread.h:147:74:\x1b[m\x1b[K \x1b[01;35m\x1b[Kwarning: \x1b[m\x1b[Kformat \xe2\x80\x98\x1b[01m\x1b[K%X\x1b[m\x1b[K\xe2\x80\x99 expects argument of type \xe2\x80\x98\x1b[01m\x1b[Kunsigned int\x1b[m\x1b[K\xe2\x80\x99, but argument 3 has type \xe2\x80\x98\x1b[01m\x1b[K_size_t\x1b[m\x1b[K\xe2\x80\x99 {aka \xe2\x80\x98\x1b[01m\x1b[Klong unsigned int\x1b[m\x1b[K\xe2\x80\x99} [\x1b[01;35m\x1b[K\x1b]8;;https://gcc.gnu.org/onlinedocs/gcc/Warning-Options.html#index-Wformat=\x07-Wformat=\x1b]8;;\x07\x1b[m\x1b[K]\n'}
[2.613892] (ydlidar_sdk) StderrLine: {'line': b'  147 |             fprintf(stderr, "[YDLIDAR] An error occurred while thread[0x\x1b[01;35m\x1b[K%X\x1b[m\x1b[K] cancelled!\\n", \x1b[32m\x1b[K_handle\x1b[m\x1b[K);\n'}
[2.614006] (ydlidar_sdk) StderrLine: {'line': b'      |                                                                         \x1b[01;35m\x1b[K~^\x1b[m\x1b[K                 \x1b[32m\x1b[K~~~~~~~\x1b[m\x1b[K\n'}
[2.614124] (ydlidar_sdk) StderrLine: {'line': b'      |                                                                          \x1b[01;35m\x1b[K|\x1b[m\x1b[K                 \x1b[32m\x1b[K|\x1b[m\x1b[K\n'}
[2.614231] (ydlidar_sdk) StderrLine: {'line': b'      |                                                                          \x1b[01;35m\x1b[Kunsigned int\x1b[m\x1b[K      \x1b[32m\x1b[K_size_t {aka long unsigned int}\x1b[m\x1b[K\n'}
[2.614339] (ydlidar_sdk) StderrLine: {'line': b'      |                                                                         \x1b[32m\x1b[K%lX\x1b[m\x1b[K\n'}
[2.614443] (ydlidar_sdk) StderrLine: {'line': b'\x1b[01m\x1b[K/home/ryo/ros2_ws/src/YDLidar-SDK/./core/base/thread.h:151:40:\x1b[m\x1b[K \x1b[01;35m\x1b[Kwarning: \x1b[m\x1b[Kformat \xe2\x80\x98\x1b[01m\x1b[K%X\x1b[m\x1b[K\xe2\x80\x99 expects argument of type \xe2\x80\x98\x1b[01m\x1b[Kunsigned int\x1b[m\x1b[K\xe2\x80\x99, but argument 2 has type \xe2\x80\x98\x1b[01m\x1b[K_size_t\x1b[m\x1b[K\xe2\x80\x99 {aka \xe2\x80\x98\x1b[01m\x1b[Klong unsigned int\x1b[m\x1b[K\xe2\x80\x99} [\x1b[01;35m\x1b[K\x1b]8;;https://gcc.gnu.org/onlinedocs/gcc/Warning-Options.html#index-Wformat=\x07-Wformat=\x1b]8;;\x07\x1b[m\x1b[K]\n'}
[2.614555] (ydlidar_sdk) StderrLine: {'line': b'  151 |           printf("[YDLIDAR] Thread [0x\x1b[01;35m\x1b[K%X\x1b[m\x1b[K] has been canceled\\n", \x1b[32m\x1b[K_handle\x1b[m\x1b[K);\n'}
[2.614668] (ydlidar_sdk) StderrLine: {'line': b'      |                                       \x1b[01;35m\x1b[K~^\x1b[m\x1b[K                        \x1b[32m\x1b[K~~~~~~~\x1b[m\x1b[K\n'}
[2.614769] (ydlidar_sdk) StderrLine: {'line': b'      |                                        \x1b[01;35m\x1b[K|\x1b[m\x1b[K                        \x1b[32m\x1b[K|\x1b[m\x1b[K\n'}
[2.614869] (ydlidar_sdk) StderrLine: {'line': b'      |                                        \x1b[01;35m\x1b[Kunsigned int\x1b[m\x1b[K             \x1b[32m\x1b[K_size_t {aka long unsigned int}\x1b[m\x1b[K\n'}
[2.614972] (ydlidar_sdk) StderrLine: {'line': b'      |                                       \x1b[32m\x1b[K%lX\x1b[m\x1b[K\n'}
[2.615089] (ydlidar_sdk) StderrLine: {'line': b'In file included from \x1b[01m\x1b[K/home/ryo/ros2_ws/src/YDLidar-SDK/./core/common/DriverInterface.h:5\x1b[m\x1b[K,\n'}
[2.615197] (ydlidar_sdk) StderrLine: {'line': b'                 from \x1b[01m\x1b[K/home/ryo/ros2_ws/src/YDLidar-SDK/src/CYdLidar.h:48\x1b[m\x1b[K,\n'}
[2.615300] (ydlidar_sdk) StderrLine: {'line': b'                 from \x1b[01m\x1b[K/home/ryo/ros2_ws/src/YDLidar-SDK/examples/tmini_test.cpp:34\x1b[m\x1b[K:\n'}
[2.615402] (ydlidar_sdk) StderrLine: {'line': b'\x1b[01m\x1b[K/home/ryo/ros2_ws/src/YDLidar-SDK/./core/base/thread.h:\x1b[m\x1b[K In member function \xe2\x80\x98\x1b[01m\x1b[Kint ydlidar::core::base::Thread::join(long unsigned int)\x1b[m\x1b[K\xe2\x80\x99:\n'}
[2.615507] (ydlidar_sdk) StderrLine: {'line': b'\x1b[01m\x1b[K/home/ryo/ros2_ws/src/YDLidar-SDK/./core/base/thread.h:136:46:\x1b[m\x1b[K \x1b[01;35m\x1b[Kwarning: \x1b[m\x1b[Kformat \xe2\x80\x98\x1b[01m\x1b[K%X\x1b[m\x1b[K\xe2\x80\x99 expects argument of type \xe2\x80\x98\x1b[01m\x1b[Kunsigned int\x1b[m\x1b[K\xe2\x80\x99, but argument 2 has type \xe2\x80\x98\x1b[01m\x1b[K_size_t\x1b[m\x1b[K\xe2\x80\x99 {aka \xe2\x80\x98\x1b[01m\x1b[Klong unsigned int\x1b[m\x1b[K\xe2\x80\x99} [\x1b[01;35m\x1b[K\x1b]8;;https://gcc.gnu.org/onlinedocs/gcc/Warning-Options.html#index-Wformat=\x07-Wformat=\x1b]8;;\x07\x1b[m\x1b[K]\n'}
[2.615633] (ydlidar_sdk) StderrLine: {'line': b'  136 |           printf("[YDLIDAR DEBUG] Thread [0x\x1b[01;35m\x1b[K%X\x1b[m\x1b[K] ready to cancel[%d]\\n", \x1b[32m\x1b[K_handle\x1b[m\x1b[K, s);\n'}
[2.615739] (ydlidar_sdk) StderrLine: {'line': b'      |                                             \x1b[01;35m\x1b[K~^\x1b[m\x1b[K                          \x1b[32m\x1b[K~~~~~~~\x1b[m\x1b[K\n'}
[2.615840] (ydlidar_sdk) StderrLine: {'line': b'      |                                              \x1b[01;35m\x1b[K|\x1b[m\x1b[K                          \x1b[32m\x1b[K|\x1b[m\x1b[K\n'}
[2.615941] (ydlidar_sdk) StderrLine: {'line': b'      |                                              \x1b[01;35m\x1b[Kunsigned int\x1b[m\x1b[K               \x1b[32m\x1b[K_size_t {aka long unsigned int}\x1b[m\x1b[K\n'}
[2.619196] (-) TimerEvent: {}
[2.619446] (ydlidar_sdk) StderrLine: {'line': b'      |                                             \x1b[32m\x1b[K%lX\x1b[m\x1b[K\n'}
[2.619588] (ydlidar_sdk) StderrLine: {'line': b'\x1b[01m\x1b[K/home/ryo/ros2_ws/src/YDLidar-SDK/./core/base/thread.h:138:46:\x1b[m\x1b[K \x1b[01;35m\x1b[Kwarning: \x1b[m\x1b[Kformat \xe2\x80\x98\x1b[01m\x1b[K%X\x1b[m\x1b[K\xe2\x80\x99 expects argument of type \xe2\x80\x98\x1b[01m\x1b[Kunsigned int\x1b[m\x1b[K\xe2\x80\x99, but argument 2 has type \xe2\x80\x98\x1b[01m\x1b[K_size_t\x1b[m\x1b[K\xe2\x80\x99 {aka \xe2\x80\x98\x1b[01m\x1b[Klong unsigned int\x1b[m\x1b[K\xe2\x80\x99} [\x1b[01;35m\x1b[K\x1b]8;;https://gcc.gnu.org/onlinedocs/gcc/Warning-Options.html#index-Wformat=\x07-Wformat=\x1b]8;;\x07\x1b[m\x1b[K]\n'}
[2.619722] (ydlidar_sdk) StderrLine: {'line': b'  138 |           printf("[YDLIDAR DEBUG] Thread [0x\x1b[01;35m\x1b[K%X\x1b[m\x1b[K] ready to cancel[%d] time[%u]\\n",\n'}
[2.619831] (ydlidar_sdk) StderrLine: {'line': b'      |                                             \x1b[01;35m\x1b[K~^\x1b[m\x1b[K\n'}
[2.619944] (ydlidar_sdk) StderrLine: {'line': b'      |                                              \x1b[01;35m\x1b[K|\x1b[m\x1b[K\n'}
[2.620070] (ydlidar_sdk) StderrLine: {'line': b'      |                                              \x1b[01;35m\x1b[Kunsigned int\x1b[m\x1b[K\n'}
[2.620178] (ydlidar_sdk) StderrLine: {'line': b'      |                                             \x1b[32m\x1b[K%lX\x1b[m\x1b[K\n'}
[2.620280] (ydlidar_sdk) StderrLine: {'line': b'  139 |             \x1b[32m\x1b[K_handle\x1b[m\x1b[K, s, getms() - t);\n'}
[2.620384] (ydlidar_sdk) StderrLine: {'line': b'      |             \x1b[32m\x1b[K~~~~~~~\x1b[m\x1b[K                           \n'}
[2.620488] (ydlidar_sdk) StderrLine: {'line': b'      |             \x1b[32m\x1b[K|\x1b[m\x1b[K\n'}
[2.620591] (ydlidar_sdk) StderrLine: {'line': b'      |             \x1b[32m\x1b[K_size_t {aka long unsigned int}\x1b[m\x1b[K\n'}
[2.620696] (ydlidar_sdk) StderrLine: {'line': b'\x1b[01m\x1b[K/home/ryo/ros2_ws/src/YDLidar-SDK/./core/base/thread.h:142:42:\x1b[m\x1b[K \x1b[01;35m\x1b[Kwarning: \x1b[m\x1b[Kformat \xe2\x80\x98\x1b[01m\x1b[K%X\x1b[m\x1b[K\xe2\x80\x99 expects argument of type \xe2\x80\x98\x1b[01m\x1b[Kunsigned int\x1b[m\x1b[K\xe2\x80\x99, but argument 2 has type \xe2\x80\x98\x1b[01m\x1b[K_size_t\x1b[m\x1b[K\xe2\x80\x99 {aka \xe2\x80\x98\x1b[01m\x1b[Klong unsigned int\x1b[m\x1b[K\xe2\x80\x99} [\x1b[01;35m\x1b[K\x1b]8;;https://gcc.gnu.org/onlinedocs/gcc/Warning-Options.html#index-Wformat=\x07-Wformat=\x1b]8;;\x07\x1b[m\x1b[K]\n'}
[2.620810] (ydlidar_sdk) StderrLine: {'line': b'  142 |             printf("[YDLIDAR] Thread [0x\x1b[01;35m\x1b[K%X\x1b[m\x1b[K] has been canceled in other thread\\n", \x1b[32m\x1b[K_handle\x1b[m\x1b[K);\n'}
[2.620918] (ydlidar_sdk) StderrLine: {'line': b'      |                                         \x1b[01;35m\x1b[K~^\x1b[m\x1b[K                                        \x1b[32m\x1b[K~~~~~~~\x1b[m\x1b[K\n'}
[2.621035] (ydlidar_sdk) StderrLine: {'line': b'      |                                          \x1b[01;35m\x1b[K|\x1b[m\x1b[K                                        \x1b[32m\x1b[K|\x1b[m\x1b[K\n'}
[2.621150] (ydlidar_sdk) StderrLine: {'line': b'      |                                          \x1b[01;35m\x1b[Kunsigned int\x1b[m\x1b[K                             \x1b[32m\x1b[K_size_t {aka long unsigned int}\x1b[m\x1b[K\n'}
[2.621280] (ydlidar_sdk) StderrLine: {'line': b'      |                                         \x1b[32m\x1b[K%lX\x1b[m\x1b[K\n'}
[2.621394] (ydlidar_sdk) StderrLine: {'line': b'\x1b[01m\x1b[K/home/ryo/ros2_ws/src/YDLidar-SDK/./core/base/thread.h:147:74:\x1b[m\x1b[K \x1b[01;35m\x1b[Kwarning: \x1b[m\x1b[Kformat \xe2\x80\x98\x1b[01m\x1b[K%X\x1b[m\x1b[K\xe2\x80\x99 expects argument of type \xe2\x80\x98\x1b[01m\x1b[Kunsigned int\x1b[m\x1b[K\xe2\x80\x99, but argument 3 has type \xe2\x80\x98\x1b[01m\x1b[K_size_t\x1b[m\x1b[K\xe2\x80\x99 {aka \xe2\x80\x98\x1b[01m\x1b[Klong unsigned int\x1b[m\x1b[K\xe2\x80\x99} [\x1b[01;35m\x1b[K\x1b]8;;https://gcc.gnu.org/onlinedocs/gcc/Warning-Options.html#index-Wformat=\x07-Wformat=\x1b]8;;\x07\x1b[m\x1b[K]\n'}
[2.621515] (ydlidar_sdk) StderrLine: {'line': b'  147 |             fprintf(stderr, "[YDLIDAR] An error occurred while thread[0x\x1b[01;35m\x1b[K%X\x1b[m\x1b[K] cancelled!\\n", \x1b[32m\x1b[K_handle\x1b[m\x1b[K);\n'}
[2.621627] (ydlidar_sdk) StderrLine: {'line': b'      |                                                                         \x1b[01;35m\x1b[K~^\x1b[m\x1b[K                 \x1b[32m\x1b[K~~~~~~~\x1b[m\x1b[K\n'}
[2.621739] (ydlidar_sdk) StderrLine: {'line': b'      |                                                                          \x1b[01;35m\x1b[K|\x1b[m\x1b[K                 \x1b[32m\x1b[K|\x1b[m\x1b[K\n'}
[2.621854] (ydlidar_sdk) StderrLine: {'line': b'      |                                                                          \x1b[01;35m\x1b[Kunsigned int\x1b[m\x1b[K      \x1b[32m\x1b[K_size_t {aka long unsigned int}\x1b[m\x1b[K\n'}
[2.621968] (ydlidar_sdk) StderrLine: {'line': b'      |                                                                         \x1b[32m\x1b[K%lX\x1b[m\x1b[K\n'}
[2.622107] (ydlidar_sdk) StderrLine: {'line': b'\x1b[01m\x1b[K/home/ryo/ros2_ws/src/YDLidar-SDK/./core/base/thread.h:151:40:\x1b[m\x1b[K \x1b[01;35m\x1b[Kwarning: \x1b[m\x1b[Kformat \xe2\x80\x98\x1b[01m\x1b[K%X\x1b[m\x1b[K\xe2\x80\x99 expects argument of type \xe2\x80\x98\x1b[01m\x1b[Kunsigned int\x1b[m\x1b[K\xe2\x80\x99, but argument 2 has type \xe2\x80\x98\x1b[01m\x1b[K_size_t\x1b[m\x1b[K\xe2\x80\x99 {aka \xe2\x80\x98\x1b[01m\x1b[Klong unsigned int\x1b[m\x1b[K\xe2\x80\x99} [\x1b[01;35m\x1b[K\x1b]8;;https://gcc.gnu.org/onlinedocs/gcc/Warning-Options.html#index-Wformat=\x07-Wformat=\x1b]8;;\x07\x1b[m\x1b[K]\n'}
[2.622262] (ydlidar_sdk) StderrLine: {'line': b'  151 |           printf("[YDLIDAR] Thread [0x\x1b[01;35m\x1b[K%X\x1b[m\x1b[K] has been canceled\\n", \x1b[32m\x1b[K_handle\x1b[m\x1b[K);\n'}
[2.622374] (ydlidar_sdk) StderrLine: {'line': b'      |                                       \x1b[01;35m\x1b[K~^\x1b[m\x1b[K                        \x1b[32m\x1b[K~~~~~~~\x1b[m\x1b[K\n'}
[2.622484] (ydlidar_sdk) StderrLine: {'line': b'      |                                        \x1b[01;35m\x1b[K|\x1b[m\x1b[K                        \x1b[32m\x1b[K|\x1b[m\x1b[K\n'}
[2.622591] (ydlidar_sdk) StderrLine: {'line': b'      |                                        \x1b[01;35m\x1b[Kunsigned int\x1b[m\x1b[K             \x1b[32m\x1b[K_size_t {aka long unsigned int}\x1b[m\x1b[K\n'}
[2.622698] (ydlidar_sdk) StderrLine: {'line': b'      |                                       \x1b[32m\x1b[K%lX\x1b[m\x1b[K\n'}
[2.644056] (ydlidar_sdk) StderrLine: {'line': b'In file included from \x1b[01m\x1b[K/home/ryo/ros2_ws/src/YDLidar-SDK/./core/common/DriverInterface.h:5\x1b[m\x1b[K,\n'}
[2.644311] (ydlidar_sdk) StderrLine: {'line': b'                 from \x1b[01m\x1b[K/home/ryo/ros2_ws/src/YDLidar-SDK/src/CYdLidar.h:48\x1b[m\x1b[K,\n'}
[2.644441] (ydlidar_sdk) StderrLine: {'line': b'                 from \x1b[01m\x1b[K/home/ryo/ros2_ws/src/YDLidar-SDK/examples/sdm_test.cpp:34\x1b[m\x1b[K:\n'}
[2.644558] (ydlidar_sdk) StderrLine: {'line': b'\x1b[01m\x1b[K/home/ryo/ros2_ws/src/YDLidar-SDK/./core/base/thread.h:\x1b[m\x1b[K In member function \xe2\x80\x98\x1b[01m\x1b[Kint ydlidar::core::base::Thread::join(long unsigned int)\x1b[m\x1b[K\xe2\x80\x99:\n'}
[2.644675] (ydlidar_sdk) StderrLine: {'line': b'\x1b[01m\x1b[K/home/ryo/ros2_ws/src/YDLidar-SDK/./core/base/thread.h:136:46:\x1b[m\x1b[K \x1b[01;35m\x1b[Kwarning: \x1b[m\x1b[Kformat \xe2\x80\x98\x1b[01m\x1b[K%X\x1b[m\x1b[K\xe2\x80\x99 expects argument of type \xe2\x80\x98\x1b[01m\x1b[Kunsigned int\x1b[m\x1b[K\xe2\x80\x99, but argument 2 has type \xe2\x80\x98\x1b[01m\x1b[K_size_t\x1b[m\x1b[K\xe2\x80\x99 {aka \xe2\x80\x98\x1b[01m\x1b[Klong unsigned int\x1b[m\x1b[K\xe2\x80\x99} [\x1b[01;35m\x1b[K\x1b]8;;https://gcc.gnu.org/onlinedocs/gcc/Warning-Options.html#index-Wformat=\x07-Wformat=\x1b]8;;\x07\x1b[m\x1b[K]\n'}
[2.644810] (ydlidar_sdk) StderrLine: {'line': b'  136 |           printf("[YDLIDAR DEBUG] Thread [0x\x1b[01;35m\x1b[K%X\x1b[m\x1b[K] ready to cancel[%d]\\n", \x1b[32m\x1b[K_handle\x1b[m\x1b[K, s);\n'}
[2.644926] (ydlidar_sdk) StderrLine: {'line': b'      |                                             \x1b[01;35m\x1b[K~^\x1b[m\x1b[K                          \x1b[32m\x1b[K~~~~~~~\x1b[m\x1b[K\n'}
[2.645059] (ydlidar_sdk) StderrLine: {'line': b'      |                                              \x1b[01;35m\x1b[K|\x1b[m\x1b[K                          \x1b[32m\x1b[K|\x1b[m\x1b[K\n'}
[2.645179] (ydlidar_sdk) StderrLine: {'line': b'      |                                              \x1b[01;35m\x1b[Kunsigned int\x1b[m\x1b[K               \x1b[32m\x1b[K_size_t {aka long unsigned int}\x1b[m\x1b[K\n'}
[2.645288] (ydlidar_sdk) StderrLine: {'line': b'      |                                             \x1b[32m\x1b[K%lX\x1b[m\x1b[K\n'}
[2.645397] (ydlidar_sdk) StderrLine: {'line': b'\x1b[01m\x1b[K/home/ryo/ros2_ws/src/YDLidar-SDK/./core/base/thread.h:138:46:\x1b[m\x1b[K \x1b[01;35m\x1b[Kwarning: \x1b[m\x1b[Kformat \xe2\x80\x98\x1b[01m\x1b[K%X\x1b[m\x1b[K\xe2\x80\x99 expects argument of type \xe2\x80\x98\x1b[01m\x1b[Kunsigned int\x1b[m\x1b[K\xe2\x80\x99, but argument 2 has type \xe2\x80\x98\x1b[01m\x1b[K_size_t\x1b[m\x1b[K\xe2\x80\x99 {aka \xe2\x80\x98\x1b[01m\x1b[Klong unsigned int\x1b[m\x1b[K\xe2\x80\x99} [\x1b[01;35m\x1b[K\x1b]8;;https://gcc.gnu.org/onlinedocs/gcc/Warning-Options.html#index-Wformat=\x07-Wformat=\x1b]8;;\x07\x1b[m\x1b[K]\n'}
[2.645527] (ydlidar_sdk) StderrLine: {'line': b'  138 |           printf("[YDLIDAR DEBUG] Thread [0x\x1b[01;35m\x1b[K%X\x1b[m\x1b[K] ready to cancel[%d] time[%u]\\n",\n'}
[2.645641] (ydlidar_sdk) StderrLine: {'line': b'      |                                             \x1b[01;35m\x1b[K~^\x1b[m\x1b[K\n'}
[2.645749] (ydlidar_sdk) StderrLine: {'line': b'      |                                              \x1b[01;35m\x1b[K|\x1b[m\x1b[K\n'}
[2.645856] (ydlidar_sdk) StderrLine: {'line': b'      |                                              \x1b[01;35m\x1b[Kunsigned int\x1b[m\x1b[K\n'}
[2.645966] (ydlidar_sdk) StderrLine: {'line': b'      |                                             \x1b[32m\x1b[K%lX\x1b[m\x1b[K\n'}
[2.646094] (ydlidar_sdk) StderrLine: {'line': b'  139 |             \x1b[32m\x1b[K_handle\x1b[m\x1b[K, s, getms() - t);\n'}
[2.646205] (ydlidar_sdk) StderrLine: {'line': b'      |             \x1b[32m\x1b[K~~~~~~~\x1b[m\x1b[K                           \n'}
[2.646313] (ydlidar_sdk) StderrLine: {'line': b'      |             \x1b[32m\x1b[K|\x1b[m\x1b[K\n'}
[2.646419] (ydlidar_sdk) StderrLine: {'line': b'      |             \x1b[32m\x1b[K_size_t {aka long unsigned int}\x1b[m\x1b[K\n'}
[2.646525] (ydlidar_sdk) StderrLine: {'line': b'\x1b[01m\x1b[K/home/ryo/ros2_ws/src/YDLidar-SDK/./core/base/thread.h:142:42:\x1b[m\x1b[K \x1b[01;35m\x1b[Kwarning: \x1b[m\x1b[Kformat \xe2\x80\x98\x1b[01m\x1b[K%X\x1b[m\x1b[K\xe2\x80\x99 expects argument of type \xe2\x80\x98\x1b[01m\x1b[Kunsigned int\x1b[m\x1b[K\xe2\x80\x99, but argument 2 has type \xe2\x80\x98\x1b[01m\x1b[K_size_t\x1b[m\x1b[K\xe2\x80\x99 {aka \xe2\x80\x98\x1b[01m\x1b[Klong unsigned int\x1b[m\x1b[K\xe2\x80\x99} [\x1b[01;35m\x1b[K\x1b]8;;https://gcc.gnu.org/onlinedocs/gcc/Warning-Options.html#index-Wformat=\x07-Wformat=\x1b]8;;\x07\x1b[m\x1b[K]\n'}
[2.646643] (ydlidar_sdk) StderrLine: {'line': b'  142 |             printf("[YDLIDAR] Thread [0x\x1b[01;35m\x1b[K%X\x1b[m\x1b[K] has been canceled in other thread\\n", \x1b[32m\x1b[K_handle\x1b[m\x1b[K);\n'}
[2.646764] (ydlidar_sdk) StderrLine: {'line': b'      |                                         \x1b[01;35m\x1b[K~^\x1b[m\x1b[K                                        \x1b[32m\x1b[K~~~~~~~\x1b[m\x1b[K\n'}
[2.646873] (ydlidar_sdk) StderrLine: {'line': b'      |                                          \x1b[01;35m\x1b[K|\x1b[m\x1b[K                                        \x1b[32m\x1b[K|\x1b[m\x1b[K\n'}
[2.646981] (ydlidar_sdk) StderrLine: {'line': b'      |                                          \x1b[01;35m\x1b[Kunsigned int\x1b[m\x1b[K                             \x1b[32m\x1b[K_size_t {aka long unsigned int}\x1b[m\x1b[K\n'}
[2.647121] (ydlidar_sdk) StderrLine: {'line': b'      |                                         \x1b[32m\x1b[K%lX\x1b[m\x1b[K\n'}
[2.647230] (ydlidar_sdk) StderrLine: {'line': b'\x1b[01m\x1b[K/home/ryo/ros2_ws/src/YDLidar-SDK/./core/base/thread.h:147:74:\x1b[m\x1b[K \x1b[01;35m\x1b[Kwarning: \x1b[m\x1b[Kformat \xe2\x80\x98\x1b[01m\x1b[K%X\x1b[m\x1b[K\xe2\x80\x99 expects argument of type \xe2\x80\x98\x1b[01m\x1b[Kunsigned int\x1b[m\x1b[K\xe2\x80\x99, but argument 3 has type \xe2\x80\x98\x1b[01m\x1b[K_size_t\x1b[m\x1b[K\xe2\x80\x99 {aka \xe2\x80\x98\x1b[01m\x1b[Klong unsigned int\x1b[m\x1b[K\xe2\x80\x99} [\x1b[01;35m\x1b[K\x1b]8;;https://gcc.gnu.org/onlinedocs/gcc/Warning-Options.html#index-Wformat=\x07-Wformat=\x1b]8;;\x07\x1b[m\x1b[K]\n'}
[2.647348] (ydlidar_sdk) StderrLine: {'line': b'  147 |             fprintf(stderr, "[YDLIDAR] An error occurred while thread[0x\x1b[01;35m\x1b[K%X\x1b[m\x1b[K] cancelled!\\n", \x1b[32m\x1b[K_handle\x1b[m\x1b[K);\n'}
[2.647459] (ydlidar_sdk) StderrLine: {'line': b'      |                                                                         \x1b[01;35m\x1b[K~^\x1b[m\x1b[K                 \x1b[32m\x1b[K~~~~~~~\x1b[m\x1b[K\n'}
[2.647575] (ydlidar_sdk) StderrLine: {'line': b'      |                                                                          \x1b[01;35m\x1b[K|\x1b[m\x1b[K                 \x1b[32m\x1b[K|\x1b[m\x1b[K\n'}
[2.647686] (ydlidar_sdk) StderrLine: {'line': b'      |                                                                          \x1b[01;35m\x1b[Kunsigned int\x1b[m\x1b[K      \x1b[32m\x1b[K_size_t {aka long unsigned int}\x1b[m\x1b[K\n'}
[2.647797] (ydlidar_sdk) StderrLine: {'line': b'      |                                                                         \x1b[32m\x1b[K%lX\x1b[m\x1b[K\n'}
[2.647905] (ydlidar_sdk) StderrLine: {'line': b'\x1b[01m\x1b[K/home/ryo/ros2_ws/src/YDLidar-SDK/./core/base/thread.h:151:40:\x1b[m\x1b[K \x1b[01;35m\x1b[Kwarning: \x1b[m\x1b[Kformat \xe2\x80\x98\x1b[01m\x1b[K%X\x1b[m\x1b[K\xe2\x80\x99 expects argument of type \xe2\x80\x98\x1b[01m\x1b[Kunsigned int\x1b[m\x1b[K\xe2\x80\x99, but argument 2 has type \xe2\x80\x98\x1b[01m\x1b[K_size_t\x1b[m\x1b[K\xe2\x80\x99 {aka \xe2\x80\x98\x1b[01m\x1b[Klong unsigned int\x1b[m\x1b[K\xe2\x80\x99} [\x1b[01;35m\x1b[K\x1b]8;;https://gcc.gnu.org/onlinedocs/gcc/Warning-Options.html#index-Wformat=\x07-Wformat=\x1b]8;;\x07\x1b[m\x1b[K]\n'}
[2.652282] (ydlidar_sdk) StderrLine: {'line': b'  151 |           printf("[YDLIDAR] Thread [0x\x1b[01;35m\x1b[K%X\x1b[m\x1b[K] has been canceled\\n", \x1b[32m\x1b[K_handle\x1b[m\x1b[K);\n'}
[2.652442] (ydlidar_sdk) StderrLine: {'line': b'      |                                       \x1b[01;35m\x1b[K~^\x1b[m\x1b[K                        \x1b[32m\x1b[K~~~~~~~\x1b[m\x1b[K\n'}
[2.652556] (ydlidar_sdk) StderrLine: {'line': b'      |                                        \x1b[01;35m\x1b[K|\x1b[m\x1b[K                        \x1b[32m\x1b[K|\x1b[m\x1b[K\n'}
[2.652666] (ydlidar_sdk) StderrLine: {'line': b'      |                                        \x1b[01;35m\x1b[Kunsigned int\x1b[m\x1b[K             \x1b[32m\x1b[K_size_t {aka long unsigned int}\x1b[m\x1b[K\n'}
[2.652775] (ydlidar_sdk) StderrLine: {'line': b'      |                                       \x1b[32m\x1b[K%lX\x1b[m\x1b[K\n'}
[2.652883] (ydlidar_sdk) StderrLine: {'line': b'In file included from \x1b[01m\x1b[K/home/ryo/ros2_ws/src/YDLidar-SDK/./core/common/DriverInterface.h:5\x1b[m\x1b[K,\n'}
[2.652993] (ydlidar_sdk) StderrLine: {'line': b'                 from \x1b[01m\x1b[K/home/ryo/ros2_ws/src/YDLidar-SDK/src/CYdLidar.h:48\x1b[m\x1b[K,\n'}
[2.656199] (ydlidar_sdk) StderrLine: {'line': b'                 from \x1b[01m\x1b[K/home/ryo/ros2_ws/src/YDLidar-SDK/examples/gs_ota.cpp:40\x1b[m\x1b[K:\n'}
[2.656359] (ydlidar_sdk) StderrLine: {'line': b'\x1b[01m\x1b[K/home/ryo/ros2_ws/src/YDLidar-SDK/./core/base/thread.h:\x1b[m\x1b[K In member function \xe2\x80\x98\x1b[01m\x1b[Kint ydlidar::core::base::Thread::join(long unsigned int)\x1b[m\x1b[K\xe2\x80\x99:\n'}
[2.656481] (ydlidar_sdk) StderrLine: {'line': b'\x1b[01m\x1b[K/home/ryo/ros2_ws/src/YDLidar-SDK/./core/base/thread.h:136:46:\x1b[m\x1b[K \x1b[01;35m\x1b[Kwarning: \x1b[m\x1b[Kformat \xe2\x80\x98\x1b[01m\x1b[K%X\x1b[m\x1b[K\xe2\x80\x99 expects argument of type \xe2\x80\x98\x1b[01m\x1b[Kunsigned int\x1b[m\x1b[K\xe2\x80\x99, but argument 2 has type \xe2\x80\x98\x1b[01m\x1b[K_size_t\x1b[m\x1b[K\xe2\x80\x99 {aka \xe2\x80\x98\x1b[01m\x1b[Klong unsigned int\x1b[m\x1b[K\xe2\x80\x99} [\x1b[01;35m\x1b[K\x1b]8;;https://gcc.gnu.org/onlinedocs/gcc/Warning-Options.html#index-Wformat=\x07-Wformat=\x1b]8;;\x07\x1b[m\x1b[K]\n'}
[2.656603] (ydlidar_sdk) StderrLine: {'line': b'  136 |           printf("[YDLIDAR DEBUG] Thread [0x\x1b[01;35m\x1b[K%X\x1b[m\x1b[K] ready to cancel[%d]\\n", \x1b[32m\x1b[K_handle\x1b[m\x1b[K, s);\n'}
[2.656718] (ydlidar_sdk) StderrLine: {'line': b'      |                                             \x1b[01;35m\x1b[K~^\x1b[m\x1b[K                          \x1b[32m\x1b[K~~~~~~~\x1b[m\x1b[K\n'}
[2.656829] (ydlidar_sdk) StderrLine: {'line': b'      |                                              \x1b[01;35m\x1b[K|\x1b[m\x1b[K                          \x1b[32m\x1b[K|\x1b[m\x1b[K\n'}
[2.656957] (ydlidar_sdk) StderrLine: {'line': b'      |                                              \x1b[01;35m\x1b[Kunsigned int\x1b[m\x1b[K               \x1b[32m\x1b[K_size_t {aka long unsigned int}\x1b[m\x1b[K\n'}
[2.657084] (ydlidar_sdk) StderrLine: {'line': b'      |                                             \x1b[32m\x1b[K%lX\x1b[m\x1b[K\n'}
[2.657202] (ydlidar_sdk) StderrLine: {'line': b'\x1b[01m\x1b[K/home/ryo/ros2_ws/src/YDLidar-SDK/./core/base/thread.h:138:46:\x1b[m\x1b[K \x1b[01;35m\x1b[Kwarning: \x1b[m\x1b[Kformat \xe2\x80\x98\x1b[01m\x1b[K%X\x1b[m\x1b[K\xe2\x80\x99 expects argument of type \xe2\x80\x98\x1b[01m\x1b[Kunsigned int\x1b[m\x1b[K\xe2\x80\x99, but argument 2 has type \xe2\x80\x98\x1b[01m\x1b[K_size_t\x1b[m\x1b[K\xe2\x80\x99 {aka \xe2\x80\x98\x1b[01m\x1b[Klong unsigned int\x1b[m\x1b[K\xe2\x80\x99} [\x1b[01;35m\x1b[K\x1b]8;;https://gcc.gnu.org/onlinedocs/gcc/Warning-Options.html#index-Wformat=\x07-Wformat=\x1b]8;;\x07\x1b[m\x1b[K]\n'}
[2.657319] (ydlidar_sdk) StderrLine: {'line': b'  138 |           printf("[YDLIDAR DEBUG] Thread [0x\x1b[01;35m\x1b[K%X\x1b[m\x1b[K] ready to cancel[%d] time[%u]\\n",\n'}
[2.657430] (ydlidar_sdk) StderrLine: {'line': b'      |                                             \x1b[01;35m\x1b[K~^\x1b[m\x1b[K\n'}
[2.657556] (ydlidar_sdk) StderrLine: {'line': b'      |                                              \x1b[01;35m\x1b[K|\x1b[m\x1b[K\n'}
[2.657675] (ydlidar_sdk) StderrLine: {'line': b'      |                                              \x1b[01;35m\x1b[Kunsigned int\x1b[m\x1b[K\n'}
[2.657786] (ydlidar_sdk) StderrLine: {'line': b'      |                                             \x1b[32m\x1b[K%lX\x1b[m\x1b[K\n'}
[2.657891] (ydlidar_sdk) StderrLine: {'line': b'  139 |             \x1b[32m\x1b[K_handle\x1b[m\x1b[K, s, getms() - t);\n'}
[2.658001] (ydlidar_sdk) StderrLine: {'line': b'      |             \x1b[32m\x1b[K~~~~~~~\x1b[m\x1b[K                           \n'}
[2.658116] (ydlidar_sdk) StderrLine: {'line': b'      |             \x1b[32m\x1b[K|\x1b[m\x1b[K\n'}
[2.658223] (ydlidar_sdk) StderrLine: {'line': b'      |             \x1b[32m\x1b[K_size_t {aka long unsigned int}\x1b[m\x1b[K\n'}
[2.658329] (ydlidar_sdk) StderrLine: {'line': b'\x1b[01m\x1b[K/home/ryo/ros2_ws/src/YDLidar-SDK/./core/base/thread.h:142:42:\x1b[m\x1b[K \x1b[01;35m\x1b[Kwarning: \x1b[m\x1b[Kformat \xe2\x80\x98\x1b[01m\x1b[K%X\x1b[m\x1b[K\xe2\x80\x99 expects argument of type \xe2\x80\x98\x1b[01m\x1b[Kunsigned int\x1b[m\x1b[K\xe2\x80\x99, but argument 2 has type \xe2\x80\x98\x1b[01m\x1b[K_size_t\x1b[m\x1b[K\xe2\x80\x99 {aka \xe2\x80\x98\x1b[01m\x1b[Klong unsigned int\x1b[m\x1b[K\xe2\x80\x99} [\x1b[01;35m\x1b[K\x1b]8;;https://gcc.gnu.org/onlinedocs/gcc/Warning-Options.html#index-Wformat=\x07-Wformat=\x1b]8;;\x07\x1b[m\x1b[K]\n'}
[2.658447] (ydlidar_sdk) StderrLine: {'line': b'  142 |             printf("[YDLIDAR] Thread [0x\x1b[01;35m\x1b[K%X\x1b[m\x1b[K] has been canceled in other thread\\n", \x1b[32m\x1b[K_handle\x1b[m\x1b[K);\n'}
[2.658556] (ydlidar_sdk) StderrLine: {'line': b'      |                                         \x1b[01;35m\x1b[K~^\x1b[m\x1b[K                                        \x1b[32m\x1b[K~~~~~~~\x1b[m\x1b[K\n'}
[2.658664] (ydlidar_sdk) StderrLine: {'line': b'      |                                          \x1b[01;35m\x1b[K|\x1b[m\x1b[K                                        \x1b[32m\x1b[K|\x1b[m\x1b[K\n'}
[2.658782] (ydlidar_sdk) StderrLine: {'line': b'      |                                          \x1b[01;35m\x1b[Kunsigned int\x1b[m\x1b[K                             \x1b[32m\x1b[K_size_t {aka long unsigned int}\x1b[m\x1b[K\n'}
[2.658899] (ydlidar_sdk) StderrLine: {'line': b'      |                                         \x1b[32m\x1b[K%lX\x1b[m\x1b[K\n'}
[2.659012] (ydlidar_sdk) StderrLine: {'line': b'\x1b[01m\x1b[K/home/ryo/ros2_ws/src/YDLidar-SDK/./core/base/thread.h:147:74:\x1b[m\x1b[K \x1b[01;35m\x1b[Kwarning: \x1b[m\x1b[Kformat \xe2\x80\x98\x1b[01m\x1b[K%X\x1b[m\x1b[K\xe2\x80\x99 expects argument of type \xe2\x80\x98\x1b[01m\x1b[Kunsigned int\x1b[m\x1b[K\xe2\x80\x99, but argument 3 has type \xe2\x80\x98\x1b[01m\x1b[K_size_t\x1b[m\x1b[K\xe2\x80\x99 {aka \xe2\x80\x98\x1b[01m\x1b[Klong unsigned int\x1b[m\x1b[K\xe2\x80\x99} [\x1b[01;35m\x1b[K\x1b]8;;https://gcc.gnu.org/onlinedocs/gcc/Warning-Options.html#index-Wformat=\x07-Wformat=\x1b]8;;\x07\x1b[m\x1b[K]\n'}
[2.659148] (ydlidar_sdk) StderrLine: {'line': b'  147 |             fprintf(stderr, "[YDLIDAR] An error occurred while thread[0x\x1b[01;35m\x1b[K%X\x1b[m\x1b[K] cancelled!\\n", \x1b[32m\x1b[K_handle\x1b[m\x1b[K);\n'}
[2.659260] (ydlidar_sdk) StderrLine: {'line': b'      |                                                                         \x1b[01;35m\x1b[K~^\x1b[m\x1b[K                 \x1b[32m\x1b[K~~~~~~~\x1b[m\x1b[K\n'}
[2.659366] (ydlidar_sdk) StderrLine: {'line': b'      |                                                                          \x1b[01;35m\x1b[K|\x1b[m\x1b[K                 \x1b[32m\x1b[K|\x1b[m\x1b[K\n'}
[2.659470] (ydlidar_sdk) StderrLine: {'line': b'      |                                                                          \x1b[01;35m\x1b[Kunsigned int\x1b[m\x1b[K      \x1b[32m\x1b[K_size_t {aka long unsigned int}\x1b[m\x1b[K\n'}
[2.659575] (ydlidar_sdk) StderrLine: {'line': b'      |                                                                         \x1b[32m\x1b[K%lX\x1b[m\x1b[K\n'}
[2.659678] (ydlidar_sdk) StderrLine: {'line': b'\x1b[01m\x1b[K/home/ryo/ros2_ws/src/YDLidar-SDK/./core/base/thread.h:151:40:\x1b[m\x1b[K \x1b[01;35m\x1b[Kwarning: \x1b[m\x1b[Kformat \xe2\x80\x98\x1b[01m\x1b[K%X\x1b[m\x1b[K\xe2\x80\x99 expects argument of type \xe2\x80\x98\x1b[01m\x1b[Kunsigned int\x1b[m\x1b[K\xe2\x80\x99, but argument 2 has type \xe2\x80\x98\x1b[01m\x1b[K_size_t\x1b[m\x1b[K\xe2\x80\x99 {aka \xe2\x80\x98\x1b[01m\x1b[Klong unsigned int\x1b[m\x1b[K\xe2\x80\x99} [\x1b[01;35m\x1b[K\x1b]8;;https://gcc.gnu.org/onlinedocs/gcc/Warning-Options.html#index-Wformat=\x07-Wformat=\x1b]8;;\x07\x1b[m\x1b[K]\n'}
[2.659794] (ydlidar_sdk) StderrLine: {'line': b'  151 |           printf("[YDLIDAR] Thread [0x\x1b[01;35m\x1b[K%X\x1b[m\x1b[K] has been canceled\\n", \x1b[32m\x1b[K_handle\x1b[m\x1b[K);\n'}
[2.659901] (ydlidar_sdk) StderrLine: {'line': b'      |                                       \x1b[01;35m\x1b[K~^\x1b[m\x1b[K                        \x1b[32m\x1b[K~~~~~~~\x1b[m\x1b[K\n'}
[2.664084] (ydlidar_sdk) StderrLine: {'line': b'      |                                        \x1b[01;35m\x1b[K|\x1b[m\x1b[K                        \x1b[32m\x1b[K|\x1b[m\x1b[K\n'}
[2.664598] (ydlidar_sdk) StderrLine: {'line': b'      |                                        \x1b[01;35m\x1b[Kunsigned int\x1b[m\x1b[K             \x1b[32m\x1b[K_size_t {aka long unsigned int}\x1b[m\x1b[K\n'}
[2.664727] (ydlidar_sdk) StderrLine: {'line': b'      |                                       \x1b[32m\x1b[K%lX\x1b[m\x1b[K\n'}
[2.664831] (ydlidar_sdk) StderrLine: {'line': b'In file included from \x1b[01m\x1b[K/home/ryo/ros2_ws/src/YDLidar-SDK/./core/common/DriverInterface.h:5\x1b[m\x1b[K,\n'}
[2.664933] (ydlidar_sdk) StderrLine: {'line': b'                 from \x1b[01m\x1b[K/home/ryo/ros2_ws/src/YDLidar-SDK/src/CYdLidar.h:48\x1b[m\x1b[K,\n'}
[2.665049] (ydlidar_sdk) StderrLine: {'line': b'                 from \x1b[01m\x1b[K/home/ryo/ros2_ws/src/YDLidar-SDK/examples/tea_test.cpp:38\x1b[m\x1b[K:\n'}
[2.665157] (ydlidar_sdk) StderrLine: {'line': b'\x1b[01m\x1b[K/home/ryo/ros2_ws/src/YDLidar-SDK/./core/base/thread.h:\x1b[m\x1b[K In member function \xe2\x80\x98\x1b[01m\x1b[Kint ydlidar::core::base::Thread::join(long unsigned int)\x1b[m\x1b[K\xe2\x80\x99:\n'}
[2.665263] (ydlidar_sdk) StderrLine: {'line': b'\x1b[01m\x1b[K/home/ryo/ros2_ws/src/YDLidar-SDK/./core/base/thread.h:136:46:\x1b[m\x1b[K \x1b[01;35m\x1b[Kwarning: \x1b[m\x1b[Kformat \xe2\x80\x98\x1b[01m\x1b[K%X\x1b[m\x1b[K\xe2\x80\x99 expects argument of type \xe2\x80\x98\x1b[01m\x1b[Kunsigned int\x1b[m\x1b[K\xe2\x80\x99, but argument 2 has type \xe2\x80\x98\x1b[01m\x1b[K_size_t\x1b[m\x1b[K\xe2\x80\x99 {aka \xe2\x80\x98\x1b[01m\x1b[Klong unsigned int\x1b[m\x1b[K\xe2\x80\x99} [\x1b[01;35m\x1b[K\x1b]8;;https://gcc.gnu.org/onlinedocs/gcc/Warning-Options.html#index-Wformat=\x07-Wformat=\x1b]8;;\x07\x1b[m\x1b[K]\n'}
[2.665391] (ydlidar_sdk) StderrLine: {'line': b'  136 |           printf("[YDLIDAR DEBUG] Thread [0x\x1b[01;35m\x1b[K%X\x1b[m\x1b[K] ready to cancel[%d]\\n", \x1b[32m\x1b[K_handle\x1b[m\x1b[K, s);\n'}
[2.665491] (ydlidar_sdk) StderrLine: {'line': b'      |                                             \x1b[01;35m\x1b[K~^\x1b[m\x1b[K                          \x1b[32m\x1b[K~~~~~~~\x1b[m\x1b[K\n'}
[2.665592] (ydlidar_sdk) StderrLine: {'line': b'      |                                              \x1b[01;35m\x1b[K|\x1b[m\x1b[K                          \x1b[32m\x1b[K|\x1b[m\x1b[K\n'}
[2.665693] (ydlidar_sdk) StderrLine: {'line': b'      |                                              \x1b[01;35m\x1b[Kunsigned int\x1b[m\x1b[K               \x1b[32m\x1b[K_size_t {aka long unsigned int}\x1b[m\x1b[K\n'}
[2.665792] (ydlidar_sdk) StderrLine: {'line': b'      |                                             \x1b[32m\x1b[K%lX\x1b[m\x1b[K\n'}
[2.665891] (ydlidar_sdk) StderrLine: {'line': b'\x1b[01m\x1b[K/home/ryo/ros2_ws/src/YDLidar-SDK/./core/base/thread.h:138:46:\x1b[m\x1b[K \x1b[01;35m\x1b[Kwarning: \x1b[m\x1b[Kformat \xe2\x80\x98\x1b[01m\x1b[K%X\x1b[m\x1b[K\xe2\x80\x99 expects argument of type \xe2\x80\x98\x1b[01m\x1b[Kunsigned int\x1b[m\x1b[K\xe2\x80\x99, but argument 2 has type \xe2\x80\x98\x1b[01m\x1b[K_size_t\x1b[m\x1b[K\xe2\x80\x99 {aka \xe2\x80\x98\x1b[01m\x1b[Klong unsigned int\x1b[m\x1b[K\xe2\x80\x99} [\x1b[01;35m\x1b[K\x1b]8;;https://gcc.gnu.org/onlinedocs/gcc/Warning-Options.html#index-Wformat=\x07-Wformat=\x1b]8;;\x07\x1b[m\x1b[K]\n'}
[2.666006] (ydlidar_sdk) StderrLine: {'line': b'  138 |           printf("[YDLIDAR DEBUG] Thread [0x\x1b[01;35m\x1b[K%X\x1b[m\x1b[K] ready to cancel[%d] time[%u]\\n",\n'}
[2.666129] (ydlidar_sdk) StderrLine: {'line': b'      |                                             \x1b[01;35m\x1b[K~^\x1b[m\x1b[K\n'}
[2.666232] (ydlidar_sdk) StderrLine: {'line': b'      |                                              \x1b[01;35m\x1b[K|\x1b[m\x1b[K\n'}
[2.666327] (ydlidar_sdk) StderrLine: {'line': b'      |                                              \x1b[01;35m\x1b[Kunsigned int\x1b[m\x1b[K\n'}
[2.666426] (ydlidar_sdk) StderrLine: {'line': b'      |                                             \x1b[32m\x1b[K%lX\x1b[m\x1b[K\n'}
[2.666524] (ydlidar_sdk) StderrLine: {'line': b'  139 |             \x1b[32m\x1b[K_handle\x1b[m\x1b[K, s, getms() - t);\n'}
[2.666624] (ydlidar_sdk) StderrLine: {'line': b'      |             \x1b[32m\x1b[K~~~~~~~\x1b[m\x1b[K                           \n'}
[2.666722] (ydlidar_sdk) StderrLine: {'line': b'      |             \x1b[32m\x1b[K|\x1b[m\x1b[K\n'}
[2.666823] (ydlidar_sdk) StderrLine: {'line': b'      |             \x1b[32m\x1b[K_size_t {aka long unsigned int}\x1b[m\x1b[K\n'}
[2.666921] (ydlidar_sdk) StderrLine: {'line': b'\x1b[01m\x1b[K/home/ryo/ros2_ws/src/YDLidar-SDK/./core/base/thread.h:142:42:\x1b[m\x1b[K \x1b[01;35m\x1b[Kwarning: \x1b[m\x1b[Kformat \xe2\x80\x98\x1b[01m\x1b[K%X\x1b[m\x1b[K\xe2\x80\x99 expects argument of type \xe2\x80\x98\x1b[01m\x1b[Kunsigned int\x1b[m\x1b[K\xe2\x80\x99, but argument 2 has type \xe2\x80\x98\x1b[01m\x1b[K_size_t\x1b[m\x1b[K\xe2\x80\x99 {aka \xe2\x80\x98\x1b[01m\x1b[Klong unsigned int\x1b[m\x1b[K\xe2\x80\x99} [\x1b[01;35m\x1b[K\x1b]8;;https://gcc.gnu.org/onlinedocs/gcc/Warning-Options.html#index-Wformat=\x07-Wformat=\x1b]8;;\x07\x1b[m\x1b[K]\n'}
[2.667040] (ydlidar_sdk) StderrLine: {'line': b'  142 |             printf("[YDLIDAR] Thread [0x\x1b[01;35m\x1b[K%X\x1b[m\x1b[K] has been canceled in other thread\\n", \x1b[32m\x1b[K_handle\x1b[m\x1b[K);\n'}
[2.667146] (ydlidar_sdk) StderrLine: {'line': b'      |                                         \x1b[01;35m\x1b[K~^\x1b[m\x1b[K                                        \x1b[32m\x1b[K~~~~~~~\x1b[m\x1b[K\n'}
[2.667244] (ydlidar_sdk) StderrLine: {'line': b'      |                                          \x1b[01;35m\x1b[K|\x1b[m\x1b[K                                        \x1b[32m\x1b[K|\x1b[m\x1b[K\n'}
[2.667348] (ydlidar_sdk) StderrLine: {'line': b'      |                                          \x1b[01;35m\x1b[Kunsigned int\x1b[m\x1b[K                             \x1b[32m\x1b[K_size_t {aka long unsigned int}\x1b[m\x1b[K\n'}
[2.667451] (ydlidar_sdk) StderrLine: {'line': b'      |                                         \x1b[32m\x1b[K%lX\x1b[m\x1b[K\n'}
[2.667550] (ydlidar_sdk) StderrLine: {'line': b'\x1b[01m\x1b[K/home/ryo/ros2_ws/src/YDLidar-SDK/./core/base/thread.h:147:74:\x1b[m\x1b[K \x1b[01;35m\x1b[Kwarning: \x1b[m\x1b[Kformat \xe2\x80\x98\x1b[01m\x1b[K%X\x1b[m\x1b[K\xe2\x80\x99 expects argument of type \xe2\x80\x98\x1b[01m\x1b[Kunsigned int\x1b[m\x1b[K\xe2\x80\x99, but argument 3 has type \xe2\x80\x98\x1b[01m\x1b[K_size_t\x1b[m\x1b[K\xe2\x80\x99 {aka \xe2\x80\x98\x1b[01m\x1b[Klong unsigned int\x1b[m\x1b[K\xe2\x80\x99} [\x1b[01;35m\x1b[K\x1b]8;;https://gcc.gnu.org/onlinedocs/gcc/Warning-Options.html#index-Wformat=\x07-Wformat=\x1b]8;;\x07\x1b[m\x1b[K]\n'}
[2.667663] (ydlidar_sdk) StderrLine: {'line': b'  147 |             fprintf(stderr, "[YDLIDAR] An error occurred while thread[0x\x1b[01;35m\x1b[K%X\x1b[m\x1b[K] cancelled!\\n", \x1b[32m\x1b[K_handle\x1b[m\x1b[K);\n'}
[2.667764] (ydlidar_sdk) StderrLine: {'line': b'      |                                                                         \x1b[01;35m\x1b[K~^\x1b[m\x1b[K                 \x1b[32m\x1b[K~~~~~~~\x1b[m\x1b[K\n'}
[2.667864] (ydlidar_sdk) StderrLine: {'line': b'      |                                                                          \x1b[01;35m\x1b[K|\x1b[m\x1b[K                 \x1b[32m\x1b[K|\x1b[m\x1b[K\n'}
[2.667967] (ydlidar_sdk) StderrLine: {'line': b'      |                                                                          \x1b[01;35m\x1b[Kunsigned int\x1b[m\x1b[K      \x1b[32m\x1b[K_size_t {aka long unsigned int}\x1b[m\x1b[K\n'}
[2.671242] (ydlidar_sdk) StderrLine: {'line': b'      |                                                                         \x1b[32m\x1b[K%lX\x1b[m\x1b[K\n'}
[2.671386] (ydlidar_sdk) StderrLine: {'line': b'\x1b[01m\x1b[K/home/ryo/ros2_ws/src/YDLidar-SDK/./core/base/thread.h:151:40:\x1b[m\x1b[K \x1b[01;35m\x1b[Kwarning: \x1b[m\x1b[Kformat \xe2\x80\x98\x1b[01m\x1b[K%X\x1b[m\x1b[K\xe2\x80\x99 expects argument of type \xe2\x80\x98\x1b[01m\x1b[Kunsigned int\x1b[m\x1b[K\xe2\x80\x99, but argument 2 has type \xe2\x80\x98\x1b[01m\x1b[K_size_t\x1b[m\x1b[K\xe2\x80\x99 {aka \xe2\x80\x98\x1b[01m\x1b[Klong unsigned int\x1b[m\x1b[K\xe2\x80\x99} [\x1b[01;35m\x1b[K\x1b]8;;https://gcc.gnu.org/onlinedocs/gcc/Warning-Options.html#index-Wformat=\x07-Wformat=\x1b]8;;\x07\x1b[m\x1b[K]\n'}
[2.671524] (ydlidar_sdk) StderrLine: {'line': b'  151 |           printf("[YDLIDAR] Thread [0x\x1b[01;35m\x1b[K%X\x1b[m\x1b[K] has been canceled\\n", \x1b[32m\x1b[K_handle\x1b[m\x1b[K);\n'}
[2.671635] (ydlidar_sdk) StderrLine: {'line': b'      |                                       \x1b[01;35m\x1b[K~^\x1b[m\x1b[K                        \x1b[32m\x1b[K~~~~~~~\x1b[m\x1b[K\n'}
[2.671740] (ydlidar_sdk) StderrLine: {'line': b'      |                                        \x1b[01;35m\x1b[K|\x1b[m\x1b[K                        \x1b[32m\x1b[K|\x1b[m\x1b[K\n'}
[2.671843] (ydlidar_sdk) StderrLine: {'line': b'      |                                        \x1b[01;35m\x1b[Kunsigned int\x1b[m\x1b[K             \x1b[32m\x1b[K_size_t {aka long unsigned int}\x1b[m\x1b[K\n'}
[2.671948] (ydlidar_sdk) StderrLine: {'line': b'      |                                       \x1b[32m\x1b[K%lX\x1b[m\x1b[K\n'}
[2.675815] (ydlidar_sdk) StderrLine: {'line': b'In file included from \x1b[01m\x1b[K/home/ryo/ros2_ws/src/YDLidar-SDK/./core/common/DriverInterface.h:5\x1b[m\x1b[K,\n'}
[2.676148] (ydlidar_sdk) StderrLine: {'line': b'                 from \x1b[01m\x1b[K/home/ryo/ros2_ws/src/YDLidar-SDK/src/CYdLidar.h:48\x1b[m\x1b[K,\n'}
[2.676281] (ydlidar_sdk) StderrLine: {'line': b'                 from \x1b[01m\x1b[K/home/ryo/ros2_ws/src/YDLidar-SDK/examples/tri_restart.cpp:1\x1b[m\x1b[K:\n'}
[2.676401] (ydlidar_sdk) StderrLine: {'line': b'\x1b[01m\x1b[K/home/ryo/ros2_ws/src/YDLidar-SDK/./core/base/thread.h:\x1b[m\x1b[K In member function \xe2\x80\x98\x1b[01m\x1b[Kint ydlidar::core::base::Thread::join(long unsigned int)\x1b[m\x1b[K\xe2\x80\x99:\n'}
[2.676507] (ydlidar_sdk) StderrLine: {'line': b'\x1b[01m\x1b[K/home/ryo/ros2_ws/src/YDLidar-SDK/./core/base/thread.h:136:46:\x1b[m\x1b[K \x1b[01;35m\x1b[Kwarning: \x1b[m\x1b[Kformat \xe2\x80\x98\x1b[01m\x1b[K%X\x1b[m\x1b[K\xe2\x80\x99 expects argument of type \xe2\x80\x98\x1b[01m\x1b[Kunsigned int\x1b[m\x1b[K\xe2\x80\x99, but argument 2 has type \xe2\x80\x98\x1b[01m\x1b[K_size_t\x1b[m\x1b[K\xe2\x80\x99 {aka \xe2\x80\x98\x1b[01m\x1b[Klong unsigned int\x1b[m\x1b[K\xe2\x80\x99} [\x1b[01;35m\x1b[K\x1b]8;;https://gcc.gnu.org/onlinedocs/gcc/Warning-Options.html#index-Wformat=\x07-Wformat=\x1b]8;;\x07\x1b[m\x1b[K]\n'}
[2.676630] (ydlidar_sdk) StderrLine: {'line': b'  136 |           printf("[YDLIDAR DEBUG] Thread [0x\x1b[01;35m\x1b[K%X\x1b[m\x1b[K] ready to cancel[%d]\\n", \x1b[32m\x1b[K_handle\x1b[m\x1b[K, s);\n'}
[2.676737] (ydlidar_sdk) StderrLine: {'line': b'      |                                             \x1b[01;35m\x1b[K~^\x1b[m\x1b[K                          \x1b[32m\x1b[K~~~~~~~\x1b[m\x1b[K\n'}
[2.676841] (ydlidar_sdk) StderrLine: {'line': b'      |                                              \x1b[01;35m\x1b[K|\x1b[m\x1b[K                          \x1b[32m\x1b[K|\x1b[m\x1b[K\n'}
[2.676945] (ydlidar_sdk) StderrLine: {'line': b'      |                                              \x1b[01;35m\x1b[Kunsigned int\x1b[m\x1b[K               \x1b[32m\x1b[K_size_t {aka long unsigned int}\x1b[m\x1b[K\n'}
[2.680369] (ydlidar_sdk) StderrLine: {'line': b'      |                                             \x1b[32m\x1b[K%lX\x1b[m\x1b[K\n'}
[2.680522] (ydlidar_sdk) StderrLine: {'line': b'\x1b[01m\x1b[K/home/ryo/ros2_ws/src/YDLidar-SDK/./core/base/thread.h:138:46:\x1b[m\x1b[K \x1b[01;35m\x1b[Kwarning: \x1b[m\x1b[Kformat \xe2\x80\x98\x1b[01m\x1b[K%X\x1b[m\x1b[K\xe2\x80\x99 expects argument of type \xe2\x80\x98\x1b[01m\x1b[Kunsigned int\x1b[m\x1b[K\xe2\x80\x99, but argument 2 has type \xe2\x80\x98\x1b[01m\x1b[K_size_t\x1b[m\x1b[K\xe2\x80\x99 {aka \xe2\x80\x98\x1b[01m\x1b[Klong unsigned int\x1b[m\x1b[K\xe2\x80\x99} [\x1b[01;35m\x1b[K\x1b]8;;https://gcc.gnu.org/onlinedocs/gcc/Warning-Options.html#index-Wformat=\x07-Wformat=\x1b]8;;\x07\x1b[m\x1b[K]\n'}
[2.680664] (ydlidar_sdk) StderrLine: {'line': b'  138 |           printf("[YDLIDAR DEBUG] Thread [0x\x1b[01;35m\x1b[K%X\x1b[m\x1b[K] ready to cancel[%d] time[%u]\\n",\n'}
[2.680790] (ydlidar_sdk) StderrLine: {'line': b'      |                                             \x1b[01;35m\x1b[K~^\x1b[m\x1b[K\n'}
[2.680913] (ydlidar_sdk) StderrLine: {'line': b'      |                                              \x1b[01;35m\x1b[K|\x1b[m\x1b[K\n'}
[2.681123] (ydlidar_sdk) StderrLine: {'line': b'      |                                              \x1b[01;35m\x1b[Kunsigned int\x1b[m\x1b[K\n'}
[2.681243] (ydlidar_sdk) StderrLine: {'line': b'      |                                             \x1b[32m\x1b[K%lX\x1b[m\x1b[K\n'}
[2.681344] (ydlidar_sdk) StderrLine: {'line': b'  139 |             \x1b[32m\x1b[K_handle\x1b[m\x1b[K, s, getms() - t);\n'}
[2.681447] (ydlidar_sdk) StderrLine: {'line': b'      |             \x1b[32m\x1b[K~~~~~~~\x1b[m\x1b[K                           \n'}
[2.681551] (ydlidar_sdk) StderrLine: {'line': b'      |             \x1b[32m\x1b[K|\x1b[m\x1b[K\n'}
[2.681657] (ydlidar_sdk) StderrLine: {'line': b'      |             \x1b[32m\x1b[K_size_t {aka long unsigned int}\x1b[m\x1b[K\n'}
[2.681758] (ydlidar_sdk) StderrLine: {'line': b'\x1b[01m\x1b[K/home/ryo/ros2_ws/src/YDLidar-SDK/./core/base/thread.h:142:42:\x1b[m\x1b[K \x1b[01;35m\x1b[Kwarning: \x1b[m\x1b[Kformat \xe2\x80\x98\x1b[01m\x1b[K%X\x1b[m\x1b[K\xe2\x80\x99 expects argument of type \xe2\x80\x98\x1b[01m\x1b[Kunsigned int\x1b[m\x1b[K\xe2\x80\x99, but argument 2 has type \xe2\x80\x98\x1b[01m\x1b[K_size_t\x1b[m\x1b[K\xe2\x80\x99 {aka \xe2\x80\x98\x1b[01m\x1b[Klong unsigned int\x1b[m\x1b[K\xe2\x80\x99} [\x1b[01;35m\x1b[K\x1b]8;;https://gcc.gnu.org/onlinedocs/gcc/Warning-Options.html#index-Wformat=\x07-Wformat=\x1b]8;;\x07\x1b[m\x1b[K]\n'}
[2.681880] (ydlidar_sdk) StderrLine: {'line': b'  142 |             printf("[YDLIDAR] Thread [0x\x1b[01;35m\x1b[K%X\x1b[m\x1b[K] has been canceled in other thread\\n", \x1b[32m\x1b[K_handle\x1b[m\x1b[K);\n'}
[2.681993] (ydlidar_sdk) StderrLine: {'line': b'      |                                         \x1b[01;35m\x1b[K~^\x1b[m\x1b[K                                        \x1b[32m\x1b[K~~~~~~~\x1b[m\x1b[K\n'}
[2.682105] (ydlidar_sdk) StderrLine: {'line': b'      |                                          \x1b[01;35m\x1b[K|\x1b[m\x1b[K                                        \x1b[32m\x1b[K|\x1b[m\x1b[K\n'}
[2.682209] (ydlidar_sdk) StderrLine: {'line': b'      |                                          \x1b[01;35m\x1b[Kunsigned int\x1b[m\x1b[K                             \x1b[32m\x1b[K_size_t {aka long unsigned int}\x1b[m\x1b[K\n'}
[2.682314] (ydlidar_sdk) StderrLine: {'line': b'      |                                         \x1b[32m\x1b[K%lX\x1b[m\x1b[K\n'}
[2.682426] (ydlidar_sdk) StderrLine: {'line': b'\x1b[01m\x1b[K/home/ryo/ros2_ws/src/YDLidar-SDK/./core/base/thread.h:147:74:\x1b[m\x1b[K \x1b[01;35m\x1b[Kwarning: \x1b[m\x1b[Kformat \xe2\x80\x98\x1b[01m\x1b[K%X\x1b[m\x1b[K\xe2\x80\x99 expects argument of type \xe2\x80\x98\x1b[01m\x1b[Kunsigned int\x1b[m\x1b[K\xe2\x80\x99, but argument 3 has type \xe2\x80\x98\x1b[01m\x1b[K_size_t\x1b[m\x1b[K\xe2\x80\x99 {aka \xe2\x80\x98\x1b[01m\x1b[Klong unsigned int\x1b[m\x1b[K\xe2\x80\x99} [\x1b[01;35m\x1b[K\x1b]8;;https://gcc.gnu.org/onlinedocs/gcc/Warning-Options.html#index-Wformat=\x07-Wformat=\x1b]8;;\x07\x1b[m\x1b[K]\n'}
[2.682541] (ydlidar_sdk) StderrLine: {'line': b'  147 |             fprintf(stderr, "[YDLIDAR] An error occurred while thread[0x\x1b[01;35m\x1b[K%X\x1b[m\x1b[K] cancelled!\\n", \x1b[32m\x1b[K_handle\x1b[m\x1b[K);\n'}
[2.682653] (ydlidar_sdk) StderrLine: {'line': b'      |                                                                         \x1b[01;35m\x1b[K~^\x1b[m\x1b[K                 \x1b[32m\x1b[K~~~~~~~\x1b[m\x1b[K\n'}
[2.682749] (ydlidar_sdk) StderrLine: {'line': b'      |                                                                          \x1b[01;35m\x1b[K|\x1b[m\x1b[K                 \x1b[32m\x1b[K|\x1b[m\x1b[K\n'}
[2.682850] (ydlidar_sdk) StderrLine: {'line': b'      |                                                                          \x1b[01;35m\x1b[Kunsigned int\x1b[m\x1b[K      \x1b[32m\x1b[K_size_t {aka long unsigned int}\x1b[m\x1b[K\n'}
[2.682953] (ydlidar_sdk) StderrLine: {'line': b'      |                                                                         \x1b[32m\x1b[K%lX\x1b[m\x1b[K\n'}
[2.683074] (ydlidar_sdk) StderrLine: {'line': b'\x1b[01m\x1b[K/home/ryo/ros2_ws/src/YDLidar-SDK/./core/base/thread.h:151:40:\x1b[m\x1b[K \x1b[01;35m\x1b[Kwarning: \x1b[m\x1b[Kformat \xe2\x80\x98\x1b[01m\x1b[K%X\x1b[m\x1b[K\xe2\x80\x99 expects argument of type \xe2\x80\x98\x1b[01m\x1b[Kunsigned int\x1b[m\x1b[K\xe2\x80\x99, but argument 2 has type \xe2\x80\x98\x1b[01m\x1b[K_size_t\x1b[m\x1b[K\xe2\x80\x99 {aka \xe2\x80\x98\x1b[01m\x1b[Klong unsigned int\x1b[m\x1b[K\xe2\x80\x99} [\x1b[01;35m\x1b[K\x1b]8;;https://gcc.gnu.org/onlinedocs/gcc/Warning-Options.html#index-Wformat=\x07-Wformat=\x1b]8;;\x07\x1b[m\x1b[K]\n'}
[2.683199] (ydlidar_sdk) StderrLine: {'line': b'  151 |           printf("[YDLIDAR] Thread [0x\x1b[01;35m\x1b[K%X\x1b[m\x1b[K] has been canceled\\n", \x1b[32m\x1b[K_handle\x1b[m\x1b[K);\n'}
[2.683303] (ydlidar_sdk) StderrLine: {'line': b'      |                                       \x1b[01;35m\x1b[K~^\x1b[m\x1b[K                        \x1b[32m\x1b[K~~~~~~~\x1b[m\x1b[K\n'}
[2.683407] (ydlidar_sdk) StderrLine: {'line': b'      |                                        \x1b[01;35m\x1b[K|\x1b[m\x1b[K                        \x1b[32m\x1b[K|\x1b[m\x1b[K\n'}
[2.683510] (ydlidar_sdk) StderrLine: {'line': b'      |                                        \x1b[01;35m\x1b[Kunsigned int\x1b[m\x1b[K             \x1b[32m\x1b[K_size_t {aka long unsigned int}\x1b[m\x1b[K\n'}
[2.683619] (ydlidar_sdk) StderrLine: {'line': b'      |                                       \x1b[32m\x1b[K%lX\x1b[m\x1b[K\n'}
[2.721054] (ydlidar_sdk) StderrLine: {'line': b'In file included from \x1b[01m\x1b[K/home/ryo/ros2_ws/src/YDLidar-SDK/./core/common/DriverInterface.h:5\x1b[m\x1b[K,\n'}
[2.721295] (-) TimerEvent: {}
[2.721475] (ydlidar_sdk) StderrLine: {'line': b'                 from \x1b[01m\x1b[K/home/ryo/ros2_ws/src/YDLidar-SDK/src/CYdLidar.h:48\x1b[m\x1b[K,\n'}
[2.721600] (ydlidar_sdk) StderrLine: {'line': b'                 from \x1b[01m\x1b[K/home/ryo/ros2_ws/src/YDLidar-SDK/examples/et_test.cpp:34\x1b[m\x1b[K:\n'}
[2.721710] (ydlidar_sdk) StderrLine: {'line': b'\x1b[01m\x1b[K/home/ryo/ros2_ws/src/YDLidar-SDK/./core/base/thread.h:\x1b[m\x1b[K In member function \xe2\x80\x98\x1b[01m\x1b[Kint ydlidar::core::base::Thread::join(long unsigned int)\x1b[m\x1b[K\xe2\x80\x99:\n'}
[2.721833] (ydlidar_sdk) StderrLine: {'line': b'\x1b[01m\x1b[K/home/ryo/ros2_ws/src/YDLidar-SDK/./core/base/thread.h:136:46:\x1b[m\x1b[K \x1b[01;35m\x1b[Kwarning: \x1b[m\x1b[Kformat \xe2\x80\x98\x1b[01m\x1b[K%X\x1b[m\x1b[K\xe2\x80\x99 expects argument of type \xe2\x80\x98\x1b[01m\x1b[Kunsigned int\x1b[m\x1b[K\xe2\x80\x99, but argument 2 has type \xe2\x80\x98\x1b[01m\x1b[K_size_t\x1b[m\x1b[K\xe2\x80\x99 {aka \xe2\x80\x98\x1b[01m\x1b[Klong unsigned int\x1b[m\x1b[K\xe2\x80\x99} [\x1b[01;35m\x1b[K\x1b]8;;https://gcc.gnu.org/onlinedocs/gcc/Warning-Options.html#index-Wformat=\x07-Wformat=\x1b]8;;\x07\x1b[m\x1b[K]\n'}
[2.721951] (ydlidar_sdk) StderrLine: {'line': b'  136 |           printf("[YDLIDAR DEBUG] Thread [0x\x1b[01;35m\x1b[K%X\x1b[m\x1b[K] ready to cancel[%d]\\n", \x1b[32m\x1b[K_handle\x1b[m\x1b[K, s);\n'}
[2.722083] (ydlidar_sdk) StderrLine: {'line': b'      |                                             \x1b[01;35m\x1b[K~^\x1b[m\x1b[K                          \x1b[32m\x1b[K~~~~~~~\x1b[m\x1b[K\n'}
[2.722193] (ydlidar_sdk) StderrLine: {'line': b'      |                                              \x1b[01;35m\x1b[K|\x1b[m\x1b[K                          \x1b[32m\x1b[K|\x1b[m\x1b[K\n'}
[2.722300] (ydlidar_sdk) StderrLine: {'line': b'      |                                              \x1b[01;35m\x1b[Kunsigned int\x1b[m\x1b[K               \x1b[32m\x1b[K_size_t {aka long unsigned int}\x1b[m\x1b[K\n'}
[2.722401] (ydlidar_sdk) StderrLine: {'line': b'      |                                             \x1b[32m\x1b[K%lX\x1b[m\x1b[K\n'}
[2.722508] (ydlidar_sdk) StderrLine: {'line': b'\x1b[01m\x1b[K/home/ryo/ros2_ws/src/YDLidar-SDK/./core/base/thread.h:138:46:\x1b[m\x1b[K \x1b[01;35m\x1b[Kwarning: \x1b[m\x1b[Kformat \xe2\x80\x98\x1b[01m\x1b[K%X\x1b[m\x1b[K\xe2\x80\x99 expects argument of type \xe2\x80\x98\x1b[01m\x1b[Kunsigned int\x1b[m\x1b[K\xe2\x80\x99, but argument 2 has type \xe2\x80\x98\x1b[01m\x1b[K_size_t\x1b[m\x1b[K\xe2\x80\x99 {aka \xe2\x80\x98\x1b[01m\x1b[Klong unsigned int\x1b[m\x1b[K\xe2\x80\x99} [\x1b[01;35m\x1b[K\x1b]8;;https://gcc.gnu.org/onlinedocs/gcc/Warning-Options.html#index-Wformat=\x07-Wformat=\x1b]8;;\x07\x1b[m\x1b[K]\n'}
[2.722621] (ydlidar_sdk) StderrLine: {'line': b'  138 |           printf("[YDLIDAR DEBUG] Thread [0x\x1b[01;35m\x1b[K%X\x1b[m\x1b[K] ready to cancel[%d] time[%u]\\n",\n'}
[2.722728] (ydlidar_sdk) StderrLine: {'line': b'      |                                             \x1b[01;35m\x1b[K~^\x1b[m\x1b[K\n'}
[2.722832] (ydlidar_sdk) StderrLine: {'line': b'      |                                              \x1b[01;35m\x1b[K|\x1b[m\x1b[K\n'}
[2.722944] (ydlidar_sdk) StderrLine: {'line': b'      |                                              \x1b[01;35m\x1b[Kunsigned int\x1b[m\x1b[K\n'}
[2.723066] (ydlidar_sdk) StderrLine: {'line': b'      |                                             \x1b[32m\x1b[K%lX\x1b[m\x1b[K\n'}
[2.723174] (ydlidar_sdk) StderrLine: {'line': b'  139 |             \x1b[32m\x1b[K_handle\x1b[m\x1b[K, s, getms() - t);\n'}
[2.723286] (ydlidar_sdk) StderrLine: {'line': b'      |             \x1b[32m\x1b[K~~~~~~~\x1b[m\x1b[K                           \n'}
[2.723390] (ydlidar_sdk) StderrLine: {'line': b'      |             \x1b[32m\x1b[K|\x1b[m\x1b[K\n'}
[2.723493] (ydlidar_sdk) StderrLine: {'line': b'      |             \x1b[32m\x1b[K_size_t {aka long unsigned int}\x1b[m\x1b[K\n'}
[2.723595] (ydlidar_sdk) StderrLine: {'line': b'\x1b[01m\x1b[K/home/ryo/ros2_ws/src/YDLidar-SDK/./core/base/thread.h:142:42:\x1b[m\x1b[K \x1b[01;35m\x1b[Kwarning: \x1b[m\x1b[Kformat \xe2\x80\x98\x1b[01m\x1b[K%X\x1b[m\x1b[K\xe2\x80\x99 expects argument of type \xe2\x80\x98\x1b[01m\x1b[Kunsigned int\x1b[m\x1b[K\xe2\x80\x99, but argument 2 has type \xe2\x80\x98\x1b[01m\x1b[K_size_t\x1b[m\x1b[K\xe2\x80\x99 {aka \xe2\x80\x98\x1b[01m\x1b[Klong unsigned int\x1b[m\x1b[K\xe2\x80\x99} [\x1b[01;35m\x1b[K\x1b]8;;https://gcc.gnu.org/onlinedocs/gcc/Warning-Options.html#index-Wformat=\x07-Wformat=\x1b]8;;\x07\x1b[m\x1b[K]\n'}
[2.723707] (ydlidar_sdk) StderrLine: {'line': b'  142 |             printf("[YDLIDAR] Thread [0x\x1b[01;35m\x1b[K%X\x1b[m\x1b[K] has been canceled in other thread\\n", \x1b[32m\x1b[K_handle\x1b[m\x1b[K);\n'}
[2.723812] (ydlidar_sdk) StderrLine: {'line': b'      |                                         \x1b[01;35m\x1b[K~^\x1b[m\x1b[K                                        \x1b[32m\x1b[K~~~~~~~\x1b[m\x1b[K\n'}
[2.723915] (ydlidar_sdk) StderrLine: {'line': b'      |                                          \x1b[01;35m\x1b[K|\x1b[m\x1b[K                                        \x1b[32m\x1b[K|\x1b[m\x1b[K\n'}
[2.724038] (ydlidar_sdk) StderrLine: {'line': b'      |                                          \x1b[01;35m\x1b[Kunsigned int\x1b[m\x1b[K                             \x1b[32m\x1b[K_size_t {aka long unsigned int}\x1b[m\x1b[K\n'}
[2.724151] (ydlidar_sdk) StderrLine: {'line': b'      |                                         \x1b[32m\x1b[K%lX\x1b[m\x1b[K\n'}
[2.724252] (ydlidar_sdk) StderrLine: {'line': b'\x1b[01m\x1b[K/home/ryo/ros2_ws/src/YDLidar-SDK/./core/base/thread.h:147:74:\x1b[m\x1b[K \x1b[01;35m\x1b[Kwarning: \x1b[m\x1b[Kformat \xe2\x80\x98\x1b[01m\x1b[K%X\x1b[m\x1b[K\xe2\x80\x99 expects argument of type \xe2\x80\x98\x1b[01m\x1b[Kunsigned int\x1b[m\x1b[K\xe2\x80\x99, but argument 3 has type \xe2\x80\x98\x1b[01m\x1b[K_size_t\x1b[m\x1b[K\xe2\x80\x99 {aka \xe2\x80\x98\x1b[01m\x1b[Klong unsigned int\x1b[m\x1b[K\xe2\x80\x99} [\x1b[01;35m\x1b[K\x1b]8;;https://gcc.gnu.org/onlinedocs/gcc/Warning-Options.html#index-Wformat=\x07-Wformat=\x1b]8;;\x07\x1b[m\x1b[K]\n'}
[2.724361] (ydlidar_sdk) StderrLine: {'line': b'  147 | printf(stderr, "[YDLIDAR] An error occurred while thread[0x\x1b[01;35m\x1b[K%X\x1b[m\x1b[K] cancelled!\\n", \x1b[32m\x1b[K_handle\x1b[m\x1b[K);\n'}
[2.724468] (ydlidar_sdk) StderrLine: {'line': b'      |                                                            \x1b[01;35m\x1b[K~^\x1b[m\x1b[K                 \x1b[32m\x1b[K~~~~~~~\x1b[m\x1b[K\n'}
[2.724571] (ydlidar_sdk) StderrLine: {'line': b'      |                                                             \x1b[01;35m\x1b[K|\x1b[m\x1b[K                 \x1b[32m\x1b[K|\x1b[m\x1b[K\n'}
[2.724683] (ydlidar_sdk) StderrLine: {'line': b'      |                                                             \x1b[01;35m\x1b[Kunsigned int\x1b[m\x1b[K      \x1b[32m\x1b[K_size_t {aka long unsigned int}\x1b[m\x1b[K\n'}
[2.724797] (ydlidar_sdk) StderrLine: {'line': b'      |                                                            \x1b[32m\x1b[K%lX\x1b[m\x1b[K\n'}
[2.724900] (ydlidar_sdk) StderrLine: {'line': b'\x1b[01m\x1b[K/home/ryo/ros2_ws/src/YDLidar-SDK/./core/base/thread.h:151:40:\x1b[m\x1b[K \x1b[01;35m\x1b[Kwarning: \x1b[m\x1b[Kformat \xe2\x80\x98\x1b[01m\x1b[K%X\x1b[m\x1b[K\xe2\x80\x99 expects argument of type \xe2\x80\x98\x1b[01m\x1b[Kunsigned int\x1b[m\x1b[K\xe2\x80\x99, but argument 2 has type \xe2\x80\x98\x1b[01m\x1b[K_size_t\x1b[m\x1b[K\xe2\x80\x99 {aka \xe2\x80\x98\x1b[01m\x1b[Klong unsigned int\x1b[m\x1b[K\xe2\x80\x99} [\x1b[01;35m\x1b[K\x1b]8;;https://gcc.gnu.org/onlinedocs/gcc/Warning-Options.html#index-Wformat=\x07-Wformat=\x1b]8;;\x07\x1b[m\x1b[K]\n'}
[2.729173] (ydlidar_sdk) StderrLine: {'line': b'  151 |           printf("[YDLIDAR] Thread [0x\x1b[01;35m\x1b[K%X\x1b[m\x1b[K] has been canceled\\n", \x1b[32m\x1b[K_handle\x1b[m\x1b[K);\n'}
[2.729347] (ydlidar_sdk) StderrLine: {'line': b'      |                                       \x1b[01;35m\x1b[K~^\x1b[m\x1b[K                        \x1b[32m\x1b[K~~~~~~~\x1b[m\x1b[K\n'}
[2.729457] (ydlidar_sdk) StderrLine: {'line': b'      |                                        \x1b[01;35m\x1b[K|\x1b[m\x1b[K                        \x1b[32m\x1b[K|\x1b[m\x1b[K\n'}
[2.729562] (ydlidar_sdk) StderrLine: {'line': b'      |                                        \x1b[01;35m\x1b[Kunsigned int\x1b[m\x1b[K             \x1b[32m\x1b[K_size_t {aka long unsigned int}\x1b[m\x1b[K\n'}
[2.729665] (ydlidar_sdk) StderrLine: {'line': b'      |                                       \x1b[32m\x1b[K%lX\x1b[m\x1b[K\n'}
[2.810085] (ydlidar_sdk) StderrLine: {'line': b'In file included from \x1b[01m\x1b[K/home/ryo/ros2_ws/src/YDLidar-SDK/examples/gs_ota.cpp:41\x1b[m\x1b[K:\n'}
[2.810313] (ydlidar_sdk) StderrLine: {'line': b'\x1b[01m\x1b[K/home/ryo/ros2_ws/src/YDLidar-SDK/./core/common/ydlidar_help.h:\x1b[m\x1b[K In function \xe2\x80\x98\x1b[01m\x1b[Kvoid ydlidar::core::common::debug(char*, ...)\x1b[m\x1b[K\xe2\x80\x99:\n'}
[2.810434] (ydlidar_sdk) StderrLine: {'line': b'\x1b[01m\x1b[K/home/ryo/ros2_ws/src/YDLidar-SDK/./core/common/ydlidar_help.h:1075:10:\x1b[m\x1b[K \x1b[01;35m\x1b[Kwarning: \x1b[m\x1b[Kformat not a string literal and no format arguments [\x1b[01;35m\x1b[K\x1b]8;;https://gcc.gnu.org/onlinedocs/gcc/Warning-Options.html#index-Wformat-security\x07-Wformat-security\x1b]8;;\x07\x1b[m\x1b[K]\n'}
[2.810544] (ydlidar_sdk) StderrLine: {'line': b' 1075 |   printf(\x1b[01;35m\x1b[Kbuff\x1b[m\x1b[K); \\\n'}
[2.810648] (ydlidar_sdk) StderrLine: {'line': b'      |          \x1b[01;35m\x1b[K^~~~\x1b[m\x1b[K\n'}
[2.810765] (ydlidar_sdk) StderrLine: {'line': b'\x1b[01m\x1b[K/home/ryo/ros2_ws/src/YDLidar-SDK/./core/common/ydlidar_help.h:1086:3:\x1b[m\x1b[K \x1b[01;36m\x1b[Knote: \x1b[m\x1b[Kin expansion of macro \xe2\x80\x98\x1b[01m\x1b[KFORMAT_STDOUT\x1b[m\x1b[K\xe2\x80\x99\n'}
[2.813176] (ydlidar_sdk) StderrLine: {'line': b' 1086 |   \x1b[01;36m\x1b[KFORMAT_STDOUT\x1b[m\x1b[K\n'}
[2.813328] (ydlidar_sdk) StderrLine: {'line': b'      |   \x1b[01;36m\x1b[K^~~~~~~~~~~~~\x1b[m\x1b[K\n'}
[2.813437] (ydlidar_sdk) StderrLine: {'line': b'\x1b[01m\x1b[K/home/ryo/ros2_ws/src/YDLidar-SDK/./core/common/ydlidar_help.h:\x1b[m\x1b[K In function \xe2\x80\x98\x1b[01m\x1b[Kvoid ydlidar::core::common::info(char*, ...)\x1b[m\x1b[K\xe2\x80\x99:\n'}
[2.813543] (ydlidar_sdk) StderrLine: {'line': b'\x1b[01m\x1b[K/home/ryo/ros2_ws/src/YDLidar-SDK/./core/common/ydlidar_help.h:1075:10:\x1b[m\x1b[K \x1b[01;35m\x1b[Kwarning: \x1b[m\x1b[Kformat not a string literal and no format arguments [\x1b[01;35m\x1b[K\x1b]8;;https://gcc.gnu.org/onlinedocs/gcc/Warning-Options.html#index-Wformat-security\x07-Wformat-security\x1b]8;;\x07\x1b[m\x1b[K]\n'}
[2.813651] (ydlidar_sdk) StderrLine: {'line': b' 1075 |   printf(\x1b[01;35m\x1b[Kbuff\x1b[m\x1b[K); \\\n'}
[2.813753] (ydlidar_sdk) StderrLine: {'line': b'      |          \x1b[01;35m\x1b[K^~~~\x1b[m\x1b[K\n'}
[2.813855] (ydlidar_sdk) StderrLine: {'line': b'\x1b[01m\x1b[K/home/ryo/ros2_ws/src/YDLidar-SDK/./core/common/ydlidar_help.h:1098:3:\x1b[m\x1b[K \x1b[01;36m\x1b[Knote: \x1b[m\x1b[Kin expansion of macro \xe2\x80\x98\x1b[01m\x1b[KFORMAT_STDOUT\x1b[m\x1b[K\xe2\x80\x99\n'}
[2.813958] (ydlidar_sdk) StderrLine: {'line': b' 1098 |   \x1b[01;36m\x1b[KFORMAT_STDOUT\x1b[m\x1b[K\n'}
[2.814072] (ydlidar_sdk) StderrLine: {'line': b'      |   \x1b[01;36m\x1b[K^~~~~~~~~~~~~\x1b[m\x1b[K\n'}
[2.814173] (ydlidar_sdk) StderrLine: {'line': b'\x1b[01m\x1b[K/home/ryo/ros2_ws/src/YDLidar-SDK/./core/common/ydlidar_help.h:\x1b[m\x1b[K In function \xe2\x80\x98\x1b[01m\x1b[Kvoid ydlidar::core::common::warn(char*, ...)\x1b[m\x1b[K\xe2\x80\x99:\n'}
[2.814274] (ydlidar_sdk) StderrLine: {'line': b'\x1b[01m\x1b[K/home/ryo/ros2_ws/src/YDLidar-SDK/./core/common/ydlidar_help.h:1075:10:\x1b[m\x1b[K \x1b[01;35m\x1b[Kwarning: \x1b[m\x1b[Kformat not a string literal and no format arguments [\x1b[01;35m\x1b[K\x1b]8;;https://gcc.gnu.org/onlinedocs/gcc/Warning-Options.html#index-Wformat-security\x07-Wformat-security\x1b]8;;\x07\x1b[m\x1b[K]\n'}
[2.814402] (ydlidar_sdk) StderrLine: {'line': b' 1075 |   printf(\x1b[01;35m\x1b[Kbuff\x1b[m\x1b[K); \\\n'}
[2.814501] (ydlidar_sdk) StderrLine: {'line': b'      |          \x1b[01;35m\x1b[K^~~~\x1b[m\x1b[K\n'}
[2.814600] (ydlidar_sdk) StderrLine: {'line': b'\x1b[01m\x1b[K/home/ryo/ros2_ws/src/YDLidar-SDK/./core/common/ydlidar_help.h:1110:3:\x1b[m\x1b[K \x1b[01;36m\x1b[Knote: \x1b[m\x1b[Kin expansion of macro \xe2\x80\x98\x1b[01m\x1b[KFORMAT_STDOUT\x1b[m\x1b[K\xe2\x80\x99\n'}
[2.814702] (ydlidar_sdk) StderrLine: {'line': b' 1110 |   \x1b[01;36m\x1b[KFORMAT_STDOUT\x1b[m\x1b[K\n'}
[2.814799] (ydlidar_sdk) StderrLine: {'line': b'      |   \x1b[01;36m\x1b[K^~~~~~~~~~~~~\x1b[m\x1b[K\n'}
[2.814896] (ydlidar_sdk) StderrLine: {'line': b'\x1b[01m\x1b[K/home/ryo/ros2_ws/src/YDLidar-SDK/./core/common/ydlidar_help.h:\x1b[m\x1b[K In function \xe2\x80\x98\x1b[01m\x1b[Kvoid ydlidar::core::common::error(char*, ...)\x1b[m\x1b[K\xe2\x80\x99:\n'}
[2.815003] (ydlidar_sdk) StderrLine: {'line': b'\x1b[01m\x1b[K/home/ryo/ros2_ws/src/YDLidar-SDK/./core/common/ydlidar_help.h:1075:10:\x1b[m\x1b[K \x1b[01;35m\x1b[Kwarning: \x1b[m\x1b[Kformat not a string literal and no format arguments [\x1b[01;35m\x1b[K\x1b]8;;https://gcc.gnu.org/onlinedocs/gcc/Warning-Options.html#index-Wformat-security\x07-Wformat-security\x1b]8;;\x07\x1b[m\x1b[K]\n'}
[2.815129] (ydlidar_sdk) StderrLine: {'line': b' 1075 |   printf(\x1b[01;35m\x1b[Kbuff\x1b[m\x1b[K); \\\n'}
[2.815249] (ydlidar_sdk) StderrLine: {'line': b'      |          \x1b[01;35m\x1b[K^~~~\x1b[m\x1b[K\n'}
[2.815354] (ydlidar_sdk) StderrLine: {'line': b'\x1b[01m\x1b[K/home/ryo/ros2_ws/src/YDLidar-SDK/./core/common/ydlidar_help.h:1122:3:\x1b[m\x1b[K \x1b[01;36m\x1b[Knote: \x1b[m\x1b[Kin expansion of macro \xe2\x80\x98\x1b[01m\x1b[KFORMAT_STDOUT\x1b[m\x1b[K\xe2\x80\x99\n'}
[2.815459] (ydlidar_sdk) StderrLine: {'line': b' 1122 |   \x1b[01;36m\x1b[KFORMAT_STDOUT\x1b[m\x1b[K\n'}
[2.815563] (ydlidar_sdk) StderrLine: {'line': b'      |   \x1b[01;36m\x1b[K^~~~~~~~~~~~~\x1b[m\x1b[K\n'}
[2.822036] (ydlidar_sdk) StderrLine: {'line': b'In file included from \x1b[01m\x1b[K/home/ryo/ros2_ws/src/YDLidar-SDK/examples/tea_test.cpp:39\x1b[m\x1b[K:\n'}
[2.822317] (-) TimerEvent: {}
[2.822481] (ydlidar_sdk) StderrLine: {'line': b'\x1b[01m\x1b[K/home/ryo/ros2_ws/src/YDLidar-SDK/./core/common/ydlidar_help.h:\x1b[m\x1b[K In function \xe2\x80\x98\x1b[01m\x1b[Kvoid ydlidar::core::common::debug(char*, ...)\x1b[m\x1b[K\xe2\x80\x99:\n'}
[2.822618] (ydlidar_sdk) StderrLine: {'line': b'\x1b[01m\x1b[K/home/ryo/ros2_ws/src/YDLidar-SDK/./core/common/ydlidar_help.h:1075:10:\x1b[m\x1b[K \x1b[01;35m\x1b[Kwarning: \x1b[m\x1b[Kformat not a string literal and no format arguments [\x1b[01;35m\x1b[K\x1b]8;;https://gcc.gnu.org/onlinedocs/gcc/Warning-Options.html#index-Wformat-security\x07-Wformat-security\x1b]8;;\x07\x1b[m\x1b[K]\n'}
[2.822753] (ydlidar_sdk) StderrLine: {'line': b' 1075 |   printf(\x1b[01;35m\x1b[Kbuff\x1b[m\x1b[K); \\\n'}
[2.822876] (ydlidar_sdk) StderrLine: {'line': b'      |          \x1b[01;35m\x1b[K^~~~\x1b[m\x1b[K\n'}
[2.823008] (ydlidar_sdk) StderrLine: {'line': b'\x1b[01m\x1b[K/home/ryo/ros2_ws/src/YDLidar-SDK/./core/common/ydlidar_help.h:1086:3:\x1b[m\x1b[K \x1b[01;36m\x1b[Knote: \x1b[m\x1b[Kin expansion of macro \xe2\x80\x98\x1b[01m\x1b[KFORMAT_STDOUT\x1b[m\x1b[K\xe2\x80\x99\n'}
[2.823134] (ydlidar_sdk) StderrLine: {'line': b' 1086 |   \x1b[01;36m\x1b[KFORMAT_STDOUT\x1b[m\x1b[K\n'}
[2.823238] (ydlidar_sdk) StderrLine: {'line': b'      |   \x1b[01;36m\x1b[K^~~~~~~~~~~~~\x1b[m\x1b[K\n'}
[2.823339] (ydlidar_sdk) StderrLine: {'line': b'\x1b[01m\x1b[K/home/ryo/ros2_ws/src/YDLidar-SDK/./core/common/ydlidar_help.h:\x1b[m\x1b[K In function \xe2\x80\x98\x1b[01m\x1b[Kvoid ydlidar::core::common::info(char*, ...)\x1b[m\x1b[K\xe2\x80\x99:\n'}
[2.823459] (ydlidar_sdk) StderrLine: {'line': b'\x1b[01m\x1b[K/home/ryo/ros2_ws/src/YDLidar-SDK/./core/common/ydlidar_help.h:1075:10:\x1b[m\x1b[K \x1b[01;35m\x1b[Kwarning: \x1b[m\x1b[Kformat not a string literal and no format arguments [\x1b[01;35m\x1b[K\x1b]8;;https://gcc.gnu.org/onlinedocs/gcc/Warning-Options.html#index-Wformat-security\x07-Wformat-security\x1b]8;;\x07\x1b[m\x1b[K]\n'}
[2.823568] (ydlidar_sdk) StderrLine: {'line': b' 1075 |   printf(\x1b[01;35m\x1b[Kbuff\x1b[m\x1b[K); \\\n'}
[2.823671] (ydlidar_sdk) StderrLine: {'line': b'      |          \x1b[01;35m\x1b[K^~~~\x1b[m\x1b[K\n'}
[2.823771] (ydlidar_sdk) StderrLine: {'line': b'\x1b[01m\x1b[K/home/ryo/ros2_ws/src/YDLidar-SDK/./core/common/ydlidar_help.h:1098:3:\x1b[m\x1b[K \x1b[01;36m\x1b[Knote: \x1b[m\x1b[Kin expansion of macro \xe2\x80\x98\x1b[01m\x1b[KFORMAT_STDOUT\x1b[m\x1b[K\xe2\x80\x99\n'}
[2.823873] (ydlidar_sdk) StderrLine: {'line': b' 1098 |   \x1b[01;36m\x1b[KFORMAT_STDOUT\x1b[m\x1b[K\n'}
[2.823972] (ydlidar_sdk) StderrLine: {'line': b'      |   \x1b[01;36m\x1b[K^~~~~~~~~~~~~\x1b[m\x1b[K\n'}
[2.824086] (ydlidar_sdk) StderrLine: {'line': b'\x1b[01m\x1b[K/home/ryo/ros2_ws/src/YDLidar-SDK/./core/common/ydlidar_help.h:\x1b[m\x1b[K In function \xe2\x80\x98\x1b[01m\x1b[Kvoid ydlidar::core::common::warn(char*, ...)\x1b[m\x1b[K\xe2\x80\x99:\n'}
[2.824200] (ydlidar_sdk) StderrLine: {'line': b'\x1b[01m\x1b[K/home/ryo/ros2_ws/src/YDLidar-SDK/./core/common/ydlidar_help.h:1075:10:\x1b[m\x1b[K \x1b[01;35m\x1b[Kwarning: \x1b[m\x1b[Kformat not a string literal and no format arguments [\x1b[01;35m\x1b[K\x1b]8;;https://gcc.gnu.org/onlinedocs/gcc/Warning-Options.html#index-Wformat-security\x07-Wformat-security\x1b]8;;\x07\x1b[m\x1b[K]\n'}
[2.824309] (ydlidar_sdk) StderrLine: {'line': b' 1075 |   printf(\x1b[01;35m\x1b[Kbuff\x1b[m\x1b[K); \\\n'}
[2.824409] (ydlidar_sdk) StderrLine: {'line': b'      |          \x1b[01;35m\x1b[K^~~~\x1b[m\x1b[K\n'}
[2.824511] (ydlidar_sdk) StderrLine: {'line': b'\x1b[01m\x1b[K/home/ryo/ros2_ws/src/YDLidar-SDK/./core/common/ydlidar_help.h:1110:3:\x1b[m\x1b[K \x1b[01;36m\x1b[Knote: \x1b[m\x1b[Kin expansion of macro \xe2\x80\x98\x1b[01m\x1b[KFORMAT_STDOUT\x1b[m\x1b[K\xe2\x80\x99\n'}
[2.824615] (ydlidar_sdk) StderrLine: {'line': b' 1110 |   \x1b[01;36m\x1b[KFORMAT_STDOUT\x1b[m\x1b[K\n'}
[2.824718] (ydlidar_sdk) StderrLine: {'line': b'      |   \x1b[01;36m\x1b[K^~~~~~~~~~~~~\x1b[m\x1b[K\n'}
[2.830063] (ydlidar_sdk) StderrLine: {'line': b'\x1b[01m\x1b[K/home/ryo/ros2_ws/src/YDLidar-SDK/./core/common/ydlidar_help.h:\x1b[m\x1b[K In function \xe2\x80\x98\x1b[01m\x1b[Kvoid ydlidar::core::common::error(char*, ...)\x1b[m\x1b[K\xe2\x80\x99:\n'}
[2.830318] (ydlidar_sdk) StderrLine: {'line': b'\x1b[01m\x1b[K/home/ryo/ros2_ws/src/YDLidar-SDK/./core/common/ydlidar_help.h:1075:10:\x1b[m\x1b[K \x1b[01;35m\x1b[Kwarning: \x1b[m\x1b[Kformat not a string literal and no format arguments [\x1b[01;35m\x1b[K\x1b]8;;https://gcc.gnu.org/onlinedocs/gcc/Warning-Options.html#index-Wformat-security\x07-Wformat-security\x1b]8;;\x07\x1b[m\x1b[K]\n'}
[2.830463] (ydlidar_sdk) StderrLine: {'line': b' 1075 |   printf(\x1b[01;35m\x1b[Kbuff\x1b[m\x1b[K); \\\n'}
[2.830573] (ydlidar_sdk) StderrLine: {'line': b'      |          \x1b[01;35m\x1b[K^~~~\x1b[m\x1b[K\n'}
[2.830679] (ydlidar_sdk) StderrLine: {'line': b'\x1b[01m\x1b[K/home/ryo/ros2_ws/src/YDLidar-SDK/./core/common/ydlidar_help.h:1122:3:\x1b[m\x1b[K \x1b[01;36m\x1b[Knote: \x1b[m\x1b[Kin expansion of macro \xe2\x80\x98\x1b[01m\x1b[KFORMAT_STDOUT\x1b[m\x1b[K\xe2\x80\x99\n'}
[2.830788] (ydlidar_sdk) StderrLine: {'line': b' 1122 |   \x1b[01;36m\x1b[KFORMAT_STDOUT\x1b[m\x1b[K\n'}
[2.830891] (ydlidar_sdk) StderrLine: {'line': b'      |   \x1b[01;36m\x1b[K^~~~~~~~~~~~~\x1b[m\x1b[K\n'}
[2.833714] (ydlidar_sdk) StderrLine: {'line': b'\x1b[01m\x1b[K/home/ryo/ros2_ws/src/YDLidar-SDK/examples/tmini_test.cpp:\x1b[m\x1b[K In function \xe2\x80\x98\x1b[01m\x1b[Kint main(int, char**)\x1b[m\x1b[K\xe2\x80\x99:\n'}
[2.833940] (ydlidar_sdk) StderrLine: {'line': b'\x1b[01m\x1b[K/home/ryo/ros2_ws/src/YDLidar-SDK/examples/tmini_test.cpp:279:20:\x1b[m\x1b[K \x1b[01;35m\x1b[Kwarning: \x1b[m\x1b[Kformat \xe2\x80\x98\x1b[01m\x1b[K%d\x1b[m\x1b[K\xe2\x80\x99 expects argument of type \xe2\x80\x98\x1b[01m\x1b[Kint\x1b[m\x1b[K\xe2\x80\x99, but argument 2 has type \xe2\x80\x98\x1b[01m\x1b[Ksize_t\x1b[m\x1b[K\xe2\x80\x99 {aka \xe2\x80\x98\x1b[01m\x1b[Klong unsigned int\x1b[m\x1b[K\xe2\x80\x99} [\x1b[01;35m\x1b[K\x1b]8;;https://gcc.gnu.org/onlinedocs/gcc/Warning-Options.html#index-Wformat=\x07-Wformat=\x1b]8;;\x07\x1b[m\x1b[K]\n'}
[2.834092] (ydlidar_sdk) StderrLine: {'line': b'  279 |           printf("\x1b[01;35m\x1b[K%d\x1b[m\x1b[K a %.01f r %.04f i %.0f\\n",\n'}
[2.834204] (ydlidar_sdk) StderrLine: {'line': b'      |                   \x1b[01;35m\x1b[K~^\x1b[m\x1b[K\n'}
[2.834308] (ydlidar_sdk) StderrLine: {'line': b'      |                    \x1b[01;35m\x1b[K|\x1b[m\x1b[K\n'}
[2.834407] (ydlidar_sdk) StderrLine: {'line': b'      |                    \x1b[01;35m\x1b[Kint\x1b[m\x1b[K\n'}
[2.834512] (ydlidar_sdk) StderrLine: {'line': b'      |                   \x1b[32m\x1b[K%ld\x1b[m\x1b[K\n'}
[2.834616] (ydlidar_sdk) StderrLine: {'line': b'  280 |             \x1b[32m\x1b[Ki\x1b[m\x1b[K, p.angle * 180.0 / M_PI, p.range, p.intensity);\n'}
[2.834722] (ydlidar_sdk) StderrLine: {'line': b'      |             \x1b[32m\x1b[K~\x1b[m\x1b[K       \n'}
[2.834825] (ydlidar_sdk) StderrLine: {'line': b'      |             \x1b[32m\x1b[K|\x1b[m\x1b[K\n'}
[2.834929] (ydlidar_sdk) StderrLine: {'line': b'      |             \x1b[32m\x1b[Ksize_t {aka long unsigned int}\x1b[m\x1b[K\n'}
[2.872563] (ydlidar_sdk) StderrLine: {'line': b'In file included from \x1b[01m\x1b[K/home/ryo/ros2_ws/src/YDLidar-SDK/examples/scl_test.cpp:40\x1b[m\x1b[K:\n'}
[2.872872] (ydlidar_sdk) StderrLine: {'line': b'\x1b[01m\x1b[K/home/ryo/ros2_ws/src/YDLidar-SDK/./core/common/ydlidar_help.h:\x1b[m\x1b[K In function \xe2\x80\x98\x1b[01m\x1b[Kvoid ydlidar::core::common::debug(char*, ...)\x1b[m\x1b[K\xe2\x80\x99:\n'}
[2.873011] (ydlidar_sdk) StderrLine: {'line': b'\x1b[01m\x1b[K/home/ryo/ros2_ws/src/YDLidar-SDK/./core/common/ydlidar_help.h:1075:10:\x1b[m\x1b[K \x1b[01;35m\x1b[Kwarning: \x1b[m\x1b[Kformat not a string literal and no format arguments [\x1b[01;35m\x1b[K\x1b]8;;https://gcc.gnu.org/onlinedocs/gcc/Warning-Options.html#index-Wformat-security\x07-Wformat-security\x1b]8;;\x07\x1b[m\x1b[K]\n'}
[2.873152] (ydlidar_sdk) StderrLine: {'line': b' 1075 |   printf(\x1b[01;35m\x1b[Kbuff\x1b[m\x1b[K); \\\n'}
[2.873281] (ydlidar_sdk) StderrLine: {'line': b'      |          \x1b[01;35m\x1b[K^~~~\x1b[m\x1b[K\n'}
[2.873405] (ydlidar_sdk) StderrLine: {'line': b'\x1b[01m\x1b[K/home/ryo/ros2_ws/src/YDLidar-SDK/./core/common/ydlidar_help.h:1086:3:\x1b[m\x1b[K \x1b[01;36m\x1b[Knote: \x1b[m\x1b[Kin expansion of macro \xe2\x80\x98\x1b[01m\x1b[KFORMAT_STDOUT\x1b[m\x1b[K\xe2\x80\x99\n'}
[2.873532] (ydlidar_sdk) StderrLine: {'line': b' 1086 |   \x1b[01;36m\x1b[KFORMAT_STDOUT\x1b[m\x1b[K\n'}
[2.873662] (ydlidar_sdk) StderrLine: {'line': b'      |   \x1b[01;36m\x1b[K^~~~~~~~~~~~~\x1b[m\x1b[K\n'}
[2.877057] (ydlidar_sdk) StderrLine: {'line': b'\x1b[01m\x1b[K/home/ryo/ros2_ws/src/YDLidar-SDK/./core/common/ydlidar_help.h:\x1b[m\x1b[K In function \xe2\x80\x98\x1b[01m\x1b[Kvoid ydlidar::core::common::info(char*, ...)\x1b[m\x1b[K\xe2\x80\x99:\n'}
[2.877315] (ydlidar_sdk) StderrLine: {'line': b'\x1b[01m\x1b[K/home/ryo/ros2_ws/src/YDLidar-SDK/./core/common/ydlidar_help.h:1075:10:\x1b[m\x1b[K \x1b[01;35m\x1b[Kwarning: \x1b[m\x1b[Kformat not a string literal and no format arguments [\x1b[01;35m\x1b[K\x1b]8;;https://gcc.gnu.org/onlinedocs/gcc/Warning-Options.html#index-Wformat-security\x07-Wformat-security\x1b]8;;\x07\x1b[m\x1b[K]\n'}
[2.877441] (ydlidar_sdk) StderrLine: {'line': b' 1075 |   printf(\x1b[01;35m\x1b[Kbuff\x1b[m\x1b[K); \\\n'}
[2.877551] (ydlidar_sdk) StderrLine: {'line': b'      |          \x1b[01;35m\x1b[K^~~~\x1b[m\x1b[K\n'}
[2.877657] (ydlidar_sdk) StderrLine: {'line': b'\x1b[01m\x1b[K/home/ryo/ros2_ws/src/YDLidar-SDK/./core/common/ydlidar_help.h:1098:3:\x1b[m\x1b[K \x1b[01;36m\x1b[Knote: \x1b[m\x1b[Kin expansion of macro \xe2\x80\x98\x1b[01m\x1b[KFORMAT_STDOUT\x1b[m\x1b[K\xe2\x80\x99\n'}
[2.877784] (ydlidar_sdk) StderrLine: {'line': b' 1098 |   \x1b[01;36m\x1b[KFORMAT_STDOUT\x1b[m\x1b[K\n'}
[2.877889] (ydlidar_sdk) StderrLine: {'line': b'      |   \x1b[01;36m\x1b[K^~~~~~~~~~~~~\x1b[m\x1b[K\n'}
[2.877997] (ydlidar_sdk) StderrLine: {'line': b'\x1b[01m\x1b[K/home/ryo/ros2_ws/src/YDLidar-SDK/./core/common/ydlidar_help.h:\x1b[m\x1b[K In function \xe2\x80\x98\x1b[01m\x1b[Kvoid ydlidar::core::common::warn(char*, ...)\x1b[m\x1b[K\xe2\x80\x99:\n'}
[2.878112] (ydlidar_sdk) StderrLine: {'line': b'\x1b[01m\x1b[K/home/ryo/ros2_ws/src/YDLidar-SDK/./core/common/ydlidar_help.h:1075:10:\x1b[m\x1b[K \x1b[01;35m\x1b[Kwarning: \x1b[m\x1b[Kformat not a string literal and no format arguments [\x1b[01;35m\x1b[K\x1b]8;;https://gcc.gnu.org/onlinedocs/gcc/Warning-Options.html#index-Wformat-security\x07-Wformat-security\x1b]8;;\x07\x1b[m\x1b[K]\n'}
[2.878244] (ydlidar_sdk) StderrLine: {'line': b' 1075 |   printf(\x1b[01;35m\x1b[Kbuff\x1b[m\x1b[K); \\\n'}
[2.878349] (ydlidar_sdk) StderrLine: {'line': b'      |          \x1b[01;35m\x1b[K^~~~\x1b[m\x1b[K\n'}
[2.878458] (ydlidar_sdk) StderrLine: {'line': b'\x1b[01m\x1b[K/home/ryo/ros2_ws/src/YDLidar-SDK/./core/common/ydlidar_help.h:1110:3:\x1b[m\x1b[K \x1b[01;36m\x1b[Knote: \x1b[m\x1b[Kin expansion of macro \xe2\x80\x98\x1b[01m\x1b[KFORMAT_STDOUT\x1b[m\x1b[K\xe2\x80\x99\n'}
[2.878570] (ydlidar_sdk) StderrLine: {'line': b' 1110 |   \x1b[01;36m\x1b[KFORMAT_STDOUT\x1b[m\x1b[K\n'}
[2.878677] (ydlidar_sdk) StderrLine: {'line': b'      |   \x1b[01;36m\x1b[K^~~~~~~~~~~~~\x1b[m\x1b[K\n'}
[2.878778] (ydlidar_sdk) StderrLine: {'line': b'\x1b[01m\x1b[K/home/ryo/ros2_ws/src/YDLidar-SDK/./core/common/ydlidar_help.h:\x1b[m\x1b[K In function \xe2\x80\x98\x1b[01m\x1b[Kvoid ydlidar::core::common::error(char*, ...)\x1b[m\x1b[K\xe2\x80\x99:\n'}
[2.878876] (ydlidar_sdk) StderrLine: {'line': b'\x1b[01m\x1b[K/home/ryo/ros2_ws/src/YDLidar-SDK/./core/common/ydlidar_help.h:1075:10:\x1b[m\x1b[K \x1b[01;35m\x1b[Kwarning: \x1b[m\x1b[Kformat not a string literal and no format arguments [\x1b[01;35m\x1b[K\x1b]8;;https://gcc.gnu.org/onlinedocs/gcc/Warning-Options.html#index-Wformat-security\x07-Wformat-security\x1b]8;;\x07\x1b[m\x1b[K]\n'}
[2.878996] (ydlidar_sdk) StderrLine: {'line': b' 1075 |   printf(\x1b[01;35m\x1b[Kbuff\x1b[m\x1b[K); \\\n'}
[2.879101] (ydlidar_sdk) StderrLine: {'line': b'      |          \x1b[01;35m\x1b[K^~~~\x1b[m\x1b[K\n'}
[2.879194] (ydlidar_sdk) StderrLine: {'line': b'\x1b[01m\x1b[K/home/ryo/ros2_ws/src/YDLidar-SDK/./core/common/ydlidar_help.h:1122:3:\x1b[m\x1b[K \x1b[01;36m\x1b[Knote: \x1b[m\x1b[Kin expansion of macro \xe2\x80\x98\x1b[01m\x1b[KFORMAT_STDOUT\x1b[m\x1b[K\xe2\x80\x99\n'}
[2.879305] (ydlidar_sdk) StderrLine: {'line': b' 1122 |   \x1b[01;36m\x1b[KFORMAT_STDOUT\x1b[m\x1b[K\n'}
[2.879392] (ydlidar_sdk) StderrLine: {'line': b'      |   \x1b[01;36m\x1b[K^~~~~~~~~~~~~\x1b[m\x1b[K\n'}
[2.892240] (ydlidar_sdk) StderrLine: {'line': b'In file included from \x1b[01m\x1b[K/home/ryo/ros2_ws/src/YDLidar-SDK/./core/common/DriverInterface.h:5\x1b[m\x1b[K,\n'}
[2.893338] (ydlidar_sdk) StderrLine: {'line': b'                 from \x1b[01m\x1b[K/home/ryo/ros2_ws/src/YDLidar-SDK/src/CYdLidar.h:48\x1b[m\x1b[K,\n'}
[2.893477] (ydlidar_sdk) StderrLine: {'line': b'                 from \x1b[01m\x1b[K/home/ryo/ros2_ws/src/YDLidar-SDK/examples/gs_test.cpp:40\x1b[m\x1b[K:\n'}
[2.893587] (ydlidar_sdk) StderrLine: {'line': b'\x1b[01m\x1b[K/home/ryo/ros2_ws/src/YDLidar-SDK/./core/base/thread.h:\x1b[m\x1b[K In member function \xe2\x80\x98\x1b[01m\x1b[Kint ydlidar::core::base::Thread::join(long unsigned int)\x1b[m\x1b[K\xe2\x80\x99:\n'}
[2.893697] (ydlidar_sdk) StderrLine: {'line': b'\x1b[01m\x1b[K/home/ryo/ros2_ws/src/YDLidar-SDK/./core/base/thread.h:136:46:\x1b[m\x1b[K \x1b[01;35m\x1b[Kwarning: \x1b[m\x1b[Kformat \xe2\x80\x98\x1b[01m\x1b[K%X\x1b[m\x1b[K\xe2\x80\x99 expects argument of type \xe2\x80\x98\x1b[01m\x1b[Kunsigned int\x1b[m\x1b[K\xe2\x80\x99, but argument 2 has type \xe2\x80\x98\x1b[01m\x1b[K_size_t\x1b[m\x1b[K\xe2\x80\x99 {aka \xe2\x80\x98\x1b[01m\x1b[Klong unsigned int\x1b[m\x1b[K\xe2\x80\x99} [\x1b[01;35m\x1b[K\x1b]8;;https://gcc.gnu.org/onlinedocs/gcc/Warning-Options.html#index-Wformat=\x07-Wformat=\x1b]8;;\x07\x1b[m\x1b[K]\n'}
[2.893822] (ydlidar_sdk) StderrLine: {'line': b'  136 |           printf("[YDLIDAR DEBUG] Thread [0x\x1b[01;35m\x1b[K%X\x1b[m\x1b[K] ready to cancel[%d]\\n", \x1b[32m\x1b[K_handle\x1b[m\x1b[K, s);\n'}
[2.893927] (ydlidar_sdk) StderrLine: {'line': b'      |                                             \x1b[01;35m\x1b[K~^\x1b[m\x1b[K                          \x1b[32m\x1b[K~~~~~~~\x1b[m\x1b[K\n'}
[2.894045] (ydlidar_sdk) StderrLine: {'line': b'      |                                              \x1b[01;35m\x1b[K|\x1b[m\x1b[K                          \x1b[32m\x1b[K|\x1b[m\x1b[K\n'}
[2.894154] (ydlidar_sdk) StderrLine: {'line': b'      |                                              \x1b[01;35m\x1b[Kunsigned int\x1b[m\x1b[K               \x1b[32m\x1b[K_size_t {aka long unsigned int}\x1b[m\x1b[K\n'}
[2.894259] (ydlidar_sdk) StderrLine: {'line': b'      |                                             \x1b[32m\x1b[K%lX\x1b[m\x1b[K\n'}
[2.894363] (ydlidar_sdk) StderrLine: {'line': b'\x1b[01m\x1b[K/home/ryo/ros2_ws/src/YDLidar-SDK/./core/base/thread.h:138:46:\x1b[m\x1b[K \x1b[01;35m\x1b[Kwarning: \x1b[m\x1b[Kformat \xe2\x80\x98\x1b[01m\x1b[K%X\x1b[m\x1b[K\xe2\x80\x99 expects argument of type \xe2\x80\x98\x1b[01m\x1b[Kunsigned int\x1b[m\x1b[K\xe2\x80\x99, but argument 2 has type \xe2\x80\x98\x1b[01m\x1b[K_size_t\x1b[m\x1b[K\xe2\x80\x99 {aka \xe2\x80\x98\x1b[01m\x1b[Klong unsigned int\x1b[m\x1b[K\xe2\x80\x99} [\x1b[01;35m\x1b[K\x1b]8;;https://gcc.gnu.org/onlinedocs/gcc/Warning-Options.html#index-Wformat=\x07-Wformat=\x1b]8;;\x07\x1b[m\x1b[K]\n'}
[2.894478] (ydlidar_sdk) StderrLine: {'line': b'  138 |           printf("[YDLIDAR DEBUG] Thread [0x\x1b[01;35m\x1b[K%X\x1b[m\x1b[K] ready to cancel[%d] time[%u]\\n",\n'}
[2.894583] (ydlidar_sdk) StderrLine: {'line': b'      |                                             \x1b[01;35m\x1b[K~^\x1b[m\x1b[K\n'}
[2.894688] (ydlidar_sdk) StderrLine: {'line': b'      |                                              \x1b[01;35m\x1b[K|\x1b[m\x1b[K\n'}
[2.894792] (ydlidar_sdk) StderrLine: {'line': b'      |                                              \x1b[01;35m\x1b[Kunsigned int\x1b[m\x1b[K\n'}
[2.894895] (ydlidar_sdk) StderrLine: {'line': b'      |                                             \x1b[32m\x1b[K%lX\x1b[m\x1b[K\n'}
[2.895004] (ydlidar_sdk) StderrLine: {'line': b'  139 |             \x1b[32m\x1b[K_handle\x1b[m\x1b[K, s, getms() - t);\n'}
[2.895118] (ydlidar_sdk) StderrLine: {'line': b'      |             \x1b[32m\x1b[K~~~~~~~\x1b[m\x1b[K                           \n'}
[2.895221] (ydlidar_sdk) StderrLine: {'line': b'      |             \x1b[32m\x1b[K|\x1b[m\x1b[K\n'}
[2.895349] (ydlidar_sdk) StderrLine: {'line': b'      |             \x1b[32m\x1b[K_size_t {aka long unsigned int}\x1b[m\x1b[K\n'}
[2.899280] (ydlidar_sdk) StderrLine: {'line': b'\x1b[01m\x1b[K/home/ryo/ros2_ws/src/YDLidar-SDK/./core/base/thread.h:142:42:\x1b[m\x1b[K \x1b[01;35m\x1b[Kwarning: \x1b[m\x1b[Kformat \xe2\x80\x98\x1b[01m\x1b[K%X\x1b[m\x1b[K\xe2\x80\x99 expects argument of type \xe2\x80\x98\x1b[01m\x1b[Kunsigned int\x1b[m\x1b[K\xe2\x80\x99, but argument 2 has type \xe2\x80\x98\x1b[01m\x1b[K_size_t\x1b[m\x1b[K\xe2\x80\x99 {aka \xe2\x80\x98\x1b[01m\x1b[Klong unsigned int\x1b[m\x1b[K\xe2\x80\x99} [\x1b[01;35m\x1b[K\x1b]8;;https://gcc.gnu.org/onlinedocs/gcc/Warning-Options.html#index-Wformat=\x07-Wformat=\x1b]8;;\x07\x1b[m\x1b[K]\n'}
[2.899456] (ydlidar_sdk) StderrLine: {'line': b'  142 |             printf("[YDLIDAR] Thread [0x\x1b[01;35m\x1b[K%X\x1b[m\x1b[K] has been canceled in other thread\\n", \x1b[32m\x1b[K_handle\x1b[m\x1b[K);\n'}
[2.899575] (ydlidar_sdk) StderrLine: {'line': b'      |                                         \x1b[01;35m\x1b[K~^\x1b[m\x1b[K                                        \x1b[32m\x1b[K~~~~~~~\x1b[m\x1b[K\n'}
[2.899682] (ydlidar_sdk) StderrLine: {'line': b'      |                                          \x1b[01;35m\x1b[K|\x1b[m\x1b[K                                        \x1b[32m\x1b[K|\x1b[m\x1b[K\n'}
[2.899803] (ydlidar_sdk) StderrLine: {'line': b'      |                                          \x1b[01;35m\x1b[Kunsigned int\x1b[m\x1b[K                             \x1b[32m\x1b[K_size_t {aka long unsigned int}\x1b[m\x1b[K\n'}
[2.899906] (ydlidar_sdk) StderrLine: {'line': b'      |                                         \x1b[32m\x1b[K%lX\x1b[m\x1b[K\n'}
[2.900020] (ydlidar_sdk) StderrLine: {'line': b'\x1b[01m\x1b[K/home/ryo/ros2_ws/src/YDLidar-SDK/./core/base/thread.h:147:74:\x1b[m\x1b[K \x1b[01;35m\x1b[Kwarning: \x1b[m\x1b[Kformat \xe2\x80\x98\x1b[01m\x1b[K%X\x1b[m\x1b[K\xe2\x80\x99 expects argument of type \xe2\x80\x98\x1b[01m\x1b[Kunsigned int\x1b[m\x1b[K\xe2\x80\x99, but argument 3 has type \xe2\x80\x98\x1b[01m\x1b[K_size_t\x1b[m\x1b[K\xe2\x80\x99 {aka \xe2\x80\x98\x1b[01m\x1b[Klong unsigned int\x1b[m\x1b[K\xe2\x80\x99} [\x1b[01;35m\x1b[K\x1b]8;;https://gcc.gnu.org/onlinedocs/gcc/Warning-Options.html#index-Wformat=\x07-Wformat=\x1b]8;;\x07\x1b[m\x1b[K]\n'}
[2.900156] (ydlidar_sdk) StderrLine: {'line': b'  147 |             fprintf(stderr, "[YDLIDAR] An error occurred while thread[0x\x1b[01;35m\x1b[K%X\x1b[m\x1b[K] cancelled!\\n", \x1b[32m\x1b[K_handle\x1b[m\x1b[K);\n'}
[2.900264] (ydlidar_sdk) StderrLine: {'line': b'      |                                                                         \x1b[01;35m\x1b[K~^\x1b[m\x1b[K                 \x1b[32m\x1b[K~~~~~~~\x1b[m\x1b[K\n'}
[2.900369] (ydlidar_sdk) StderrLine: {'line': b'      |                                                                          \x1b[01;35m\x1b[K|\x1b[m\x1b[K                 \x1b[32m\x1b[K|\x1b[m\x1b[K\n'}
[2.900474] (ydlidar_sdk) StderrLine: {'line': b'      |                                                                          \x1b[01;35m\x1b[Kunsigned int\x1b[m\x1b[K      \x1b[32m\x1b[K_size_t {aka long unsigned int}\x1b[m\x1b[K\n'}
[2.900578] (ydlidar_sdk) StderrLine: {'line': b'      |                                                                         \x1b[32m\x1b[K%lX\x1b[m\x1b[K\n'}
[2.900681] (ydlidar_sdk) StderrLine: {'line': b'\x1b[01m\x1b[K/home/ryo/ros2_ws/src/YDLidar-SDK/./core/base/thread.h:151:40:\x1b[m\x1b[K \x1b[01;35m\x1b[Kwarning: \x1b[m\x1b[Kformat \xe2\x80\x98\x1b[01m\x1b[K%X\x1b[m\x1b[K\xe2\x80\x99 expects argument of type \xe2\x80\x98\x1b[01m\x1b[Kunsigned int\x1b[m\x1b[K\xe2\x80\x99, but argument 2 has type \xe2\x80\x98\x1b[01m\x1b[K_size_t\x1b[m\x1b[K\xe2\x80\x99 {aka \xe2\x80\x98\x1b[01m\x1b[Klong unsigned int\x1b[m\x1b[K\xe2\x80\x99} [\x1b[01;35m\x1b[K\x1b]8;;https://gcc.gnu.org/onlinedocs/gcc/Warning-Options.html#index-Wformat=\x07-Wformat=\x1b]8;;\x07\x1b[m\x1b[K]\n'}
[2.900793] (ydlidar_sdk) StderrLine: {'line': b'  151 |           printf("[YDLIDAR] Thread [0x\x1b[01;35m\x1b[K%X\x1b[m\x1b[K] has been canceled\\n", \x1b[32m\x1b[K_handle\x1b[m\x1b[K);\n'}
[2.900901] (ydlidar_sdk) StderrLine: {'line': b'      |                                       \x1b[01;35m\x1b[K~^\x1b[m\x1b[K                        \x1b[32m\x1b[K~~~~~~~\x1b[m\x1b[K\n'}
[2.901009] (ydlidar_sdk) StderrLine: {'line': b'      |                                        \x1b[01;35m\x1b[K|\x1b[m\x1b[K                        \x1b[32m\x1b[K|\x1b[m\x1b[K\n'}
[2.901128] (ydlidar_sdk) StderrLine: {'line': b'      |                                        \x1b[01;35m\x1b[Kunsigned int\x1b[m\x1b[K             \x1b[32m\x1b[K_size_t {aka long unsigned int}\x1b[m\x1b[K\n'}
[2.901233] (ydlidar_sdk) StderrLine: {'line': b'      |                                       \x1b[32m\x1b[K%lX\x1b[m\x1b[K\n'}
[2.901335] (ydlidar_sdk) StderrLine: {'line': b'\x1b[01m\x1b[K/home/ryo/ros2_ws/src/YDLidar-SDK/examples/scl_test.cpp:\x1b[m\x1b[K In function \xe2\x80\x98\x1b[01m\x1b[Kint main(int, char**)\x1b[m\x1b[K\xe2\x80\x99:\n'}
[2.901440] (ydlidar_sdk) StderrLine: {'line': b'\x1b[01m\x1b[K/home/ryo/ros2_ws/src/YDLidar-SDK/examples/scl_test.cpp:333:33:\x1b[m\x1b[K \x1b[01;35m\x1b[Kwarning: \x1b[m\x1b[Kformat \xe2\x80\x98\x1b[01m\x1b[K%llu\x1b[m\x1b[K\xe2\x80\x99 expects argument of type \xe2\x80\x98\x1b[01m\x1b[Klong long unsigned int\x1b[m\x1b[K\xe2\x80\x99, but argument 2 has type \xe2\x80\x98\x1b[01m\x1b[Kstd::vector<LaserPoint>::size_type\x1b[m\x1b[K\xe2\x80\x99 {aka \xe2\x80\x98\x1b[01m\x1b[Klong unsigned int\x1b[m\x1b[K\xe2\x80\x99} [\x1b[01;35m\x1b[K\x1b]8;;https://gcc.gnu.org/onlinedocs/gcc/Warning-Options.html#index-Wformat=\x07-Wformat=\x1b]8;;\x07\x1b[m\x1b[K]\n'}
[2.901562] (ydlidar_sdk) StderrLine: {'line': b'  333 |       printf("Scan received [\x1b[01;35m\x1b[K%llu\x1b[m\x1b[K] points stamp [%llu]\\n",\n'}
[2.901664] (ydlidar_sdk) StderrLine: {'line': b'      |                              \x1b[01;35m\x1b[K~~~^\x1b[m\x1b[K\n'}
[2.901769] (ydlidar_sdk) StderrLine: {'line': b'      |                                 \x1b[01;35m\x1b[K|\x1b[m\x1b[K\n'}
[2.901873] (ydlidar_sdk) StderrLine: {'line': b'      |                                 \x1b[01;35m\x1b[Klong long unsigned int\x1b[m\x1b[K\n'}
[2.901977] (ydlidar_sdk) StderrLine: {'line': b'      |                              \x1b[32m\x1b[K%lu\x1b[m\x1b[K\n'}
[2.902097] (ydlidar_sdk) StderrLine: {'line': b'  334 |              \x1b[32m\x1b[Kscan.points.size()\x1b[m\x1b[K,\n'}
[2.902199] (ydlidar_sdk) StderrLine: {'line': b'      |              \x1b[32m\x1b[K~~~~~~~~~~~~~~~~~~\x1b[m\x1b[K  \n'}
[2.906284] (ydlidar_sdk) StderrLine: {'line': b'      |                              \x1b[32m\x1b[K|\x1b[m\x1b[K\n'}
[2.906422] (ydlidar_sdk) StderrLine: {'line': b'      |                              \x1b[32m\x1b[Kstd::vector<LaserPoint>::size_type {aka long unsigned int}\x1b[m\x1b[K\n'}
[2.906540] (ydlidar_sdk) StderrLine: {'line': b'\x1b[01m\x1b[K/home/ryo/ros2_ws/src/YDLidar-SDK/examples/scl_test.cpp:333:53:\x1b[m\x1b[K \x1b[01;35m\x1b[Kwarning: \x1b[m\x1b[Kformat \xe2\x80\x98\x1b[01m\x1b[K%llu\x1b[m\x1b[K\xe2\x80\x99 expects argument of type \xe2\x80\x98\x1b[01m\x1b[Klong long unsigned int\x1b[m\x1b[K\xe2\x80\x99, but argument 3 has type \xe2\x80\x98\x1b[01m\x1b[Kuint64_t\x1b[m\x1b[K\xe2\x80\x99 {aka \xe2\x80\x98\x1b[01m\x1b[Klong unsigned int\x1b[m\x1b[K\xe2\x80\x99} [\x1b[01;35m\x1b[K\x1b]8;;https://gcc.gnu.org/onlinedocs/gcc/Warning-Options.html#index-Wformat=\x07-Wformat=\x1b]8;;\x07\x1b[m\x1b[K]\n'}
[2.906644] (ydlidar_sdk) StderrLine: {'line': b'  333 |       printf("Scan received [%llu] points stamp [\x1b[01;35m\x1b[K%llu\x1b[m\x1b[K]\\n",\n'}
[2.906737] (ydlidar_sdk) StderrLine: {'line': b'      |                                                  \x1b[01;35m\x1b[K~~~^\x1b[m\x1b[K\n'}
[2.906832] (ydlidar_sdk) StderrLine: {'line': b'      |                                                     \x1b[01;35m\x1b[K|\x1b[m\x1b[K\n'}
[2.906924] (ydlidar_sdk) StderrLine: {'line': b'      |                                                     \x1b[01;35m\x1b[Klong long unsigned int\x1b[m\x1b[K\n'}
[2.907031] (ydlidar_sdk) StderrLine: {'line': b'      |                                                  \x1b[32m\x1b[K%lu\x1b[m\x1b[K\n'}
[2.907130] (ydlidar_sdk) StderrLine: {'line': b'  334 |              scan.points.size(),\n'}
[2.907221] (ydlidar_sdk) StderrLine: {'line': b'  335 |              \x1b[32m\x1b[Kscan.stamp\x1b[m\x1b[K);\n'}
[2.907310] (ydlidar_sdk) StderrLine: {'line': b'      |              \x1b[32m\x1b[K~~~~~~~~~~\x1b[m\x1b[K                              \n'}
[2.907402] (ydlidar_sdk) StderrLine: {'line': b'      |                   \x1b[32m\x1b[K|\x1b[m\x1b[K\n'}
[2.907493] (ydlidar_sdk) StderrLine: {'line': b'      |                   \x1b[32m\x1b[Kuint64_t {aka long unsigned int}\x1b[m\x1b[K\n'}
[2.910313] (ydlidar_sdk) StdoutLine: {'line': b'[ 66%] \x1b[32m\x1b[1mLinking CXX executable ../tri_and_gs_test\x1b[0m\n'}
[2.913284] (ydlidar_sdk) StderrLine: {'line': b'In file included from \x1b[01m\x1b[K/home/ryo/ros2_ws/src/YDLidar-SDK/./core/common/DriverInterface.h:5\x1b[m\x1b[K,\n'}
[2.913647] (ydlidar_sdk) StderrLine: {'line': b'                 from \x1b[01m\x1b[K/home/ryo/ros2_ws/src/YDLidar-SDK/src/CYdLidar.h:48\x1b[m\x1b[K,\n'}
[2.913795] (ydlidar_sdk) StderrLine: {'line': b'                 from \x1b[01m\x1b[K/home/ryo/ros2_ws/src/YDLidar-SDK/examples/tof_test.cpp:38\x1b[m\x1b[K:\n'}
[2.913960] (ydlidar_sdk) StderrLine: {'line': b'\x1b[01m\x1b[K/home/ryo/ros2_ws/src/YDLidar-SDK/./core/base/thread.h:\x1b[m\x1b[K In member function \xe2\x80\x98\x1b[01m\x1b[Kint ydlidar::core::base::Thread::join(long unsigned int)\x1b[m\x1b[K\xe2\x80\x99:\n'}
[2.914230] (ydlidar_sdk) StderrLine: {'line': b'\x1b[01m\x1b[K/home/ryo/ros2_ws/src/YDLidar-SDK/./core/base/thread.h:136:46:\x1b[m\x1b[K \x1b[01;35m\x1b[Kwarning: \x1b[m\x1b[Kformat \xe2\x80\x98\x1b[01m\x1b[K%X\x1b[m\x1b[K\xe2\x80\x99 expects argument of type \xe2\x80\x98\x1b[01m\x1b[Kunsigned int\x1b[m\x1b[K\xe2\x80\x99, but argument 2 has type \xe2\x80\x98\x1b[01m\x1b[K_size_t\x1b[m\x1b[K\xe2\x80\x99 {aka \xe2\x80\x98\x1b[01m\x1b[Klong unsigned int\x1b[m\x1b[K\xe2\x80\x99} [\x1b[01;35m\x1b[K\x1b]8;;https://gcc.gnu.org/onlinedocs/gcc/Warning-Options.html#index-Wformat=\x07-Wformat=\x1b]8;;\x07\x1b[m\x1b[K]\n'}
[2.914425] (ydlidar_sdk) StderrLine: {'line': b'  136 |           printf("[YDLIDAR DEBUG] Thread [0x\x1b[01;35m\x1b[K%X\x1b[m\x1b[K] ready to cancel[%d]\\n", \x1b[32m\x1b[K_handle\x1b[m\x1b[K, s);\n'}
[2.914535] (ydlidar_sdk) StderrLine: {'line': b'      |                                             \x1b[01;35m\x1b[K~^\x1b[m\x1b[K                          \x1b[32m\x1b[K~~~~~~~\x1b[m\x1b[K\n'}
[2.914642] (ydlidar_sdk) StderrLine: {'line': b'      |                                              \x1b[01;35m\x1b[K|\x1b[m\x1b[K                          \x1b[32m\x1b[K|\x1b[m\x1b[K\n'}
[2.914749] (ydlidar_sdk) StderrLine: {'line': b'      |                                              \x1b[01;35m\x1b[Kunsigned int\x1b[m\x1b[K               \x1b[32m\x1b[K_size_t {aka long unsigned int}\x1b[m\x1b[K\n'}
[2.914854] (ydlidar_sdk) StderrLine: {'line': b'      |                                             \x1b[32m\x1b[K%lX\x1b[m\x1b[K\n'}
[2.914957] (ydlidar_sdk) StderrLine: {'line': b'\x1b[01m\x1b[K/home/ryo/ros2_ws/src/YDLidar-SDK/./core/base/thread.h:138:46:\x1b[m\x1b[K \x1b[01;35m\x1b[Kwarning: \x1b[m\x1b[Kformat \xe2\x80\x98\x1b[01m\x1b[K%X\x1b[m\x1b[K\xe2\x80\x99 expects argument of type \xe2\x80\x98\x1b[01m\x1b[Kunsigned int\x1b[m\x1b[K\xe2\x80\x99, but argument 2 has type \xe2\x80\x98\x1b[01m\x1b[K_size_t\x1b[m\x1b[K\xe2\x80\x99 {aka \xe2\x80\x98\x1b[01m\x1b[Klong unsigned int\x1b[m\x1b[K\xe2\x80\x99} [\x1b[01;35m\x1b[K\x1b]8;;https://gcc.gnu.org/onlinedocs/gcc/Warning-Options.html#index-Wformat=\x07-Wformat=\x1b]8;;\x07\x1b[m\x1b[K]\n'}
[2.915087] (ydlidar_sdk) StderrLine: {'line': b'  138 |           printf("[YDLIDAR DEBUG] Thread [0x\x1b[01;35m\x1b[K%X\x1b[m\x1b[K] ready to cancel[%d] time[%u]\\n",\n'}
[2.915197] (ydlidar_sdk) StderrLine: {'line': b'      |                                             \x1b[01;35m\x1b[K~^\x1b[m\x1b[K\n'}
[2.915303] (ydlidar_sdk) StderrLine: {'line': b'      |                                              \x1b[01;35m\x1b[K|\x1b[m\x1b[K\n'}
[2.915409] (ydlidar_sdk) StderrLine: {'line': b'      |                                              \x1b[01;35m\x1b[Kunsigned int\x1b[m\x1b[K\n'}
[2.915517] (ydlidar_sdk) StderrLine: {'line': b'      |                                             \x1b[32m\x1b[K%lX\x1b[m\x1b[K\n'}
[2.915626] (ydlidar_sdk) StderrLine: {'line': b'  139 |             \x1b[32m\x1b[K_handle\x1b[m\x1b[K, s, getms() - t);\n'}
[2.915729] (ydlidar_sdk) StderrLine: {'line': b'      |             \x1b[32m\x1b[K~~~~~~~\x1b[m\x1b[K                           \n'}
[2.915834] (ydlidar_sdk) StderrLine: {'line': b'      |             \x1b[32m\x1b[K|\x1b[m\x1b[K\n'}
[2.915938] (ydlidar_sdk) StderrLine: {'line': b'      |             \x1b[32m\x1b[K_size_t {aka long unsigned int}\x1b[m\x1b[K\n'}
[2.916054] (ydlidar_sdk) StderrLine: {'line': b'\x1b[01m\x1b[K/home/ryo/ros2_ws/src/YDLidar-SDK/./core/base/thread.h:142:42:\x1b[m\x1b[K \x1b[01;35m\x1b[Kwarning: \x1b[m\x1b[Kformat \xe2\x80\x98\x1b[01m\x1b[K%X\x1b[m\x1b[K\xe2\x80\x99 expects argument of type \xe2\x80\x98\x1b[01m\x1b[Kunsigned int\x1b[m\x1b[K\xe2\x80\x99, but argument 2 has type \xe2\x80\x98\x1b[01m\x1b[K_size_t\x1b[m\x1b[K\xe2\x80\x99 {aka \xe2\x80\x98\x1b[01m\x1b[Klong unsigned int\x1b[m\x1b[K\xe2\x80\x99} [\x1b[01;35m\x1b[K\x1b]8;;https://gcc.gnu.org/onlinedocs/gcc/Warning-Options.html#index-Wformat=\x07-Wformat=\x1b]8;;\x07\x1b[m\x1b[K]\n'}
[2.916173] (ydlidar_sdk) StderrLine: {'line': b'  142 |             printf("[YDLIDAR] Thread [0x\x1b[01;35m\x1b[K%X\x1b[m\x1b[K] has been canceled in other thread\\n", \x1b[32m\x1b[K_handle\x1b[m\x1b[K);\n'}
[2.916265] (ydlidar_sdk) StderrLine: {'line': b'      |                                         \x1b[01;35m\x1b[K~^\x1b[m\x1b[K                                        \x1b[32m\x1b[K~~~~~~~\x1b[m\x1b[K\n'}
[2.916360] (ydlidar_sdk) StderrLine: {'line': b'      |                                          \x1b[01;35m\x1b[K|\x1b[m\x1b[K                                        \x1b[32m\x1b[K|\x1b[m\x1b[K\n'}
[2.916453] (ydlidar_sdk) StderrLine: {'line': b'      |                                          \x1b[01;35m\x1b[Kunsigned int\x1b[m\x1b[K                             \x1b[32m\x1b[K_size_t {aka long unsigned int}\x1b[m\x1b[K\n'}
[2.916558] (ydlidar_sdk) StderrLine: {'line': b'      |                                         \x1b[32m\x1b[K%lX\x1b[m\x1b[K\n'}
[2.916652] (ydlidar_sdk) StderrLine: {'line': b'\x1b[01m\x1b[K/home/ryo/ros2_ws/src/YDLidar-SDK/./core/base/thread.h:147:74:\x1b[m\x1b[K \x1b[01;35m\x1b[Kwarning: \x1b[m\x1b[Kformat \xe2\x80\x98\x1b[01m\x1b[K%X\x1b[m\x1b[K\xe2\x80\x99 expects argument of type \xe2\x80\x98\x1b[01m\x1b[Kunsigned int\x1b[m\x1b[K\xe2\x80\x99, but argument 3 has type \xe2\x80\x98\x1b[01m\x1b[K_size_t\x1b[m\x1b[K\xe2\x80\x99 {aka \xe2\x80\x98\x1b[01m\x1b[Klong unsigned int\x1b[m\x1b[K\xe2\x80\x99} [\x1b[01;35m\x1b[K\x1b]8;;https://gcc.gnu.org/onlinedocs/gcc/Warning-Options.html#index-Wformat=\x07-Wformat=\x1b]8;;\x07\x1b[m\x1b[K]\n'}
[2.916756] (ydlidar_sdk) StderrLine: {'line': b'  147 |             fprintf(stderr, "[YDLIDAR] An error occurred while thread[0x\x1b[01;35m\x1b[K%X\x1b[m\x1b[K] cancelled!\\n", \x1b[32m\x1b[K_handle\x1b[m\x1b[K);\n'}
[2.916854] (ydlidar_sdk) StderrLine: {'line': b'      |                                                                         \x1b[01;35m\x1b[K~^\x1b[m\x1b[K                 \x1b[32m\x1b[K~~~~~~~\x1b[m\x1b[K\n'}
[2.916959] (ydlidar_sdk) StderrLine: {'line': b'      |                                                                          \x1b[01;35m\x1b[K|\x1b[m\x1b[K                 \x1b[32m\x1b[K|\x1b[m\x1b[K\n'}
[2.917071] (ydlidar_sdk) StderrLine: {'line': b'      |                                                                          \x1b[01;35m\x1b[Kunsigned int\x1b[m\x1b[K      \x1b[32m\x1b[K_size_t {aka long unsigned int}\x1b[m\x1b[K\n'}
[2.917171] (ydlidar_sdk) StderrLine: {'line': b'      |                                                                         \x1b[32m\x1b[K%lX\x1b[m\x1b[K\n'}
[2.917268] (ydlidar_sdk) StderrLine: {'line': b'\x1b[01m\x1b[K/home/ryo/ros2_ws/src/YDLidar-SDK/./core/base/thread.h:151:40:\x1b[m\x1b[K \x1b[01;35m\x1b[Kwarning: \x1b[m\x1b[Kformat \xe2\x80\x98\x1b[01m\x1b[K%X\x1b[m\x1b[K\xe2\x80\x99 expects argument of type \xe2\x80\x98\x1b[01m\x1b[Kunsigned int\x1b[m\x1b[K\xe2\x80\x99, but argument 2 has type \xe2\x80\x98\x1b[01m\x1b[K_size_t\x1b[m\x1b[K\xe2\x80\x99 {aka \xe2\x80\x98\x1b[01m\x1b[Klong unsigned int\x1b[m\x1b[K\xe2\x80\x99} [\x1b[01;35m\x1b[K\x1b]8;;https://gcc.gnu.org/onlinedocs/gcc/Warning-Options.html#index-Wformat=\x07-Wformat=\x1b]8;;\x07\x1b[m\x1b[K]\n'}
[2.917371] (ydlidar_sdk) StderrLine: {'line': b'  151 |           printf("[YDLIDAR] Thread [0x\x1b[01;35m\x1b[K%X\x1b[m\x1b[K] has been canceled\\n", \x1b[32m\x1b[K_handle\x1b[m\x1b[K);\n'}
[2.917464] (ydlidar_sdk) StderrLine: {'line': b'      |                                       \x1b[01;35m\x1b[K~^\x1b[m\x1b[K                        \x1b[32m\x1b[K~~~~~~~\x1b[m\x1b[K\n'}
[2.917558] (ydlidar_sdk) StderrLine: {'line': b'      |                                        \x1b[01;35m\x1b[K|\x1b[m\x1b[K                        \x1b[32m\x1b[K|\x1b[m\x1b[K\n'}
[2.917657] (ydlidar_sdk) StderrLine: {'line': b'      |                                        \x1b[01;35m\x1b[Kunsigned int\x1b[m\x1b[K             \x1b[32m\x1b[K_size_t {aka long unsigned int}\x1b[m\x1b[K\n'}
[2.917747] (ydlidar_sdk) StderrLine: {'line': b'      |                                       \x1b[32m\x1b[K%lX\x1b[m\x1b[K\n'}
[2.922977] (-) TimerEvent: {}
[2.972953] (ydlidar_sdk) StderrLine: {'line': b'In file included from \x1b[01m\x1b[K/home/ryo/ros2_ws/src/YDLidar-SDK/./core/common/DriverInterface.h:5\x1b[m\x1b[K,\n'}
[2.973197] (ydlidar_sdk) StderrLine: {'line': b'                 from \x1b[01m\x1b[K/home/ryo/ros2_ws/src/YDLidar-SDK/src/CYdLidar.h:48\x1b[m\x1b[K,\n'}
[2.973328] (ydlidar_sdk) StderrLine: {'line': b'                 from \x1b[01m\x1b[K/home/ryo/ros2_ws/src/YDLidar-SDK/examples/gs_test2.cpp:7\x1b[m\x1b[K:\n'}
[2.973442] (ydlidar_sdk) StderrLine: {'line': b'\x1b[01m\x1b[K/home/ryo/ros2_ws/src/YDLidar-SDK/./core/base/thread.h:\x1b[m\x1b[K In member function \xe2\x80\x98\x1b[01m\x1b[Kint ydlidar::core::base::Thread::join(long unsigned int)\x1b[m\x1b[K\xe2\x80\x99:\n'}
[2.973556] (ydlidar_sdk) StderrLine: {'line': b'\x1b[01m\x1b[K/home/ryo/ros2_ws/src/YDLidar-SDK/./core/base/thread.h:136:46:\x1b[m\x1b[K \x1b[01;35m\x1b[Kwarning: \x1b[m\x1b[Kformat \xe2\x80\x98\x1b[01m\x1b[K%X\x1b[m\x1b[K\xe2\x80\x99 expects argument of type \xe2\x80\x98\x1b[01m\x1b[Kunsigned int\x1b[m\x1b[K\xe2\x80\x99, but argument 2 has type \xe2\x80\x98\x1b[01m\x1b[K_size_t\x1b[m\x1b[K\xe2\x80\x99 {aka \xe2\x80\x98\x1b[01m\x1b[Klong unsigned int\x1b[m\x1b[K\xe2\x80\x99} [\x1b[01;35m\x1b[K\x1b]8;;https://gcc.gnu.org/onlinedocs/gcc/Warning-Options.html#index-Wformat=\x07-Wformat=\x1b]8;;\x07\x1b[m\x1b[K]\n'}
[2.973676] (ydlidar_sdk) StderrLine: {'line': b'  136 |           printf("[YDLIDAR DEBUG] Thread [0x\x1b[01;35m\x1b[K%X\x1b[m\x1b[K] ready to cancel[%d]\\n", \x1b[32m\x1b[K_handle\x1b[m\x1b[K, s);\n'}
[2.973789] (ydlidar_sdk) StderrLine: {'line': b'      |                                             \x1b[01;35m\x1b[K~^\x1b[m\x1b[K                          \x1b[32m\x1b[K~~~~~~~\x1b[m\x1b[K\n'}
[2.973896] (ydlidar_sdk) StderrLine: {'line': b'      |                                              \x1b[01;35m\x1b[K|\x1b[m\x1b[K                          \x1b[32m\x1b[K|\x1b[m\x1b[K\n'}
[2.974013] (ydlidar_sdk) StderrLine: {'line': b'      |                                              \x1b[01;35m\x1b[Kunsigned int\x1b[m\x1b[K               \x1b[32m\x1b[K_size_t {aka long unsigned int}\x1b[m\x1b[K\n'}
[2.974135] (ydlidar_sdk) StderrLine: {'line': b'      |                                             \x1b[32m\x1b[K%lX\x1b[m\x1b[K\n'}
[2.982068] (ydlidar_sdk) StderrLine: {'line': b'\x1b[01m\x1b[K/home/ryo/ros2_ws/src/YDLidar-SDK/./core/base/thread.h:138:46:\x1b[m\x1b[K \x1b[01;35m\x1b[Kwarning: \x1b[m\x1b[Kformat \xe2\x80\x98\x1b[01m\x1b[K%X\x1b[m\x1b[K\xe2\x80\x99 expects argument of type \xe2\x80\x98\x1b[01m\x1b[Kunsigned int\x1b[m\x1b[K\xe2\x80\x99, but argument 2 has type \xe2\x80\x98\x1b[01m\x1b[K_size_t\x1b[m\x1b[K\xe2\x80\x99 {aka \xe2\x80\x98\x1b[01m\x1b[Klong unsigned int\x1b[m\x1b[K\xe2\x80\x99} [\x1b[01;35m\x1b[K\x1b]8;;https://gcc.gnu.org/onlinedocs/gcc/Warning-Options.html#index-Wformat=\x07-Wformat=\x1b]8;;\x07\x1b[m\x1b[K]\n'}
[2.982329] (ydlidar_sdk) StderrLine: {'line': b'  138 |           printf("[YDLIDAR DEBUG] Thread [0x\x1b[01;35m\x1b[K%X\x1b[m\x1b[K] ready to cancel[%d] time[%u]\\n",\n'}
[2.982440] (ydlidar_sdk) StderrLine: {'line': b'      |                                             \x1b[01;35m\x1b[K~^\x1b[m\x1b[K\n'}
[2.982537] (ydlidar_sdk) StderrLine: {'line': b'      |                                              \x1b[01;35m\x1b[K|\x1b[m\x1b[K\n'}
[2.982629] (ydlidar_sdk) StderrLine: {'line': b'      |                                              \x1b[01;35m\x1b[Kunsigned int\x1b[m\x1b[K\n'}
[2.982722] (ydlidar_sdk) StderrLine: {'line': b'      |                                             \x1b[32m\x1b[K%lX\x1b[m\x1b[K\n'}
[2.982814] (ydlidar_sdk) StderrLine: {'line': b'  139 |             \x1b[32m\x1b[K_handle\x1b[m\x1b[K, s, getms() - t);\n'}
[2.982914] (ydlidar_sdk) StderrLine: {'line': b'      |             \x1b[32m\x1b[K~~~~~~~\x1b[m\x1b[K                           \n'}
[2.983012] (ydlidar_sdk) StderrLine: {'line': b'      |             \x1b[32m\x1b[K|\x1b[m\x1b[K\n'}
[2.983113] (ydlidar_sdk) StderrLine: {'line': b'      |             \x1b[32m\x1b[K_size_t {aka long unsigned int}\x1b[m\x1b[K\n'}
[2.983206] (ydlidar_sdk) StderrLine: {'line': b'\x1b[01m\x1b[K/home/ryo/ros2_ws/src/YDLidar-SDK/./core/base/thread.h:142:42:\x1b[m\x1b[K \x1b[01;35m\x1b[Kwarning: \x1b[m\x1b[Kformat \xe2\x80\x98\x1b[01m\x1b[K%X\x1b[m\x1b[K\xe2\x80\x99 expects argument of type \xe2\x80\x98\x1b[01m\x1b[Kunsigned int\x1b[m\x1b[K\xe2\x80\x99, but argument 2 has type \xe2\x80\x98\x1b[01m\x1b[K_size_t\x1b[m\x1b[K\xe2\x80\x99 {aka \xe2\x80\x98\x1b[01m\x1b[Klong unsigned int\x1b[m\x1b[K\xe2\x80\x99} [\x1b[01;35m\x1b[K\x1b]8;;https://gcc.gnu.org/onlinedocs/gcc/Warning-Options.html#index-Wformat=\x07-Wformat=\x1b]8;;\x07\x1b[m\x1b[K]\n'}
[2.983310] (ydlidar_sdk) StderrLine: {'line': b'  142 |             printf("[YDLIDAR] Thread [0x\x1b[01;35m\x1b[K%X\x1b[m\x1b[K] has been canceled in other thread\\n", \x1b[32m\x1b[K_handle\x1b[m\x1b[K);\n'}
[2.983406] (ydlidar_sdk) StderrLine: {'line': b'      |                                         \x1b[01;35m\x1b[K~^\x1b[m\x1b[K                                        \x1b[32m\x1b[K~~~~~~~\x1b[m\x1b[K\n'}
[2.983498] (ydlidar_sdk) StderrLine: {'line': b'      |                                          \x1b[01;35m\x1b[K|\x1b[m\x1b[K                                        \x1b[32m\x1b[K|\x1b[m\x1b[K\n'}
[2.983592] (ydlidar_sdk) StderrLine: {'line': b'      |                                          \x1b[01;35m\x1b[Kunsigned int\x1b[m\x1b[K                             \x1b[32m\x1b[K_size_t {aka long unsigned int}\x1b[m\x1b[K\n'}
[2.983685] (ydlidar_sdk) StderrLine: {'line': b'      |                                         \x1b[32m\x1b[K%lX\x1b[m\x1b[K\n'}
[2.983771] (ydlidar_sdk) StderrLine: {'line': b'\x1b[01m\x1b[K/home/ryo/ros2_ws/src/YDLidar-SDK/./core/base/thread.h:147:74:\x1b[m\x1b[K \x1b[01;35m\x1b[Kwarning: \x1b[m\x1b[Kformat \xe2\x80\x98\x1b[01m\x1b[K%X\x1b[m\x1b[K\xe2\x80\x99 expects argument of type \xe2\x80\x98\x1b[01m\x1b[Kunsigned int\x1b[m\x1b[K\xe2\x80\x99, but argument 3 has type \xe2\x80\x98\x1b[01m\x1b[K_size_t\x1b[m\x1b[K\xe2\x80\x99 {aka \xe2\x80\x98\x1b[01m\x1b[Klong unsigned int\x1b[m\x1b[K\xe2\x80\x99} [\x1b[01;35m\x1b[K\x1b]8;;https://gcc.gnu.org/onlinedocs/gcc/Warning-Options.html#index-Wformat=\x07-Wformat=\x1b]8;;\x07\x1b[m\x1b[K]\n'}
[2.983871] (ydlidar_sdk) StderrLine: {'line': b'  147 |             fprintf(stderr, "[YDLIDAR] An error occurred while thread[0x\x1b[01;35m\x1b[K%X\x1b[m\x1b[K] cancelled!\\n", \x1b[32m\x1b[K_handle\x1b[m\x1b[K);\n'}
[2.983964] (ydlidar_sdk) StderrLine: {'line': b'      |                                                                         \x1b[01;35m\x1b[K~^\x1b[m\x1b[K                 \x1b[32m\x1b[K~~~~~~~\x1b[m\x1b[K\n'}
[2.984072] (ydlidar_sdk) StderrLine: {'line': b'      |                                                                          \x1b[01;35m\x1b[K|\x1b[m\x1b[K                 \x1b[32m\x1b[K|\x1b[m\x1b[K\n'}
[2.984176] (ydlidar_sdk) StderrLine: {'line': b'      |                                                                          \x1b[01;35m\x1b[Kunsigned int\x1b[m\x1b[K      \x1b[32m\x1b[K_size_t {aka long unsigned int}\x1b[m\x1b[K\n'}
[2.984291] (ydlidar_sdk) StderrLine: {'line': b'      |                                                                         \x1b[32m\x1b[K%lX\x1b[m\x1b[K\n'}
[2.984391] (ydlidar_sdk) StderrLine: {'line': b'\x1b[01m\x1b[K/home/ryo/ros2_ws/src/YDLidar-SDK/./core/base/thread.h:151:40:\x1b[m\x1b[K \x1b[01;35m\x1b[Kwarning: \x1b[m\x1b[Kformat \xe2\x80\x98\x1b[01m\x1b[K%X\x1b[m\x1b[K\xe2\x80\x99 expects argument of type \xe2\x80\x98\x1b[01m\x1b[Kunsigned int\x1b[m\x1b[K\xe2\x80\x99, but argument 2 has type \xe2\x80\x98\x1b[01m\x1b[K_size_t\x1b[m\x1b[K\xe2\x80\x99 {aka \xe2\x80\x98\x1b[01m\x1b[Klong unsigned int\x1b[m\x1b[K\xe2\x80\x99} [\x1b[01;35m\x1b[K\x1b]8;;https://gcc.gnu.org/onlinedocs/gcc/Warning-Options.html#index-Wformat=\x07-Wformat=\x1b]8;;\x07\x1b[m\x1b[K]\n'}
[2.984510] (ydlidar_sdk) StderrLine: {'line': b'  151 |           printf("[YDLIDAR] Thread [0x\x1b[01;35m\x1b[K%X\x1b[m\x1b[K] has been canceled\\n", \x1b[32m\x1b[K_handle\x1b[m\x1b[K);\n'}
[2.984606] (ydlidar_sdk) StderrLine: {'line': b'      |                                       \x1b[01;35m\x1b[K~^\x1b[m\x1b[K                        \x1b[32m\x1b[K~~~~~~~\x1b[m\x1b[K\n'}
[2.984700] (ydlidar_sdk) StderrLine: {'line': b'      |                                        \x1b[01;35m\x1b[K|\x1b[m\x1b[K                        \x1b[32m\x1b[K|\x1b[m\x1b[K\n'}
[2.984798] (ydlidar_sdk) StderrLine: {'line': b'      |                                        \x1b[01;35m\x1b[Kunsigned int\x1b[m\x1b[K             \x1b[32m\x1b[K_size_t {aka long unsigned int}\x1b[m\x1b[K\n'}
[2.984892] (ydlidar_sdk) StderrLine: {'line': b'      |                                       \x1b[32m\x1b[K%lX\x1b[m\x1b[K\n'}
[2.988962] (ydlidar_sdk) StdoutLine: {'line': b'[ 68%] \x1b[32m\x1b[1mLinking CXX executable ../sdm18_test\x1b[0m\n'}
[2.998981] (ydlidar_sdk) StdoutLine: {'line': b'[ 70%] \x1b[32m\x1b[1mLinking CXX executable ../tmini_test\x1b[0m\n'}
[3.005820] (ydlidar_sdk) StdoutLine: {'line': b'[ 72%] \x1b[32m\x1b[1mLinking CXX executable ../sdm_test\x1b[0m\n'}
[3.023080] (-) TimerEvent: {}
[3.032012] (ydlidar_sdk) StdoutLine: {'line': b'[ 74%] \x1b[32m\x1b[1mLinking CXX executable ../et_test\x1b[0m\n'}
[3.033607] (ydlidar_sdk) StdoutLine: {'line': b'[ 76%] \x1b[32m\x1b[1mLinking CXX executable ../tri_restart\x1b[0m\n'}
[3.051942] (ydlidar_sdk) StderrLine: {'line': b'In file included from \x1b[01m\x1b[K/home/ryo/ros2_ws/src/YDLidar-SDK/examples/gs_test.cpp:41\x1b[m\x1b[K:\n'}
[3.052319] (ydlidar_sdk) StderrLine: {'line': b'\x1b[01m\x1b[K/home/ryo/ros2_ws/src/YDLidar-SDK/./core/common/ydlidar_help.h:\x1b[m\x1b[K In function \xe2\x80\x98\x1b[01m\x1b[Kvoid ydlidar::core::common::debug(char*, ...)\x1b[m\x1b[K\xe2\x80\x99:\n'}
[3.052524] (ydlidar_sdk) StderrLine: {'line': b'\x1b[01m\x1b[K/home/ryo/ros2_ws/src/YDLidar-SDK/./core/common/ydlidar_help.h:1075:10:\x1b[m\x1b[K \x1b[01;35m\x1b[Kwarning: \x1b[m\x1b[Kformat not a string literal and no format arguments [\x1b[01;35m\x1b[K\x1b]8;;https://gcc.gnu.org/onlinedocs/gcc/Warning-Options.html#index-Wformat-security\x07-Wformat-security\x1b]8;;\x07\x1b[m\x1b[K]\n'}
[3.052645] (ydlidar_sdk) StderrLine: {'line': b' 1075 |   printf(\x1b[01;35m\x1b[Kbuff\x1b[m\x1b[K); \\\n'}
[3.052738] (ydlidar_sdk) StderrLine: {'line': b'      |          \x1b[01;35m\x1b[K^~~~\x1b[m\x1b[K\n'}
[3.052829] (ydlidar_sdk) StderrLine: {'line': b'\x1b[01m\x1b[K/home/ryo/ros2_ws/src/YDLidar-SDK/./core/common/ydlidar_help.h:1086:3:\x1b[m\x1b[K \x1b[01;36m\x1b[Knote: \x1b[m\x1b[Kin expansion of macro \xe2\x80\x98\x1b[01m\x1b[KFORMAT_STDOUT\x1b[m\x1b[K\xe2\x80\x99\n'}
[3.052922] (ydlidar_sdk) StderrLine: {'line': b' 1086 |   \x1b[01;36m\x1b[KFORMAT_STDOUT\x1b[m\x1b[K\n'}
[3.053025] (ydlidar_sdk) StderrLine: {'line': b'      |   \x1b[01;36m\x1b[K^~~~~~~~~~~~~\x1b[m\x1b[K\n'}
[3.053224] (ydlidar_sdk) StderrLine: {'line': b'\x1b[01m\x1b[K/home/ryo/ros2_ws/src/YDLidar-SDK/./core/common/ydlidar_help.h:\x1b[m\x1b[K In function \xe2\x80\x98\x1b[01m\x1b[Kvoid ydlidar::core::common::info(char*, ...)\x1b[m\x1b[K\xe2\x80\x99:\n'}
[3.053328] (ydlidar_sdk) StderrLine: {'line': b'\x1b[01m\x1b[K/home/ryo/ros2_ws/src/YDLidar-SDK/./core/common/ydlidar_help.h:1075:10:\x1b[m\x1b[K \x1b[01;35m\x1b[Kwarning: \x1b[m\x1b[Kformat not a string literal and no format arguments [\x1b[01;35m\x1b[K\x1b]8;;https://gcc.gnu.org/onlinedocs/gcc/Warning-Options.html#index-Wformat-security\x07-Wformat-security\x1b]8;;\x07\x1b[m\x1b[K]\n'}
[3.053424] (ydlidar_sdk) StderrLine: {'line': b' 1075 |   printf(\x1b[01;35m\x1b[Kbuff\x1b[m\x1b[K); \\\n'}
[3.053526] (ydlidar_sdk) StderrLine: {'line': b'      |          \x1b[01;35m\x1b[K^~~~\x1b[m\x1b[K\n'}
[3.053615] (ydlidar_sdk) StderrLine: {'line': b'\x1b[01m\x1b[K/home/ryo/ros2_ws/src/YDLidar-SDK/./core/common/ydlidar_help.h:1098:3:\x1b[m\x1b[K \x1b[01;36m\x1b[Knote: \x1b[m\x1b[Kin expansion of macro \xe2\x80\x98\x1b[01m\x1b[KFORMAT_STDOUT\x1b[m\x1b[K\xe2\x80\x99\n'}
[3.053712] (ydlidar_sdk) StderrLine: {'line': b' 1098 |   \x1b[01;36m\x1b[KFORMAT_STDOUT\x1b[m\x1b[K\n'}
[3.053800] (ydlidar_sdk) StderrLine: {'line': b'      |   \x1b[01;36m\x1b[K^~~~~~~~~~~~~\x1b[m\x1b[K\n'}
[3.056227] (ydlidar_sdk) StderrLine: {'line': b'\x1b[01m\x1b[K/home/ryo/ros2_ws/src/YDLidar-SDK/./core/common/ydlidar_help.h:\x1b[m\x1b[K In function \xe2\x80\x98\x1b[01m\x1b[Kvoid ydlidar::core::common::warn(char*, ...)\x1b[m\x1b[K\xe2\x80\x99:\n'}
[3.056460] (ydlidar_sdk) StderrLine: {'line': b'\x1b[01m\x1b[K/home/ryo/ros2_ws/src/YDLidar-SDK/./core/common/ydlidar_help.h:1075:10:\x1b[m\x1b[K \x1b[01;35m\x1b[Kwarning: \x1b[m\x1b[Kformat not a string literal and no format arguments [\x1b[01;35m\x1b[K\x1b]8;;https://gcc.gnu.org/onlinedocs/gcc/Warning-Options.html#index-Wformat-security\x07-Wformat-security\x1b]8;;\x07\x1b[m\x1b[K]\n'}
[3.056575] (ydlidar_sdk) StderrLine: {'line': b' 1075 |   printf(\x1b[01;35m\x1b[Kbuff\x1b[m\x1b[K); \\\n'}
[3.056667] (ydlidar_sdk) StderrLine: {'line': b'      |          \x1b[01;35m\x1b[K^~~~\x1b[m\x1b[K\n'}
[3.056754] (ydlidar_sdk) StderrLine: {'line': b'\x1b[01m\x1b[K/home/ryo/ros2_ws/src/YDLidar-SDK/./core/common/ydlidar_help.h:1110:3:\x1b[m\x1b[K \x1b[01;36m\x1b[Knote: \x1b[m\x1b[Kin expansion of macro \xe2\x80\x98\x1b[01m\x1b[KFORMAT_STDOUT\x1b[m\x1b[K\xe2\x80\x99\n'}
[3.056848] (ydlidar_sdk) StderrLine: {'line': b' 1110 |   \x1b[01;36m\x1b[KFORMAT_STDOUT\x1b[m\x1b[K\n'}
[3.056941] (ydlidar_sdk) StderrLine: {'line': b'      |   \x1b[01;36m\x1b[K^~~~~~~~~~~~~\x1b[m\x1b[K\n'}
[3.057214] (ydlidar_sdk) StderrLine: {'line': b'\x1b[01m\x1b[K/home/ryo/ros2_ws/src/YDLidar-SDK/./core/common/ydlidar_help.h:\x1b[m\x1b[K In function \xe2\x80\x98\x1b[01m\x1b[Kvoid ydlidar::core::common::error(char*, ...)\x1b[m\x1b[K\xe2\x80\x99:\n'}
[3.057342] (ydlidar_sdk) StderrLine: {'line': b'\x1b[01m\x1b[K/home/ryo/ros2_ws/src/YDLidar-SDK/./core/common/ydlidar_help.h:1075:10:\x1b[m\x1b[K \x1b[01;35m\x1b[Kwarning: \x1b[m\x1b[Kformat not a string literal and no format arguments [\x1b[01;35m\x1b[K\x1b]8;;https://gcc.gnu.org/onlinedocs/gcc/Warning-Options.html#index-Wformat-security\x07-Wformat-security\x1b]8;;\x07\x1b[m\x1b[K]\n'}
[3.057441] (ydlidar_sdk) StderrLine: {'line': b' 1075 |   printf(\x1b[01;35m\x1b[Kbuff\x1b[m\x1b[K); \\\n'}
[3.057528] (ydlidar_sdk) StderrLine: {'line': b'      |          \x1b[01;35m\x1b[K^~~~\x1b[m\x1b[K\n'}
[3.057616] (ydlidar_sdk) StderrLine: {'line': b'\x1b[01m\x1b[K/home/ryo/ros2_ws/src/YDLidar-SDK/./core/common/ydlidar_help.h:1122:3:\x1b[m\x1b[K \x1b[01;36m\x1b[Knote: \x1b[m\x1b[Kin expansion of macro \xe2\x80\x98\x1b[01m\x1b[KFORMAT_STDOUT\x1b[m\x1b[K\xe2\x80\x99\n'}
[3.057705] (ydlidar_sdk) StderrLine: {'line': b' 1122 |   \x1b[01;36m\x1b[KFORMAT_STDOUT\x1b[m\x1b[K\n'}
[3.057792] (ydlidar_sdk) StderrLine: {'line': b'      |   \x1b[01;36m\x1b[K^~~~~~~~~~~~~\x1b[m\x1b[K\n'}
[3.128106] (-) TimerEvent: {}
[3.143579] (ydlidar_sdk) StderrLine: {'line': b'In file included from \x1b[01m\x1b[K/home/ryo/ros2_ws/src/YDLidar-SDK/examples/gs_test2.cpp:8\x1b[m\x1b[K:\n'}
[3.143896] (ydlidar_sdk) StderrLine: {'line': b'\x1b[01m\x1b[K/home/ryo/ros2_ws/src/YDLidar-SDK/./core/common/ydlidar_help.h:\x1b[m\x1b[K In function \xe2\x80\x98\x1b[01m\x1b[Kvoid ydlidar::core::common::debug(char*, ...)\x1b[m\x1b[K\xe2\x80\x99:\n'}
[3.144037] (ydlidar_sdk) StderrLine: {'line': b'\x1b[01m\x1b[K/home/ryo/ros2_ws/src/YDLidar-SDK/./core/common/ydlidar_help.h:1075:10:\x1b[m\x1b[K \x1b[01;35m\x1b[Kwarning: \x1b[m\x1b[Kformat not a string literal and no format arguments [\x1b[01;35m\x1b[K\x1b]8;;https://gcc.gnu.org/onlinedocs/gcc/Warning-Options.html#index-Wformat-security\x07-Wformat-security\x1b]8;;\x07\x1b[m\x1b[K]\n'}
[3.144217] (ydlidar_sdk) StderrLine: {'line': b' 1075 |   printf(\x1b[01;35m\x1b[Kbuff\x1b[m\x1b[K); \\\n'}
[3.144324] (ydlidar_sdk) StderrLine: {'line': b'      |          \x1b[01;35m\x1b[K^~~~\x1b[m\x1b[K\n'}
[3.144458] (ydlidar_sdk) StderrLine: {'line': b'\x1b[01m\x1b[K/home/ryo/ros2_ws/src/YDLidar-SDK/./core/common/ydlidar_help.h:1086:3:\x1b[m\x1b[K \x1b[01;36m\x1b[Knote: \x1b[m\x1b[Kin expansion of macro \xe2\x80\x98\x1b[01m\x1b[KFORMAT_STDOUT\x1b[m\x1b[K\xe2\x80\x99\n'}
[3.144550] (ydlidar_sdk) StderrLine: {'line': b' 1086 |   \x1b[01;36m\x1b[KFORMAT_STDOUT\x1b[m\x1b[K\n'}
[3.144632] (ydlidar_sdk) StderrLine: {'line': b'      |   \x1b[01;36m\x1b[K^~~~~~~~~~~~~\x1b[m\x1b[K\n'}
[3.144738] (ydlidar_sdk) StderrLine: {'line': b'\x1b[01m\x1b[K/home/ryo/ros2_ws/src/YDLidar-SDK/./core/common/ydlidar_help.h:\x1b[m\x1b[K In function \xe2\x80\x98\x1b[01m\x1b[Kvoid ydlidar::core::common::info(char*, ...)\x1b[m\x1b[K\xe2\x80\x99:\n'}
[3.144849] (ydlidar_sdk) StderrLine: {'line': b'\x1b[01m\x1b[K/home/ryo/ros2_ws/src/YDLidar-SDK/./core/common/ydlidar_help.h:1075:10:\x1b[m\x1b[K \x1b[01;35m\x1b[Kwarning: \x1b[m\x1b[Kformat not a string literal and no format arguments [\x1b[01;35m\x1b[K\x1b]8;;https://gcc.gnu.org/onlinedocs/gcc/Warning-Options.html#index-Wformat-security\x07-Wformat-security\x1b]8;;\x07\x1b[m\x1b[K]\n'}
[3.144961] (ydlidar_sdk) StderrLine: {'line': b' 1075 |   printf(\x1b[01;35m\x1b[Kbuff\x1b[m\x1b[K); \\\n'}
[3.145150] (ydlidar_sdk) StderrLine: {'line': b'      |          \x1b[01;35m\x1b[K^~~~\x1b[m\x1b[K\n'}
[3.145250] (ydlidar_sdk) StderrLine: {'line': b'\x1b[01m\x1b[K/home/ryo/ros2_ws/src/YDLidar-SDK/./core/common/ydlidar_help.h:1098:3:\x1b[m\x1b[K \x1b[01;36m\x1b[Knote: \x1b[m\x1b[Kin expansion of macro \xe2\x80\x98\x1b[01m\x1b[KFORMAT_STDOUT\x1b[m\x1b[K\xe2\x80\x99\n'}
[3.145358] (ydlidar_sdk) StderrLine: {'line': b' 1098 |   \x1b[01;36m\x1b[KFORMAT_STDOUT\x1b[m\x1b[K\n'}
[3.145459] (ydlidar_sdk) StderrLine: {'line': b'      |   \x1b[01;36m\x1b[K^~~~~~~~~~~~~\x1b[m\x1b[K\n'}
[3.145560] (ydlidar_sdk) StderrLine: {'line': b'\x1b[01m\x1b[K/home/ryo/ros2_ws/src/YDLidar-SDK/./core/common/ydlidar_help.h:\x1b[m\x1b[K In function \xe2\x80\x98\x1b[01m\x1b[Kvoid ydlidar::core::common::warn(char*, ...)\x1b[m\x1b[K\xe2\x80\x99:\n'}
[3.145664] (ydlidar_sdk) StderrLine: {'line': b'\x1b[01m\x1b[K/home/ryo/ros2_ws/src/YDLidar-SDK/./core/common/ydlidar_help.h:1075:10:\x1b[m\x1b[K \x1b[01;35m\x1b[Kwarning: \x1b[m\x1b[Kformat not a string literal and no format arguments [\x1b[01;35m\x1b[K\x1b]8;;https://gcc.gnu.org/onlinedocs/gcc/Warning-Options.html#index-Wformat-security\x07-Wformat-security\x1b]8;;\x07\x1b[m\x1b[K]\n'}
[3.145771] (ydlidar_sdk) StderrLine: {'line': b' 1075 |   printf(\x1b[01;35m\x1b[Kbuff\x1b[m\x1b[K); \\\n'}
[3.145873] (ydlidar_sdk) StderrLine: {'line': b'      |          \x1b[01;35m\x1b[K^~~~\x1b[m\x1b[K\n'}
[3.145973] (ydlidar_sdk) StderrLine: {'line': b'\x1b[01m\x1b[K/home/ryo/ros2_ws/src/YDLidar-SDK/./core/common/ydlidar_help.h:1110:3:\x1b[m\x1b[K \x1b[01;36m\x1b[Knote: \x1b[m\x1b[Kin expansion of macro \xe2\x80\x98\x1b[01m\x1b[KFORMAT_STDOUT\x1b[m\x1b[K\xe2\x80\x99\n'}
[3.146171] (ydlidar_sdk) StderrLine: {'line': b' 1110 |   \x1b[01;36m\x1b[KFORMAT_STDOUT\x1b[m\x1b[K\n'}
[3.146262] (ydlidar_sdk) StderrLine: {'line': b'      |   \x1b[01;36m\x1b[K^~~~~~~~~~~~~\x1b[m\x1b[K\n'}
[3.146348] (ydlidar_sdk) StderrLine: {'line': b'\x1b[01m\x1b[K/home/ryo/ros2_ws/src/YDLidar-SDK/./core/common/ydlidar_help.h:\x1b[m\x1b[K In function \xe2\x80\x98\x1b[01m\x1b[Kvoid ydlidar::core::common::error(char*, ...)\x1b[m\x1b[K\xe2\x80\x99:\n'}
[3.146436] (ydlidar_sdk) StderrLine: {'line': b'\x1b[01m\x1b[K/home/ryo/ros2_ws/src/YDLidar-SDK/./core/common/ydlidar_help.h:1075:10:\x1b[m\x1b[K \x1b[01;35m\x1b[Kwarning: \x1b[m\x1b[Kformat not a string literal and no format arguments [\x1b[01;35m\x1b[K\x1b]8;;https://gcc.gnu.org/onlinedocs/gcc/Warning-Options.html#index-Wformat-security\x07-Wformat-security\x1b]8;;\x07\x1b[m\x1b[K]\n'}
[3.146528] (ydlidar_sdk) StderrLine: {'line': b' 1075 |   printf(\x1b[01;35m\x1b[Kbuff\x1b[m\x1b[K); \\\n'}
[3.146613] (ydlidar_sdk) StderrLine: {'line': b'      |          \x1b[01;35m\x1b[K^~~~\x1b[m\x1b[K\n'}
[3.146696] (ydlidar_sdk) StderrLine: {'line': b'\x1b[01m\x1b[K/home/ryo/ros2_ws/src/YDLidar-SDK/./core/common/ydlidar_help.h:1122:3:\x1b[m\x1b[K \x1b[01;36m\x1b[Knote: \x1b[m\x1b[Kin expansion of macro \xe2\x80\x98\x1b[01m\x1b[KFORMAT_STDOUT\x1b[m\x1b[K\xe2\x80\x99\n'}
[3.146791] (ydlidar_sdk) StderrLine: {'line': b' 1122 |   \x1b[01;36m\x1b[KFORMAT_STDOUT\x1b[m\x1b[K\n'}
[3.146875] (ydlidar_sdk) StderrLine: {'line': b'      |   \x1b[01;36m\x1b[K^~~~~~~~~~~~~\x1b[m\x1b[K\n'}
[3.162064] (ydlidar_sdk) StdoutLine: {'line': b'[ 78%] \x1b[32m\x1b[1mLinking CXX executable ../tea_test\x1b[0m\n'}
[3.198353] (ydlidar_sdk) StdoutLine: {'line': b'[ 80%] \x1b[32m\x1b[1mLinking CXX executable ../gs_ota\x1b[0m\n'}
[3.209081] (ydlidar_sdk) StdoutLine: {'line': b'[ 80%] Built target tri_and_gs_test\n'}
[3.228231] (-) TimerEvent: {}
[3.262559] (ydlidar_sdk) StdoutLine: {'line': b'[ 82%] \x1b[32mBuilding CXX object examples/CMakeFiles/tri_test.dir/tri_test.cpp.o\x1b[0m\n'}
[3.285558] (ydlidar_sdk) StdoutLine: {'line': b'[ 82%] Built target tmini_test\n'}
[3.288310] (ydlidar_sdk) StdoutLine: {'line': b'[ 82%] Built target sdm18_test\n'}
[3.297274] (ydlidar_sdk) StdoutLine: {'line': b'[ 84%] \x1b[32m\x1b[1mLinking CXX executable ../scl_test\x1b[0m\n'}
[3.297616] (ydlidar_sdk) StdoutLine: {'line': b'[ 84%] Built target sdm_test\n'}
[3.326973] (ydlidar_sdk) StdoutLine: {'line': b'[ 86%] \x1b[32mBuilding CXX object python/CMakeFiles/_ydlidar.dir/CMakeFiles/_ydlidar.dir/ydlidar_sdkPYTHON_wrap.cxx.o\x1b[0m\n'}
[3.327222] (ydlidar_sdk) StdoutLine: {'line': b'[ 88%] \x1b[32m\x1b[1mLinking CXX executable ../tof_test\x1b[0m\n'}
[3.331064] (-) TimerEvent: {}
[3.338114] (ydlidar_sdk) StdoutLine: {'line': b'[ 90%] \x1b[32mBuilding C object examples/CMakeFiles/lidar_c_api_test.dir/lidar_c_api_test.c.o\x1b[0m\n'}
[3.343208] (ydlidar_sdk) StderrLine: {'line': b'\x1b[01m\x1b[Kcc1:\x1b[m\x1b[K \x1b[01;35m\x1b[Kwarning: \x1b[m\x1b[Kcommand-line option \xe2\x80\x98\x1b[01m\x1b[K-std=c++11\x1b[m\x1b[K\xe2\x80\x99 is valid for C++/ObjC++ but not for C\n'}
[3.368045] (ydlidar_sdk) StdoutLine: {'line': b'[ 90%] Built target et_test\n'}
[3.373721] (ydlidar_sdk) StdoutLine: {'line': b'[ 90%] Built target tri_restart\n'}
[3.398555] (ydlidar_sdk) StdoutLine: {'line': b'[ 92%] \x1b[32m\x1b[1mLinking CXX executable ../lidar_c_api_test\x1b[0m\n'}
[3.431170] (-) TimerEvent: {}
[3.443953] (ydlidar_sdk) StdoutLine: {'line': b'[ 92%] Built target tea_test\n'}
[3.480104] (ydlidar_sdk) StdoutLine: {'line': b'[ 92%] Built target gs_ota\n'}
[3.531295] (-) TimerEvent: {}
[3.542617] (ydlidar_sdk) StdoutLine: {'line': b'[ 94%] \x1b[32m\x1b[1mLinking CXX executable ../gs_test\x1b[0m\n'}
[3.558284] (ydlidar_sdk) StdoutLine: {'line': b'[ 94%] Built target scl_test\n'}
[3.569197] (ydlidar_sdk) StdoutLine: {'line': b'[ 94%] Built target tof_test\n'}
[3.594267] (ydlidar_sdk) StdoutLine: {'line': b'[ 94%] Built target lidar_c_api_test\n'}
[3.631415] (-) TimerEvent: {}
[3.633111] (ydlidar_sdk) StderrLine: {'line': b'In file included from \x1b[01m\x1b[K/home/ryo/ros2_ws/src/YDLidar-SDK/./core/common/DriverInterface.h:5\x1b[m\x1b[K,\n'}
[3.633364] (ydlidar_sdk) StderrLine: {'line': b'                 from \x1b[01m\x1b[K/home/ryo/ros2_ws/src/YDLidar-SDK/src/CYdLidar.h:48\x1b[m\x1b[K,\n'}
[3.633470] (ydlidar_sdk) StderrLine: {'line': b'                 from \x1b[01m\x1b[K/home/ryo/ros2_ws/src/YDLidar-SDK/examples/tri_test.cpp:34\x1b[m\x1b[K:\n'}
[3.633562] (ydlidar_sdk) StderrLine: {'line': b'\x1b[01m\x1b[K/home/ryo/ros2_ws/src/YDLidar-SDK/./core/base/thread.h:\x1b[m\x1b[K In member function \xe2\x80\x98\x1b[01m\x1b[Kint ydlidar::core::base::Thread::join(long unsigned int)\x1b[m\x1b[K\xe2\x80\x99:\n'}
[3.633655] (ydlidar_sdk) StderrLine: {'line': b'\x1b[01m\x1b[K/home/ryo/ros2_ws/src/YDLidar-SDK/./core/base/thread.h:136:46:\x1b[m\x1b[K \x1b[01;35m\x1b[Kwarning: \x1b[m\x1b[Kformat \xe2\x80\x98\x1b[01m\x1b[K%X\x1b[m\x1b[K\xe2\x80\x99 expects argument of type \xe2\x80\x98\x1b[01m\x1b[Kunsigned int\x1b[m\x1b[K\xe2\x80\x99, but argument 2 has type \xe2\x80\x98\x1b[01m\x1b[K_size_t\x1b[m\x1b[K\xe2\x80\x99 {aka \xe2\x80\x98\x1b[01m\x1b[Klong unsigned int\x1b[m\x1b[K\xe2\x80\x99} [\x1b[01;35m\x1b[K\x1b]8;;https://gcc.gnu.org/onlinedocs/gcc/Warning-Options.html#index-Wformat=\x07-Wformat=\x1b]8;;\x07\x1b[m\x1b[K]\n'}
[3.633828] (ydlidar_sdk) StderrLine: {'line': b'  136 |           printf("[YDLIDAR DEBUG] Thread [0x\x1b[01;35m\x1b[K%X\x1b[m\x1b[K] ready to cancel[%d]\\n", \x1b[32m\x1b[K_handle\x1b[m\x1b[K, s);\n'}
[3.633916] (ydlidar_sdk) StderrLine: {'line': b'      |                                             \x1b[01;35m\x1b[K~^\x1b[m\x1b[K                          \x1b[32m\x1b[K~~~~~~~\x1b[m\x1b[K\n'}
[3.634008] (ydlidar_sdk) StderrLine: {'line': b'      |                                              \x1b[01;35m\x1b[K|\x1b[m\x1b[K                          \x1b[32m\x1b[K|\x1b[m\x1b[K\n'}
[3.634102] (ydlidar_sdk) StderrLine: {'line': b'      |                                              \x1b[01;35m\x1b[Kunsigned int\x1b[m\x1b[K               \x1b[32m\x1b[K_size_t {aka long unsigned int}\x1b[m\x1b[K\n'}
[3.634187] (ydlidar_sdk) StderrLine: {'line': b'      |                                             \x1b[32m\x1b[K%lX\x1b[m\x1b[K\n'}
[3.634271] (ydlidar_sdk) StderrLine: {'line': b'\x1b[01m\x1b[K/home/ryo/ros2_ws/src/YDLidar-SDK/./core/base/thread.h:138:46:\x1b[m\x1b[K \x1b[01;35m\x1b[Kwarning: \x1b[m\x1b[Kformat \xe2\x80\x98\x1b[01m\x1b[K%X\x1b[m\x1b[K\xe2\x80\x99 expects argument of type \xe2\x80\x98\x1b[01m\x1b[Kunsigned int\x1b[m\x1b[K\xe2\x80\x99, but argument 2 has type \xe2\x80\x98\x1b[01m\x1b[K_size_t\x1b[m\x1b[K\xe2\x80\x99 {aka \xe2\x80\x98\x1b[01m\x1b[Klong unsigned int\x1b[m\x1b[K\xe2\x80\x99} [\x1b[01;35m\x1b[K\x1b]8;;https://gcc.gnu.org/onlinedocs/gcc/Warning-Options.html#index-Wformat=\x07-Wformat=\x1b]8;;\x07\x1b[m\x1b[K]\n'}
[3.634362] (ydlidar_sdk) StderrLine: {'line': b'  138 |           printf("[YDLIDAR DEBUG] Thread [0x\x1b[01;35m\x1b[K%X\x1b[m\x1b[K] ready to cancel[%d] time[%u]\\n",\n'}
[3.634446] (ydlidar_sdk) StderrLine: {'line': b'      |                                             \x1b[01;35m\x1b[K~^\x1b[m\x1b[K\n'}
[3.634529] (ydlidar_sdk) StderrLine: {'line': b'      |                                              \x1b[01;35m\x1b[K|\x1b[m\x1b[K\n'}
[3.634611] (ydlidar_sdk) StderrLine: {'line': b'      |                                              \x1b[01;35m\x1b[Kunsigned int\x1b[m\x1b[K\n'}
[3.634693] (ydlidar_sdk) StderrLine: {'line': b'      |                                             \x1b[32m\x1b[K%lX\x1b[m\x1b[K\n'}
[3.634775] (ydlidar_sdk) StderrLine: {'line': b'  139 |             \x1b[32m\x1b[K_handle\x1b[m\x1b[K, s, getms() - t);\n'}
[3.634858] (ydlidar_sdk) StderrLine: {'line': b'      |             \x1b[32m\x1b[K~~~~~~~\x1b[m\x1b[K                           \n'}
[3.634941] (ydlidar_sdk) StderrLine: {'line': b'      |             \x1b[32m\x1b[K|\x1b[m\x1b[K\n'}
[3.635032] (ydlidar_sdk) StderrLine: {'line': b'      |             \x1b[32m\x1b[K_size_t {aka long unsigned int}\x1b[m\x1b[K\n'}
[3.635120] (ydlidar_sdk) StderrLine: {'line': b'\x1b[01m\x1b[K/home/ryo/ros2_ws/src/YDLidar-SDK/./core/base/thread.h:142:42:\x1b[m\x1b[K \x1b[01;35m\x1b[Kwarning: \x1b[m\x1b[Kformat \xe2\x80\x98\x1b[01m\x1b[K%X\x1b[m\x1b[K\xe2\x80\x99 expects argument of type \xe2\x80\x98\x1b[01m\x1b[Kunsigned int\x1b[m\x1b[K\xe2\x80\x99, but argument 2 has type \xe2\x80\x98\x1b[01m\x1b[K_size_t\x1b[m\x1b[K\xe2\x80\x99 {aka \xe2\x80\x98\x1b[01m\x1b[Klong unsigned int\x1b[m\x1b[K\xe2\x80\x99} [\x1b[01;35m\x1b[K\x1b]8;;https://gcc.gnu.org/onlinedocs/gcc/Warning-Options.html#index-Wformat=\x07-Wformat=\x1b]8;;\x07\x1b[m\x1b[K]\n'}
[3.635211] (ydlidar_sdk) StderrLine: {'line': b'  142 |             printf("[YDLIDAR] Thread [0x\x1b[01;35m\x1b[K%X\x1b[m\x1b[K] has been canceled in other thread\\n", \x1b[32m\x1b[K_handle\x1b[m\x1b[K);\n'}
[3.635297] (ydlidar_sdk) StderrLine: {'line': b'      |                                         \x1b[01;35m\x1b[K~^\x1b[m\x1b[K                                        \x1b[32m\x1b[K~~~~~~~\x1b[m\x1b[K\n'}
[3.635410] (ydlidar_sdk) StderrLine: {'line': b'      |                                          \x1b[01;35m\x1b[K|\x1b[m\x1b[K                                        \x1b[32m\x1b[K|\x1b[m\x1b[K\n'}
[3.635502] (ydlidar_sdk) StderrLine: {'line': b'      |                                          \x1b[01;35m\x1b[Kunsigned int\x1b[m\x1b[K                             \x1b[32m\x1b[K_size_t {aka long unsigned int}\x1b[m\x1b[K\n'}
[3.635588] (ydlidar_sdk) StderrLine: {'line': b'      |                                         \x1b[32m\x1b[K%lX\x1b[m\x1b[K\n'}
[3.635672] (ydlidar_sdk) StderrLine: {'line': b'\x1b[01m\x1b[K/home/ryo/ros2_ws/src/YDLidar-SDK/./core/base/thread.h:147:74:\x1b[m\x1b[K \x1b[01;35m\x1b[Kwarning: \x1b[m\x1b[Kformat \xe2\x80\x98\x1b[01m\x1b[K%X\x1b[m\x1b[K\xe2\x80\x99 expects argument of type \xe2\x80\x98\x1b[01m\x1b[Kunsigned int\x1b[m\x1b[K\xe2\x80\x99, but argument 3 has type \xe2\x80\x98\x1b[01m\x1b[K_size_t\x1b[m\x1b[K\xe2\x80\x99 {aka \xe2\x80\x98\x1b[01m\x1b[Klong unsigned int\x1b[m\x1b[K\xe2\x80\x99} [\x1b[01;35m\x1b[K\x1b]8;;https://gcc.gnu.org/onlinedocs/gcc/Warning-Options.html#index-Wformat=\x07-Wformat=\x1b]8;;\x07\x1b[m\x1b[K]\n'}
[3.635769] (ydlidar_sdk) StderrLine: {'line': b'  147 |             fprintf(stderr, "[YDLIDAR] An error occurred while thread[0x\x1b[01;35m\x1b[K%X\x1b[m\x1b[K] cancelled!\\n", \x1b[32m\x1b[K_handle\x1b[m\x1b[K);\n'}
[3.635855] (ydlidar_sdk) StderrLine: {'line': b'      |                                                                         \x1b[01;35m\x1b[K~^\x1b[m\x1b[K                 \x1b[32m\x1b[K~~~~~~~\x1b[m\x1b[K\n'}
[3.635939] (ydlidar_sdk) StderrLine: {'line': b'      |                                                                          \x1b[01;35m\x1b[K|\x1b[m\x1b[K                 \x1b[32m\x1b[K|\x1b[m\x1b[K\n'}
[3.636037] (ydlidar_sdk) StderrLine: {'line': b'      |                                                                          \x1b[01;35m\x1b[Kunsigned int\x1b[m\x1b[K      \x1b[32m\x1b[K_size_t {aka long unsigned int}\x1b[m\x1b[K\n'}
[3.636124] (ydlidar_sdk) StderrLine: {'line': b'      |                                                                         \x1b[32m\x1b[K%lX\x1b[m\x1b[K\n'}
[3.636215] (ydlidar_sdk) StderrLine: {'line': b'\x1b[01m\x1b[K/home/ryo/ros2_ws/src/YDLidar-SDK/./core/base/thread.h:151:40:\x1b[m\x1b[K \x1b[01;35m\x1b[Kwarning: \x1b[m\x1b[Kformat \xe2\x80\x98\x1b[01m\x1b[K%X\x1b[m\x1b[K\xe2\x80\x99 expects argument of type \xe2\x80\x98\x1b[01m\x1b[Kunsigned int\x1b[m\x1b[K\xe2\x80\x99, but argument 2 has type \xe2\x80\x98\x1b[01m\x1b[K_size_t\x1b[m\x1b[K\xe2\x80\x99 {aka \xe2\x80\x98\x1b[01m\x1b[Klong unsigned int\x1b[m\x1b[K\xe2\x80\x99} [\x1b[01;35m\x1b[K\x1b]8;;https://gcc.gnu.org/onlinedocs/gcc/Warning-Options.html#index-Wformat=\x07-Wformat=\x1b]8;;\x07\x1b[m\x1b[K]\n'}
[3.636326] (ydlidar_sdk) StderrLine: {'line': b'  151 |           printf("[YDLIDAR] Thread [0x\x1b[01;35m\x1b[K%X\x1b[m\x1b[K] has been canceled\\n", \x1b[32m\x1b[K_handle\x1b[m\x1b[K);\n'}
[3.636422] (ydlidar_sdk) StderrLine: {'line': b'      |                                       \x1b[01;35m\x1b[K~^\x1b[m\x1b[K                        \x1b[32m\x1b[K~~~~~~~\x1b[m\x1b[K\n'}
[3.636514] (ydlidar_sdk) StderrLine: {'line': b'      |                                        \x1b[01;35m\x1b[K|\x1b[m\x1b[K                        \x1b[32m\x1b[K|\x1b[m\x1b[K\n'}
[3.636606] (ydlidar_sdk) StderrLine: {'line': b'      |                                        \x1b[01;35m\x1b[Kunsigned int\x1b[m\x1b[K             \x1b[32m\x1b[K_size_t {aka long unsigned int}\x1b[m\x1b[K\n'}
[3.636704] (ydlidar_sdk) StderrLine: {'line': b'      |                                       \x1b[32m\x1b[K%lX\x1b[m\x1b[K\n'}
[3.688066] (ydlidar_sdk) StdoutLine: {'line': b'[ 96%] \x1b[32m\x1b[1mLinking CXX executable ../gs_test2\x1b[0m\n'}
[3.693305] (ydlidar_sdk) StdoutLine: {'line': b'[ 96%] Built target gs_test\n'}
[3.731550] (-) TimerEvent: {}
[3.774998] (ydlidar_sdk) StderrLine: {'line': b'In file included from \x1b[01m\x1b[K/home/ryo/ros2_ws/src/YDLidar-SDK/./core/common/DriverInterface.h:5\x1b[m\x1b[K,\n'}
[3.775307] (ydlidar_sdk) StderrLine: {'line': b'                 from \x1b[01m\x1b[K/home/ryo/ros2_ws/src/YDLidar-SDK/core/../src/CYdLidar.h:48\x1b[m\x1b[K,\n'}
[3.775483] (ydlidar_sdk) StderrLine: {'line': b'                 from \x1b[01m\x1b[K/home/ryo/ros2_ws/build/ydlidar_sdk/python/CMakeFiles/_ydlidar.dir/ydlidar_sdkPYTHON_wrap.cxx:3365\x1b[m\x1b[K:\n'}
[3.775545] (ydlidar_sdk) StderrLine: {'line': b'\x1b[01m\x1b[K/home/ryo/ros2_ws/src/YDLidar-SDK/./core/base/thread.h:\x1b[m\x1b[K In member function \xe2\x80\x98\x1b[01m\x1b[Kint ydlidar::core::base::Thread::join(long unsigned int)\x1b[m\x1b[K\xe2\x80\x99:\n'}
[3.775600] (ydlidar_sdk) StderrLine: {'line': b'\x1b[01m\x1b[K/home/ryo/ros2_ws/src/YDLidar-SDK/./core/base/thread.h:136:46:\x1b[m\x1b[K \x1b[01;35m\x1b[Kwarning: \x1b[m\x1b[Kformat \xe2\x80\x98\x1b[01m\x1b[K%X\x1b[m\x1b[K\xe2\x80\x99 expects argument of type \xe2\x80\x98\x1b[01m\x1b[Kunsigned int\x1b[m\x1b[K\xe2\x80\x99, but argument 2 has type \xe2\x80\x98\x1b[01m\x1b[K_size_t\x1b[m\x1b[K\xe2\x80\x99 {aka \xe2\x80\x98\x1b[01m\x1b[Klong unsigned int\x1b[m\x1b[K\xe2\x80\x99} [\x1b[01;35m\x1b[K\x1b]8;;https://gcc.gnu.org/onlinedocs/gcc/Warning-Options.html#index-Wformat=\x07-Wformat=\x1b]8;;\x07\x1b[m\x1b[K]\n'}
[3.775658] (ydlidar_sdk) StderrLine: {'line': b'  136 |           printf("[YDLIDAR DEBUG] Thread [0x\x1b[01;35m\x1b[K%X\x1b[m\x1b[K] ready to cancel[%d]\\n", \x1b[32m\x1b[K_handle\x1b[m\x1b[K, s);\n'}
[3.775711] (ydlidar_sdk) StderrLine: {'line': b'      |                                             \x1b[01;35m\x1b[K~^\x1b[m\x1b[K                          \x1b[32m\x1b[K~~~~~~~\x1b[m\x1b[K\n'}
[3.775762] (ydlidar_sdk) StderrLine: {'line': b'      |                                              \x1b[01;35m\x1b[K|\x1b[m\x1b[K                          \x1b[32m\x1b[K|\x1b[m\x1b[K\n'}
[3.775813] (ydlidar_sdk) StderrLine: {'line': b'      |                                              \x1b[01;35m\x1b[Kunsigned int\x1b[m\x1b[K               \x1b[32m\x1b[K_size_t {aka long unsigned int}\x1b[m\x1b[K\n'}
[3.775865] (ydlidar_sdk) StderrLine: {'line': b'      |                                             \x1b[32m\x1b[K%lX\x1b[m\x1b[K\n'}
[3.775915] (ydlidar_sdk) StderrLine: {'line': b'\x1b[01m\x1b[K/home/ryo/ros2_ws/src/YDLidar-SDK/./core/base/thread.h:138:46:\x1b[m\x1b[K \x1b[01;35m\x1b[Kwarning: \x1b[m\x1b[Kformat \xe2\x80\x98\x1b[01m\x1b[K%X\x1b[m\x1b[K\xe2\x80\x99 expects argument of type \xe2\x80\x98\x1b[01m\x1b[Kunsigned int\x1b[m\x1b[K\xe2\x80\x99, but argument 2 has type \xe2\x80\x98\x1b[01m\x1b[K_size_t\x1b[m\x1b[K\xe2\x80\x99 {aka \xe2\x80\x98\x1b[01m\x1b[Klong unsigned int\x1b[m\x1b[K\xe2\x80\x99} [\x1b[01;35m\x1b[K\x1b]8;;https://gcc.gnu.org/onlinedocs/gcc/Warning-Options.html#index-Wformat=\x07-Wformat=\x1b]8;;\x07\x1b[m\x1b[K]\n'}
[3.775978] (ydlidar_sdk) StderrLine: {'line': b'  138 |           printf("[YDLIDAR DEBUG] Thread [0x\x1b[01;35m\x1b[K%X\x1b[m\x1b[K] ready to cancel[%d] time[%u]\\n",\n'}
[3.776043] (ydlidar_sdk) StderrLine: {'line': b'      |                                             \x1b[01;35m\x1b[K~^\x1b[m\x1b[K\n'}
[3.776098] (ydlidar_sdk) StderrLine: {'line': b'      |                                              \x1b[01;35m\x1b[K|\x1b[m\x1b[K\n'}
[3.776150] (ydlidar_sdk) StderrLine: {'line': b'      |                                              \x1b[01;35m\x1b[Kunsigned int\x1b[m\x1b[K\n'}
[3.776201] (ydlidar_sdk) StderrLine: {'line': b'      |                                             \x1b[32m\x1b[K%lX\x1b[m\x1b[K\n'}
[3.776251] (ydlidar_sdk) StderrLine: {'line': b'  139 |             \x1b[32m\x1b[K_handle\x1b[m\x1b[K, s, getms() - t);\n'}
[3.776301] (ydlidar_sdk) StderrLine: {'line': b'      |             \x1b[32m\x1b[K~~~~~~~\x1b[m\x1b[K                           \n'}
[3.776352] (ydlidar_sdk) StderrLine: {'line': b'      |             \x1b[32m\x1b[K|\x1b[m\x1b[K\n'}
[3.776402] (ydlidar_sdk) StderrLine: {'line': b'      |             \x1b[32m\x1b[K_size_t {aka long unsigned int}\x1b[m\x1b[K\n'}
[3.776452] (ydlidar_sdk) StderrLine: {'line': b'\x1b[01m\x1b[K/home/ryo/ros2_ws/src/YDLidar-SDK/./core/base/thread.h:142:42:\x1b[m\x1b[K \x1b[01;35m\x1b[Kwarning: \x1b[m\x1b[Kformat \xe2\x80\x98\x1b[01m\x1b[K%X\x1b[m\x1b[K\xe2\x80\x99 expects argument of type \xe2\x80\x98\x1b[01m\x1b[Kunsigned int\x1b[m\x1b[K\xe2\x80\x99, but argument 2 has type \xe2\x80\x98\x1b[01m\x1b[K_size_t\x1b[m\x1b[K\xe2\x80\x99 {aka \xe2\x80\x98\x1b[01m\x1b[Klong unsigned int\x1b[m\x1b[K\xe2\x80\x99} [\x1b[01;35m\x1b[K\x1b]8;;https://gcc.gnu.org/onlinedocs/gcc/Warning-Options.html#index-Wformat=\x07-Wformat=\x1b]8;;\x07\x1b[m\x1b[K]\n'}
[3.776511] (ydlidar_sdk) StderrLine: {'line': b'  142 |             printf("[YDLIDAR] Thread [0x\x1b[01;35m\x1b[K%X\x1b[m\x1b[K] has been canceled in other thread\\n", \x1b[32m\x1b[K_handle\x1b[m\x1b[K);\n'}
[3.776562] (ydlidar_sdk) StderrLine: {'line': b'      |                                         \x1b[01;35m\x1b[K~^\x1b[m\x1b[K                                        \x1b[32m\x1b[K~~~~~~~\x1b[m\x1b[K\n'}
[3.776613] (ydlidar_sdk) StderrLine: {'line': b'      |                                          \x1b[01;35m\x1b[K|\x1b[m\x1b[K                                        \x1b[32m\x1b[K|\x1b[m\x1b[K\n'}
[3.776670] (ydlidar_sdk) StderrLine: {'line': b'      |                                          \x1b[01;35m\x1b[Kunsigned int\x1b[m\x1b[K                             \x1b[32m\x1b[K_size_t {aka long unsigned int}\x1b[m\x1b[K\n'}
[3.776722] (ydlidar_sdk) StderrLine: {'line': b'      |                                         \x1b[32m\x1b[K%lX\x1b[m\x1b[K\n'}
[3.776772] (ydlidar_sdk) StderrLine: {'line': b'\x1b[01m\x1b[K/home/ryo/ros2_ws/src/YDLidar-SDK/./core/base/thread.h:147:74:\x1b[m\x1b[K \x1b[01;35m\x1b[Kwarning: \x1b[m\x1b[Kformat \xe2\x80\x98\x1b[01m\x1b[K%X\x1b[m\x1b[K\xe2\x80\x99 expects argument of type \xe2\x80\x98\x1b[01m\x1b[Kunsigned int\x1b[m\x1b[K\xe2\x80\x99, but argument 3 has type \xe2\x80\x98\x1b[01m\x1b[K_size_t\x1b[m\x1b[K\xe2\x80\x99 {aka \xe2\x80\x98\x1b[01m\x1b[Klong unsigned int\x1b[m\x1b[K\xe2\x80\x99} [\x1b[01;35m\x1b[K\x1b]8;;https://gcc.gnu.org/onlinedocs/gcc/Warning-Options.html#index-Wformat=\x07-Wformat=\x1b]8;;\x07\x1b[m\x1b[K]\n'}
[3.776826] (ydlidar_sdk) StderrLine: {'line': b'  147 |             fprintf(stderr, "[YDLIDAR] An error occurred while thread[0x\x1b[01;35m\x1b[K%X\x1b[m\x1b[K] cancelled!\\n", \x1b[32m\x1b[K_handle\x1b[m\x1b[K);\n'}
[3.776877] (ydlidar_sdk) StderrLine: {'line': b'      |                                                                         \x1b[01;35m\x1b[K~^\x1b[m\x1b[K                 \x1b[32m\x1b[K~~~~~~~\x1b[m\x1b[K\n'}
[3.776927] (ydlidar_sdk) StderrLine: {'line': b'      |                                                                          \x1b[01;35m\x1b[K|\x1b[m\x1b[K                 \x1b[32m\x1b[K|\x1b[m\x1b[K\n'}
[3.776978] (ydlidar_sdk) StderrLine: {'line': b'      |                                                                          \x1b[01;35m\x1b[Kunsigned int\x1b[m\x1b[K      \x1b[32m\x1b[K_size_t {aka long unsigned int}\x1b[m\x1b[K\n'}
[3.777039] (ydlidar_sdk) StderrLine: {'line': b'      |                                                                         \x1b[32m\x1b[K%lX\x1b[m\x1b[K\n'}
[3.777092] (ydlidar_sdk) StderrLine: {'line': b'\x1b[01m\x1b[K/home/ryo/ros2_ws/src/YDLidar-SDK/./core/base/thread.h:151:40:\x1b[m\x1b[K \x1b[01;35m\x1b[Kwarning: \x1b[m\x1b[Kformat \xe2\x80\x98\x1b[01m\x1b[K%X\x1b[m\x1b[K\xe2\x80\x99 expects argument of type \xe2\x80\x98\x1b[01m\x1b[Kunsigned int\x1b[m\x1b[K\xe2\x80\x99, but argument 2 has type \xe2\x80\x98\x1b[01m\x1b[K_size_t\x1b[m\x1b[K\xe2\x80\x99 {aka \xe2\x80\x98\x1b[01m\x1b[Klong unsigned int\x1b[m\x1b[K\xe2\x80\x99} [\x1b[01;35m\x1b[K\x1b]8;;https://gcc.gnu.org/onlinedocs/gcc/Warning-Options.html#index-Wformat=\x07-Wformat=\x1b]8;;\x07\x1b[m\x1b[K]\n'}
[3.777146] (ydlidar_sdk) StderrLine: {'line': b'  151 |           printf("[YDLIDAR] Thread [0x\x1b[01;35m\x1b[K%X\x1b[m\x1b[K] has been canceled\\n", \x1b[32m\x1b[K_handle\x1b[m\x1b[K);\n'}
[3.777198] (ydlidar_sdk) StderrLine: {'line': b'      |                                       \x1b[01;35m\x1b[K~^\x1b[m\x1b[K                        \x1b[32m\x1b[K~~~~~~~\x1b[m\x1b[K\n'}
[3.777248] (ydlidar_sdk) StderrLine: {'line': b'      |                                        \x1b[01;35m\x1b[K|\x1b[m\x1b[K                        \x1b[32m\x1b[K|\x1b[m\x1b[K\n'}
[3.777302] (ydlidar_sdk) StderrLine: {'line': b'      |                                        \x1b[01;35m\x1b[Kunsigned int\x1b[m\x1b[K             \x1b[32m\x1b[K_size_t {aka long unsigned int}\x1b[m\x1b[K\n'}
[3.777353] (ydlidar_sdk) StderrLine: {'line': b'      |                                       \x1b[32m\x1b[K%lX\x1b[m\x1b[K\n'}
[3.799807] (ydlidar_sdk) StderrLine: {'line': b'In file included from \x1b[01m\x1b[K/home/ryo/ros2_ws/src/YDLidar-SDK/examples/tri_test.cpp:40\x1b[m\x1b[K:\n'}
[3.799964] (ydlidar_sdk) StderrLine: {'line': b'\x1b[01m\x1b[K/home/ryo/ros2_ws/src/YDLidar-SDK/./core/common/ydlidar_help.h:\x1b[m\x1b[K In function \xe2\x80\x98\x1b[01m\x1b[Kvoid ydlidar::core::common::debug(char*, ...)\x1b[m\x1b[K\xe2\x80\x99:\n'}
[3.800156] (ydlidar_sdk) StderrLine: {'line': b'\x1b[01m\x1b[K/home/ryo/ros2_ws/src/YDLidar-SDK/./core/common/ydlidar_help.h:1075:10:\x1b[m\x1b[K \x1b[01;35m\x1b[Kwarning: \x1b[m\x1b[Kformat not a string literal and no format arguments [\x1b[01;35m\x1b[K\x1b]8;;https://gcc.gnu.org/onlinedocs/gcc/Warning-Options.html#index-Wformat-security\x07-Wformat-security\x1b]8;;\x07\x1b[m\x1b[K]\n'}
[3.800334] (ydlidar_sdk) StderrLine: {'line': b' 1075 |   printf(\x1b[01;35m\x1b[Kbuff\x1b[m\x1b[K); \\\n'}
[3.800414] (ydlidar_sdk) StderrLine: {'line': b'      |          \x1b[01;35m\x1b[K^~~~\x1b[m\x1b[K\n'}
[3.800482] (ydlidar_sdk) StderrLine: {'line': b'\x1b[01m\x1b[K/home/ryo/ros2_ws/src/YDLidar-SDK/./core/common/ydlidar_help.h:1086:3:\x1b[m\x1b[K \x1b[01;36m\x1b[Knote: \x1b[m\x1b[Kin expansion of macro \xe2\x80\x98\x1b[01m\x1b[KFORMAT_STDOUT\x1b[m\x1b[K\xe2\x80\x99\n'}
[3.800542] (ydlidar_sdk) StderrLine: {'line': b' 1086 |   \x1b[01;36m\x1b[KFORMAT_STDOUT\x1b[m\x1b[K\n'}
[3.800598] (ydlidar_sdk) StderrLine: {'line': b'      |   \x1b[01;36m\x1b[K^~~~~~~~~~~~~\x1b[m\x1b[K\n'}
[3.800654] (ydlidar_sdk) StderrLine: {'line': b'\x1b[01m\x1b[K/home/ryo/ros2_ws/src/YDLidar-SDK/./core/common/ydlidar_help.h:\x1b[m\x1b[K In function \xe2\x80\x98\x1b[01m\x1b[Kvoid ydlidar::core::common::info(char*, ...)\x1b[m\x1b[K\xe2\x80\x99:\n'}
[3.800710] (ydlidar_sdk) StderrLine: {'line': b'\x1b[01m\x1b[K/home/ryo/ros2_ws/src/YDLidar-SDK/./core/common/ydlidar_help.h:1075:10:\x1b[m\x1b[K \x1b[01;35m\x1b[Kwarning: \x1b[m\x1b[Kformat not a string literal and no format arguments [\x1b[01;35m\x1b[K\x1b]8;;https://gcc.gnu.org/onlinedocs/gcc/Warning-Options.html#index-Wformat-security\x07-Wformat-security\x1b]8;;\x07\x1b[m\x1b[K]\n'}
[3.800767] (ydlidar_sdk) StderrLine: {'line': b' 1075 |   printf(\x1b[01;35m\x1b[Kbuff\x1b[m\x1b[K); \\\n'}
[3.800822] (ydlidar_sdk) StderrLine: {'line': b'      |          \x1b[01;35m\x1b[K^~~~\x1b[m\x1b[K\n'}
[3.800875] (ydlidar_sdk) StderrLine: {'line': b'\x1b[01m\x1b[K/home/ryo/ros2_ws/src/YDLidar-SDK/./core/common/ydlidar_help.h:1098:3:\x1b[m\x1b[K \x1b[01;36m\x1b[Knote: \x1b[m\x1b[Kin expansion of macro \xe2\x80\x98\x1b[01m\x1b[KFORMAT_STDOUT\x1b[m\x1b[K\xe2\x80\x99\n'}
[3.800930] (ydlidar_sdk) StderrLine: {'line': b' 1098 |   \x1b[01;36m\x1b[KFORMAT_STDOUT\x1b[m\x1b[K\n'}
[3.800988] (ydlidar_sdk) StderrLine: {'line': b'      |   \x1b[01;36m\x1b[K^~~~~~~~~~~~~\x1b[m\x1b[K\n'}
[3.801169] (ydlidar_sdk) StderrLine: {'line': b'\x1b[01m\x1b[K/home/ryo/ros2_ws/src/YDLidar-SDK/./core/common/ydlidar_help.h:\x1b[m\x1b[K In function \xe2\x80\x98\x1b[01m\x1b[Kvoid ydlidar::core::common::warn(char*, ...)\x1b[m\x1b[K\xe2\x80\x99:\n'}
[3.801238] (ydlidar_sdk) StderrLine: {'line': b'\x1b[01m\x1b[K/home/ryo/ros2_ws/src/YDLidar-SDK/./core/common/ydlidar_help.h:1075:10:\x1b[m\x1b[K \x1b[01;35m\x1b[Kwarning: \x1b[m\x1b[Kformat not a string literal and no format arguments [\x1b[01;35m\x1b[K\x1b]8;;https://gcc.gnu.org/onlinedocs/gcc/Warning-Options.html#index-Wformat-security\x07-Wformat-security\x1b]8;;\x07\x1b[m\x1b[K]\n'}
[3.801298] (ydlidar_sdk) StderrLine: {'line': b' 1075 |   printf(\x1b[01;35m\x1b[Kbuff\x1b[m\x1b[K); \\\n'}
[3.801351] (ydlidar_sdk) StderrLine: {'line': b'      |          \x1b[01;35m\x1b[K^~~~\x1b[m\x1b[K\n'}
[3.801407] (ydlidar_sdk) StderrLine: {'line': b'\x1b[01m\x1b[K/home/ryo/ros2_ws/src/YDLidar-SDK/./core/common/ydlidar_help.h:1110:3:\x1b[m\x1b[K \x1b[01;36m\x1b[Knote: \x1b[m\x1b[Kin expansion of macro \xe2\x80\x98\x1b[01m\x1b[KFORMAT_STDOUT\x1b[m\x1b[K\xe2\x80\x99\n'}
[3.801459] (ydlidar_sdk) StderrLine: {'line': b' 1110 |   \x1b[01;36m\x1b[KFORMAT_STDOUT\x1b[m\x1b[K\n'}
[3.801509] (ydlidar_sdk) StderrLine: {'line': b'      |   \x1b[01;36m\x1b[K^~~~~~~~~~~~~\x1b[m\x1b[K\n'}
[3.801559] (ydlidar_sdk) StderrLine: {'line': b'\x1b[01m\x1b[K/home/ryo/ros2_ws/src/YDLidar-SDK/./core/common/ydlidar_help.h:\x1b[m\x1b[K In function \xe2\x80\x98\x1b[01m\x1b[Kvoid ydlidar::core::common::error(char*, ...)\x1b[m\x1b[K\xe2\x80\x99:\n'}
[3.801611] (ydlidar_sdk) StderrLine: {'line': b'\x1b[01m\x1b[K/home/ryo/ros2_ws/src/YDLidar-SDK/./core/common/ydlidar_help.h:1075:10:\x1b[m\x1b[K \x1b[01;35m\x1b[Kwarning: \x1b[m\x1b[Kformat not a string literal and no format arguments [\x1b[01;35m\x1b[K\x1b]8;;https://gcc.gnu.org/onlinedocs/gcc/Warning-Options.html#index-Wformat-security\x07-Wformat-security\x1b]8;;\x07\x1b[m\x1b[K]\n'}
[3.801665] (ydlidar_sdk) StderrLine: {'line': b' 1075 |   printf(\x1b[01;35m\x1b[Kbuff\x1b[m\x1b[K); \\\n'}
[3.801715] (ydlidar_sdk) StderrLine: {'line': b'      |          \x1b[01;35m\x1b[K^~~~\x1b[m\x1b[K\n'}
[3.801765] (ydlidar_sdk) StderrLine: {'line': b'\x1b[01m\x1b[K/home/ryo/ros2_ws/src/YDLidar-SDK/./core/common/ydlidar_help.h:1122:3:\x1b[m\x1b[K \x1b[01;36m\x1b[Knote: \x1b[m\x1b[Kin expansion of macro \xe2\x80\x98\x1b[01m\x1b[KFORMAT_STDOUT\x1b[m\x1b[K\xe2\x80\x99\n'}
[3.801817] (ydlidar_sdk) StderrLine: {'line': b' 1122 |   \x1b[01;36m\x1b[KFORMAT_STDOUT\x1b[m\x1b[K\n'}
[3.801868] (ydlidar_sdk) StderrLine: {'line': b'      |   \x1b[01;36m\x1b[K^~~~~~~~~~~~~\x1b[m\x1b[K\n'}
[3.811768] (ydlidar_sdk) StderrLine: {'line': b'\x1b[01m\x1b[K/home/ryo/ros2_ws/src/YDLidar-SDK/examples/tri_test.cpp:\x1b[m\x1b[K In function \xe2\x80\x98\x1b[01m\x1b[Kint main(int, char**)\x1b[m\x1b[K\xe2\x80\x99:\n'}
[3.811916] (ydlidar_sdk) StderrLine: {'line': b'\x1b[01m\x1b[K/home/ryo/ros2_ws/src/YDLidar-SDK/examples/tri_test.cpp:331:33:\x1b[m\x1b[K \x1b[01;35m\x1b[Kwarning: \x1b[m\x1b[Kformat \xe2\x80\x98\x1b[01m\x1b[K%llu\x1b[m\x1b[K\xe2\x80\x99 expects argument of type \xe2\x80\x98\x1b[01m\x1b[Klong long unsigned int\x1b[m\x1b[K\xe2\x80\x99, but argument 2 has type \xe2\x80\x98\x1b[01m\x1b[Kstd::vector<LaserPoint>::size_type\x1b[m\x1b[K\xe2\x80\x99 {aka \xe2\x80\x98\x1b[01m\x1b[Klong unsigned int\x1b[m\x1b[K\xe2\x80\x99} [\x1b[01;35m\x1b[K\x1b]8;;https://gcc.gnu.org/onlinedocs/gcc/Warning-Options.html#index-Wformat=\x07-Wformat=\x1b]8;;\x07\x1b[m\x1b[K]\n'}
[3.811989] (ydlidar_sdk) StderrLine: {'line': b'  331 |       printf("Scan received [\x1b[01;35m\x1b[K%llu\x1b[m\x1b[K] points scanFreq [%.02f]\\n",\n'}
[3.812053] (ydlidar_sdk) StderrLine: {'line': b'      |                              \x1b[01;35m\x1b[K~~~^\x1b[m\x1b[K\n'}
[3.812107] (ydlidar_sdk) StderrLine: {'line': b'      |                                 \x1b[01;35m\x1b[K|\x1b[m\x1b[K\n'}
[3.812158] (ydlidar_sdk) StderrLine: {'line': b'      |                                 \x1b[01;35m\x1b[Klong long unsigned int\x1b[m\x1b[K\n'}
[3.812209] (ydlidar_sdk) StderrLine: {'line': b'      |                              \x1b[32m\x1b[K%lu\x1b[m\x1b[K\n'}
[3.812260] (ydlidar_sdk) StderrLine: {'line': b'  332 |              \x1b[32m\x1b[Kscan.points.size()\x1b[m\x1b[K,\n'}
[3.812318] (ydlidar_sdk) StderrLine: {'line': b'      |              \x1b[32m\x1b[K~~~~~~~~~~~~~~~~~~\x1b[m\x1b[K  \n'}
[3.812369] (ydlidar_sdk) StderrLine: {'line': b'      |                              \x1b[32m\x1b[K|\x1b[m\x1b[K\n'}
[3.812442] (ydlidar_sdk) StderrLine: {'line': b'      |                              \x1b[32m\x1b[Kstd::vector<LaserPoint>::size_type {aka long unsigned int}\x1b[m\x1b[K\n'}
[3.820522] (ydlidar_sdk) StdoutLine: {'line': b'[ 96%] Built target gs_test2\n'}
[3.831687] (-) TimerEvent: {}
[3.932026] (-) TimerEvent: {}
[3.996588] (ydlidar_sdk) StdoutLine: {'line': b'[ 98%] \x1b[32m\x1b[1mLinking CXX executable ../tri_test\x1b[0m\n'}
[4.032099] (-) TimerEvent: {}
[4.122110] (ydlidar_sdk) StdoutLine: {'line': b'[ 98%] Built target tri_test\n'}
[4.132199] (-) TimerEvent: {}
[4.232509] (-) TimerEvent: {}
[4.332808] (-) TimerEvent: {}
[4.433112] (-) TimerEvent: {}
[4.533442] (-) TimerEvent: {}
[4.633794] (-) TimerEvent: {}
[4.734138] (-) TimerEvent: {}
[4.760275] (ydlidar_ros2_driver) StderrLine: {'line': b'\x1b[01m\x1b[K/home/ryo/ros2_ws/src/ydlidar_ros2_driver/src/ydlidar_ros2_driver_node.cpp:\x1b[m\x1b[K In lambda function:\n'}
[4.760521] (ydlidar_ros2_driver) StderrLine: {'line': b'\x1b[01m\x1b[K/home/ryo/ros2_ws/src/ydlidar_ros2_driver/src/ydlidar_ros2_driver_node.cpp:169:54:\x1b[m\x1b[K \x1b[01;35m\x1b[Kwarning: \x1b[m\x1b[Kunused parameter \xe2\x80\x98\x1b[01m\x1b[Krequest_header\x1b[m\x1b[K\xe2\x80\x99 [\x1b[01;35m\x1b[K\x1b]8;;https://gcc.gnu.org/onlinedocs/gcc/Warning-Options.html#index-Wunused-parameter\x07-Wunused-parameter\x1b]8;;\x07\x1b[m\x1b[K]\n'}
[4.760589] (ydlidar_ros2_driver) StderrLine: {'line': b'  169 |     [&laser](\x1b[01;35m\x1b[Kconst std::shared_ptr<rmw_request_id_t> request_header\x1b[m\x1b[K,\n'}
[4.760642] (ydlidar_ros2_driver) StderrLine: {'line': b'      |              \x1b[01;35m\x1b[K~~~~~~~~~~~~~~~~~~~~~~~~~~~~~~~~~~~~~~~~^~~~~~~~~~~~~~\x1b[m\x1b[K\n'}
[4.760693] (ydlidar_ros2_driver) StderrLine: {'line': b'\x1b[01m\x1b[K/home/ryo/ros2_ws/src/ydlidar_ros2_driver/src/ydlidar_ros2_driver_node.cpp:170:56:\x1b[m\x1b[K \x1b[01;35m\x1b[Kwarning: \x1b[m\x1b[Kunused parameter \xe2\x80\x98\x1b[01m\x1b[Kreq\x1b[m\x1b[K\xe2\x80\x99 [\x1b[01;35m\x1b[K\x1b]8;;https://gcc.gnu.org/onlinedocs/gcc/Warning-Options.html#index-Wunused-parameter\x07-Wunused-parameter\x1b]8;;\x07\x1b[m\x1b[K]\n'}
[4.760753] (ydlidar_ros2_driver) StderrLine: {'line': b'  170 |   \x1b[01;35m\x1b[Kconst std::shared_ptr<std_srvs::srv::Empty::Request> req\x1b[m\x1b[K,\n'}
[4.760802] (ydlidar_ros2_driver) StderrLine: {'line': b'      |   \x1b[01;35m\x1b[K~~~~~~~~~~~~~~~~~~~~~~~~~~~~~~~~~~~~~~~~~~~~~~~~~~~~~^~~\x1b[m\x1b[K\n'}
[4.760849] (ydlidar_ros2_driver) StderrLine: {'line': b'\x1b[01m\x1b[K/home/ryo/ros2_ws/src/ydlidar_ros2_driver/src/ydlidar_ros2_driver_node.cpp:171:51:\x1b[m\x1b[K \x1b[01;35m\x1b[Kwarning: \x1b[m\x1b[Kunused parameter \xe2\x80\x98\x1b[01m\x1b[Kresponse\x1b[m\x1b[K\xe2\x80\x99 [\x1b[01;35m\x1b[K\x1b]8;;https://gcc.gnu.org/onlinedocs/gcc/Warning-Options.html#index-Wunused-parameter\x07-Wunused-parameter\x1b]8;;\x07\x1b[m\x1b[K]\n'}
[4.760900] (ydlidar_ros2_driver) StderrLine: {'line': b'  171 |   \x1b[01;35m\x1b[Kstd::shared_ptr<std_srvs::srv::Empty::Response> response\x1b[m\x1b[K) -> bool\n'}
[4.760948] (ydlidar_ros2_driver) StderrLine: {'line': b'      |   \x1b[01;35m\x1b[K~~~~~~~~~~~~~~~~~~~~~~~~~~~~~~~~~~~~~~~~~~~~~~~~^~~~~~~~\x1b[m\x1b[K\n'}
[4.776440] (ydlidar_ros2_driver) StderrLine: {'line': b'\x1b[01m\x1b[K/home/ryo/ros2_ws/src/ydlidar_ros2_driver/src/ydlidar_ros2_driver_node.cpp:\x1b[m\x1b[K In lambda function:\n'}
[4.776580] (ydlidar_ros2_driver) StderrLine: {'line': b'\x1b[01m\x1b[K/home/ryo/ros2_ws/src/ydlidar_ros2_driver/src/ydlidar_ros2_driver_node.cpp:179:54:\x1b[m\x1b[K \x1b[01;35m\x1b[Kwarning: \x1b[m\x1b[Kunused parameter \xe2\x80\x98\x1b[01m\x1b[Krequest_header\x1b[m\x1b[K\xe2\x80\x99 [\x1b[01;35m\x1b[K\x1b]8;;https://gcc.gnu.org/onlinedocs/gcc/Warning-Options.html#index-Wunused-parameter\x07-Wunused-parameter\x1b]8;;\x07\x1b[m\x1b[K]\n'}
[4.776642] (ydlidar_ros2_driver) StderrLine: {'line': b'  179 |     [&laser](\x1b[01;35m\x1b[Kconst std::shared_ptr<rmw_request_id_t> request_header\x1b[m\x1b[K,\n'}
[4.776697] (ydlidar_ros2_driver) StderrLine: {'line': b'      |              \x1b[01;35m\x1b[K~~~~~~~~~~~~~~~~~~~~~~~~~~~~~~~~~~~~~~~~^~~~~~~~~~~~~~\x1b[m\x1b[K\n'}
[4.776748] (ydlidar_ros2_driver) StderrLine: {'line': b'\x1b[01m\x1b[K/home/ryo/ros2_ws/src/ydlidar_ros2_driver/src/ydlidar_ros2_driver_node.cpp:180:56:\x1b[m\x1b[K \x1b[01;35m\x1b[Kwarning: \x1b[m\x1b[Kunused parameter \xe2\x80\x98\x1b[01m\x1b[Kreq\x1b[m\x1b[K\xe2\x80\x99 [\x1b[01;35m\x1b[K\x1b]8;;https://gcc.gnu.org/onlinedocs/gcc/Warning-Options.html#index-Wunused-parameter\x07-Wunused-parameter\x1b]8;;\x07\x1b[m\x1b[K]\n'}
[4.776810] (ydlidar_ros2_driver) StderrLine: {'line': b'  180 |   \x1b[01;35m\x1b[Kconst std::shared_ptr<std_srvs::srv::Empty::Request> req\x1b[m\x1b[K,\n'}
[4.776860] (ydlidar_ros2_driver) StderrLine: {'line': b'      |   \x1b[01;35m\x1b[K~~~~~~~~~~~~~~~~~~~~~~~~~~~~~~~~~~~~~~~~~~~~~~~~~~~~~^~~\x1b[m\x1b[K\n'}
[4.776909] (ydlidar_ros2_driver) StderrLine: {'line': b'\x1b[01m\x1b[K/home/ryo/ros2_ws/src/ydlidar_ros2_driver/src/ydlidar_ros2_driver_node.cpp:181:51:\x1b[m\x1b[K \x1b[01;35m\x1b[Kwarning: \x1b[m\x1b[Kunused parameter \xe2\x80\x98\x1b[01m\x1b[Kresponse\x1b[m\x1b[K\xe2\x80\x99 [\x1b[01;35m\x1b[K\x1b]8;;https://gcc.gnu.org/onlinedocs/gcc/Warning-Options.html#index-Wunused-parameter\x07-Wunused-parameter\x1b]8;;\x07\x1b[m\x1b[K]\n'}
[4.776960] (ydlidar_ros2_driver) StderrLine: {'line': b'  181 |   \x1b[01;35m\x1b[Kstd::shared_ptr<std_srvs::srv::Empty::Response> response\x1b[m\x1b[K) -> bool\n'}
[4.777018] (ydlidar_ros2_driver) StderrLine: {'line': b'      |   \x1b[01;35m\x1b[K~~~~~~~~~~~~~~~~~~~~~~~~~~~~~~~~~~~~~~~~~~~~~~~~^~~~~~~~\x1b[m\x1b[K\n'}
[4.834297] (-) TimerEvent: {}
[4.934641] (-) TimerEvent: {}
[5.034982] (-) TimerEvent: {}
[5.077596] (ydlidar_sdk) StdoutLine: {'line': b'[100%] \x1b[32m\x1b[1mLinking CXX shared module _ydlidar.so\x1b[0m\n'}
[5.135093] (-) TimerEvent: {}
[5.217885] (ydlidar_sdk) StdoutLine: {'line': b'[100%] Built target _ydlidar\n'}
[5.227975] (ydlidar_sdk) CommandEnded: {'returncode': 0}
[5.235178] (-) TimerEvent: {}
[5.281239] (ydlidar_sdk) JobProgress: {'identifier': 'ydlidar_sdk', 'progress': 'install'}
[5.288654] (ydlidar_sdk) Command: {'cmd': ['/usr/bin/cmake', '--install', '/home/ryo/ros2_ws/build/ydlidar_sdk'], 'cwd': '/home/ryo/ros2_ws/build/ydlidar_sdk', 'env': OrderedDict([('LESSOPEN', '| /usr/bin/lesspipe %s'), ('USER', 'ryo'), ('XDG_SESSION_TYPE', 'wayland'), ('SHLVL', '1'), ('LD_LIBRARY_PATH', '/opt/ros/humble/opt/rviz_ogre_vendor/lib:/opt/ros/humble/lib/x86_64-linux-gnu:/opt/ros/humble/lib'), ('HOME', '/home/ryo'), ('OLDPWD', '/home/ryo/デスクトップ'), ('DESKTOP_SESSION', 'ubuntu'), ('ROS_PYTHON_VERSION', '3'), ('GNOME_SHELL_SESSION_MODE', 'ubuntu'), ('GTK_MODULES', 'gail:atk-bridge'), ('SYSTEMD_EXEC_PID', '1193'), ('DBUS_SESSION_BUS_ADDRESS', 'unix:path=/run/user/1000/bus'), ('COLORTERM', 'truecolor'), ('IM_CONFIG_PHASE', '1'), ('WAYLAND_DISPLAY', 'wayland-0'), ('COLCON_PREFIX_PATH', '/home/ryo/ros2_ws/install'), ('ROS_DISTRO', 'humble'), ('LOGNAME', 'ryo'), ('_', '/usr/bin/colcon'), ('ROS_VERSION', '2'), ('XDG_SESSION_CLASS', 'user'), ('USERNAME', 'ryo'), ('TERM', 'xterm-256color'), ('GNOME_DESKTOP_SESSION_ID', 'this-is-deprecated'), ('ROS_LOCALHOST_ONLY', '0'), ('PATH', '/opt/ros/humble/bin:/usr/local/sbin:/usr/local/bin:/usr/sbin:/usr/bin:/sbin:/bin:/usr/games:/usr/local/games:/snap/bin:/snap/bin'), ('SESSION_MANAGER', 'local/ryo-Prestige-14-A10SC:@/tmp/.ICE-unix/1160,unix/ryo-Prestige-14-A10SC:/tmp/.ICE-unix/1160'), ('XDG_MENU_PREFIX', 'gnome-'), ('GNOME_TERMINAL_SCREEN', '/org/gnome/Terminal/screen/756e76e2_95e1_4b20_b08e_bb051e198a39'), ('GNOME_SETUP_DISPLAY', ':1'), ('XDG_RUNTIME_DIR', '/run/user/1000'), ('DISPLAY', ':0'), ('LANG', 'ja_JP.UTF-8'), ('XDG_CURRENT_DESKTOP', 'ubuntu:GNOME'), ('XMODIFIERS', '@im=ibus'), ('XDG_SESSION_DESKTOP', 'ubuntu'), ('XAUTHORITY', '/run/user/1000/.mutter-Xwaylandauth.WD60V2'), ('LS_COLORS', 'rs=0:di=01;34:ln=01;36:mh=00:pi=40;33:so=01;35:do=01;35:bd=40;33;01:cd=40;33;01:or=40;31;01:mi=00:su=37;41:sg=30;43:ca=30;41:tw=30;42:ow=34;42:st=37;44:ex=01;32:*.tar=01;31:*.tgz=01;31:*.arc=01;31:*.arj=01;31:*.taz=01;31:*.lha=01;31:*.lz4=01;31:*.lzh=01;31:*.lzma=01;31:*.tlz=01;31:*.txz=01;31:*.tzo=01;31:*.t7z=01;31:*.zip=01;31:*.z=01;31:*.dz=01;31:*.gz=01;31:*.lrz=01;31:*.lz=01;31:*.lzo=01;31:*.xz=01;31:*.zst=01;31:*.tzst=01;31:*.bz2=01;31:*.bz=01;31:*.tbz=01;31:*.tbz2=01;31:*.tz=01;31:*.deb=01;31:*.rpm=01;31:*.jar=01;31:*.war=01;31:*.ear=01;31:*.sar=01;31:*.rar=01;31:*.alz=01;31:*.ace=01;31:*.zoo=01;31:*.cpio=01;31:*.7z=01;31:*.rz=01;31:*.cab=01;31:*.wim=01;31:*.swm=01;31:*.dwm=01;31:*.esd=01;31:*.jpg=01;35:*.jpeg=01;35:*.mjpg=01;35:*.mjpeg=01;35:*.gif=01;35:*.bmp=01;35:*.pbm=01;35:*.pgm=01;35:*.ppm=01;35:*.tga=01;35:*.xbm=01;35:*.xpm=01;35:*.tif=01;35:*.tiff=01;35:*.png=01;35:*.svg=01;35:*.svgz=01;35:*.mng=01;35:*.pcx=01;35:*.mov=01;35:*.mpg=01;35:*.mpeg=01;35:*.m2v=01;35:*.mkv=01;35:*.webm=01;35:*.webp=01;35:*.ogm=01;35:*.mp4=01;35:*.m4v=01;35:*.mp4v=01;35:*.vob=01;35:*.qt=01;35:*.nuv=01;35:*.wmv=01;35:*.asf=01;35:*.rm=01;35:*.rmvb=01;35:*.flc=01;35:*.avi=01;35:*.fli=01;35:*.flv=01;35:*.gl=01;35:*.dl=01;35:*.xcf=01;35:*.xwd=01;35:*.yuv=01;35:*.cgm=01;35:*.emf=01;35:*.ogv=01;35:*.ogx=01;35:*.aac=00;36:*.au=00;36:*.flac=00;36:*.m4a=00;36:*.mid=00;36:*.midi=00;36:*.mka=00;36:*.mp3=00;36:*.mpc=00;36:*.ogg=00;36:*.ra=00;36:*.wav=00;36:*.oga=00;36:*.opus=00;36:*.spx=00;36:*.xspf=00;36:'), ('GNOME_TERMINAL_SERVICE', ':1.108'), ('SSH_AGENT_LAUNCHER', 'gnome-keyring'), ('SSH_AUTH_SOCK', '/run/user/1000/keyring/ssh'), ('AMENT_PREFIX_PATH', '/opt/ros/humble'), ('SHELL', '/bin/bash'), ('QT_ACCESSIBILITY', '1'), ('GDMSESSION', 'ubuntu'), ('LESSCLOSE', '/usr/bin/lesspipe %s %s'), ('QT_IM_MODULE', 'ibus'), ('PWD', '/home/ryo/ros2_ws/build/ydlidar_sdk'), ('XDG_CONFIG_DIRS', '/etc/xdg/xdg-ubuntu:/etc/xdg'), ('XDG_DATA_DIRS', '/usr/share/ubuntu:/usr/local/share/:/usr/share/:/var/lib/snapd/desktop'), ('PYTHONPATH', '/opt/ros/humble/lib/python3.10/site-packages:/opt/ros/humble/local/lib/python3.10/dist-packages'), ('COLCON', '1'), ('VTE_VERSION', '6800')]), 'shell': False}
[5.295797] (ydlidar_sdk) StdoutLine: {'line': b'-- Install configuration: ""\n'}
[5.295954] (ydlidar_sdk) StdoutLine: {'line': b'-- Installing: /home/ryo/ros2_ws/install/ydlidar_sdk/include/core/base/datatype.h\n'}
[5.296107] (ydlidar_sdk) StdoutLine: {'line': b'-- Installing: /home/ryo/ros2_ws/install/ydlidar_sdk/include/core/base/locker.h\n'}
[5.296227] (ydlidar_sdk) StdoutLine: {'line': b'-- Installing: /home/ryo/ros2_ws/install/ydlidar_sdk/include/core/base/thread.h\n'}
[5.296305] (ydlidar_sdk) StdoutLine: {'line': b'-- Installing: /home/ryo/ros2_ws/install/ydlidar_sdk/include/core/base/timer.h\n'}
[5.296415] (ydlidar_sdk) StdoutLine: {'line': b'-- Installing: /home/ryo/ros2_ws/install/ydlidar_sdk/include/core/base/typedef.h\n'}
[5.296526] (ydlidar_sdk) StdoutLine: {'line': b'-- Installing: /home/ryo/ros2_ws/install/ydlidar_sdk/include/core/base/utils.h\n'}
[5.296638] (ydlidar_sdk) StdoutLine: {'line': b'-- Installing: /home/ryo/ros2_ws/install/ydlidar_sdk/include/core/base/v8stdint.h\n'}
[5.296753] (ydlidar_sdk) StdoutLine: {'line': b'-- Installing: /home/ryo/ros2_ws/install/ydlidar_sdk/include/core/base/ydlidar.h\n'}
[5.296898] (ydlidar_sdk) StdoutLine: {'line': b'-- Installing: /home/ryo/ros2_ws/install/ydlidar_sdk/include/core/common/ChannelDevice.h\n'}
[5.297042] (ydlidar_sdk) StdoutLine: {'line': b'-- Installing: /home/ryo/ros2_ws/install/ydlidar_sdk/include/core/common/DriverInterface.h\n'}
[5.297210] (ydlidar_sdk) StdoutLine: {'line': b'-- Installing: /home/ryo/ros2_ws/install/ydlidar_sdk/include/core/common/ydlidar_datatype.h\n'}
[5.297308] (ydlidar_sdk) StdoutLine: {'line': b'-- Installing: /home/ryo/ros2_ws/install/ydlidar_sdk/include/core/common/ydlidar_def.h\n'}
[5.297419] (ydlidar_sdk) StdoutLine: {'line': b'-- Installing: /home/ryo/ros2_ws/install/ydlidar_sdk/include/core/common/ydlidar_help.h\n'}
[5.297550] (ydlidar_sdk) StdoutLine: {'line': b'-- Installing: /home/ryo/ros2_ws/install/ydlidar_sdk/include/core/common/ydlidar_protocol.h\n'}
[5.297694] (ydlidar_sdk) StdoutLine: {'line': b'-- Installing: /home/ryo/ros2_ws/install/ydlidar_sdk/include/core/math/angles.h\n'}
[5.297833] (ydlidar_sdk) StdoutLine: {'line': b'-- Installing: /home/ryo/ros2_ws/install/ydlidar_sdk/include/core/network/ActiveSocket.h\n'}
[5.297911] (ydlidar_sdk) StdoutLine: {'line': b'-- Installing: /home/ryo/ros2_ws/install/ydlidar_sdk/include/core/network/PassiveSocket.h\n'}
[5.298024] (ydlidar_sdk) StdoutLine: {'line': b'-- Installing: /home/ryo/ros2_ws/install/ydlidar_sdk/include/core/network/SimpleSocket.h\n'}
[5.298144] (ydlidar_sdk) StdoutLine: {'line': b'-- Installing: /home/ryo/ros2_ws/install/ydlidar_sdk/include/core/network/StatTimer.h\n'}
[5.298280] (ydlidar_sdk) StdoutLine: {'line': b'-- Installing: /home/ryo/ros2_ws/install/ydlidar_sdk/include/core/serial/common.h\n'}
[5.298414] (ydlidar_sdk) StdoutLine: {'line': b'-- Installing: /home/ryo/ros2_ws/install/ydlidar_sdk/include/core/serial/serial.h\n'}
[5.298574] (ydlidar_sdk) StdoutLine: {'line': b'-- Installing: /home/ryo/ros2_ws/install/ydlidar_sdk/include/core/serial/impl/unix/lock.h\n'}
[5.298685] (ydlidar_sdk) StdoutLine: {'line': b'-- Installing: /home/ryo/ros2_ws/install/ydlidar_sdk/include/core/serial/impl/unix/unix.h\n'}
[5.298789] (ydlidar_sdk) StdoutLine: {'line': b'-- Installing: /home/ryo/ros2_ws/install/ydlidar_sdk/include/core/serial/impl/unix/unix_serial.h\n'}
[5.298925] (ydlidar_sdk) StdoutLine: {'line': b'-- Installing: /home/ryo/ros2_ws/install/ydlidar_sdk/include/src/CYdLidar.h\n'}
[5.299016] (ydlidar_sdk) StdoutLine: {'line': b'-- Installing: /home/ryo/ros2_ws/install/ydlidar_sdk/include/src/DTSLidarDriver.h\n'}
[5.299150] (ydlidar_sdk) StdoutLine: {'line': b'-- Installing: /home/ryo/ros2_ws/install/ydlidar_sdk/include/src/ETLidarDriver.h\n'}
[5.299228] (ydlidar_sdk) StdoutLine: {'line': b'-- Installing: /home/ryo/ros2_ws/install/ydlidar_sdk/include/src/GSLidarDriver.h\n'}
[5.299342] (ydlidar_sdk) StdoutLine: {'line': b'-- Installing: /home/ryo/ros2_ws/install/ydlidar_sdk/include/src/SDMLidarDriver.h\n'}
[5.299451] (ydlidar_sdk) StdoutLine: {'line': b'-- Installing: /home/ryo/ros2_ws/install/ydlidar_sdk/include/src/YDlidarDriver.h\n'}
[5.299566] (ydlidar_sdk) StdoutLine: {'line': b'-- Installing: /home/ryo/ros2_ws/install/ydlidar_sdk/include/src/ydlidar_sdk.h\n'}
[5.299697] (ydlidar_sdk) StdoutLine: {'line': b'-- Installing: /home/ryo/ros2_ws/install/ydlidar_sdk/include/src/filters/FilterInterface.h\n'}
[5.299799] (ydlidar_sdk) StdoutLine: {'line': b'-- Installing: /home/ryo/ros2_ws/install/ydlidar_sdk/include/src/filters/NoiseFilter.h\n'}
[5.299901] (ydlidar_sdk) StdoutLine: {'line': b'-- Installing: /home/ryo/ros2_ws/install/ydlidar_sdk/include/src/filters/StrongLightFilter.h\n'}
[5.300009] (ydlidar_sdk) StdoutLine: {'line': b'-- Installing: /home/ryo/ros2_ws/install/ydlidar_sdk/include/ydlidar_config.h\n'}
[5.300138] (ydlidar_sdk) StdoutLine: {'line': b'-- Installing: /home/ryo/ros2_ws/install/ydlidar_sdk/lib/libydlidar_sdk.a\n'}
[5.301764] (ydlidar_sdk) StdoutLine: {'line': b'-- Installing: /home/ryo/ros2_ws/install/ydlidar_sdk/lib/pkgconfig/YDLIDAR_SDK.pc\n'}
[5.301903] (ydlidar_sdk) StdoutLine: {'line': b'-- Installing: /home/ryo/ros2_ws/install/ydlidar_sdk/lib/cmake/ydlidar_sdk/ydlidar_sdkConfig.cmake\n'}
[5.301982] (ydlidar_sdk) StdoutLine: {'line': b'-- Installing: /home/ryo/ros2_ws/install/ydlidar_sdk/lib/cmake/ydlidar_sdk/ydlidar_sdkTargets.cmake\n'}
[5.302214] (ydlidar_sdk) StdoutLine: {'line': b'-- Installing: /home/ryo/ros2_ws/install/ydlidar_sdk/lib/cmake/ydlidar_sdk/ydlidar_sdkConfigVersion.cmake\n'}
[5.302342] (ydlidar_sdk) StdoutLine: {'line': b'-- Installing: /home/ryo/ros2_ws/install/ydlidar_sdk/share/YDLIDAR_SDK/FindYDLIDAR_SDK.cmake\n'}
[5.302443] (ydlidar_sdk) StdoutLine: {'line': b'-- Up-to-date: /home/ryo/ros2_ws/install/ydlidar_sdk/share/YDLIDAR_SDK\n'}
[5.302520] (ydlidar_sdk) StdoutLine: {'line': b'-- Installing: /home/ryo/ros2_ws/install/ydlidar_sdk/share/YDLIDAR_SDK/PackageConfigVersion.cmake.in\n'}
[5.302598] (ydlidar_sdk) StdoutLine: {'line': b'-- Installing: /home/ryo/ros2_ws/install/ydlidar_sdk/share/YDLIDAR_SDK/script_show_final_summary.cmake\n'}
[5.302681] (ydlidar_sdk) StdoutLine: {'line': b'-- Installing: /home/ryo/ros2_ws/install/ydlidar_sdk/share/YDLIDAR_SDK/common\n'}
[5.302738] (ydlidar_sdk) StdoutLine: {'line': b'-- Installing: /home/ryo/ros2_ws/install/ydlidar_sdk/share/YDLIDAR_SDK/common/ydlidar_base.cmake\n'}
[5.302811] (ydlidar_sdk) StdoutLine: {'line': b'-- Installing: /home/ryo/ros2_ws/install/ydlidar_sdk/share/YDLIDAR_SDK/common/ydlidar_parse.cmake\n'}
[5.302882] (ydlidar_sdk) StdoutLine: {'line': b'-- Installing: /home/ryo/ros2_ws/install/ydlidar_sdk/share/YDLIDAR_SDK/FindPackage.cmake.in\n'}
[5.302956] (ydlidar_sdk) StdoutLine: {'line': b'-- Installing: /home/ryo/ros2_ws/install/ydlidar_sdk/share/YDLIDAR_SDK/PkgConfig.pc.in\n'}
[5.303034] (ydlidar_sdk) StdoutLine: {'line': b'-- Installing: /home/ryo/ros2_ws/install/ydlidar_sdk/share/YDLIDAR_SDK/install_package.cmake\n'}
[5.303104] (ydlidar_sdk) StdoutLine: {'line': b'-- Installing: /home/ryo/ros2_ws/install/ydlidar_sdk/share/YDLIDAR_SDK/cmake_uninstall.cmake.in\n'}
[5.303180] (ydlidar_sdk) StdoutLine: {'line': b'-- Installing: /home/ryo/ros2_ws/install/ydlidar_sdk/share/YDLIDAR_SDK/PackageConfig.cmake.in\n'}
[5.303252] (ydlidar_sdk) StdoutLine: {'line': b'-- Installing: /home/ryo/ros2_ws/install/ydlidar_sdk/share/YDLIDAR_SDK/LICENSE.txt\n'}
[5.303328] (ydlidar_sdk) StdoutLine: {'line': b'-- Installing: /home/ryo/ros2_ws/install/ydlidar_sdk/share/YDLIDAR_SDK/README.md\n'}
[5.303425] (ydlidar_sdk) StdoutLine: {'line': b'-- Installing: /home/ryo/ros2_ws/install/ydlidar_sdk/share/YDLIDAR_SDK/doc\n'}
[5.303498] (ydlidar_sdk) StdoutLine: {'line': b'-- Installing: /home/ryo/ros2_ws/install/ydlidar_sdk/share/YDLIDAR_SDK/doc/YDLIDAR_SDK_API_for_Developers.md\n'}
[5.303593] (ydlidar_sdk) StdoutLine: {'line': b'-- Installing: /home/ryo/ros2_ws/install/ydlidar_sdk/share/YDLIDAR_SDK/doc/howto\n'}
[5.303668] (ydlidar_sdk) StdoutLine: {'line': b'-- Installing: /home/ryo/ros2_ws/install/ydlidar_sdk/share/YDLIDAR_SDK/doc/howto/how_to_create_a_pull.md\n'}
[5.303744] (ydlidar_sdk) StdoutLine: {'line': b'-- Installing: /home/ryo/ros2_ws/install/ydlidar_sdk/share/YDLIDAR_SDK/doc/howto/images\n'}
[5.303817] (ydlidar_sdk) StdoutLine: {'line': b'-- Installing: /home/ryo/ros2_ws/install/ydlidar_sdk/share/YDLIDAR_SDK/doc/howto/images/ttyUSB1.png\n'}
[5.303927] (ydlidar_sdk) StdoutLine: {'line': b'-- Installing: /home/ryo/ros2_ws/install/ydlidar_sdk/share/YDLIDAR_SDK/doc/howto/images/cpack.png\n'}
[5.304064] (ydlidar_sdk) StdoutLine: {'line': b'-- Installing: /home/ryo/ros2_ws/install/ydlidar_sdk/share/YDLIDAR_SDK/doc/howto/images/sequence.png\n'}
[5.304165] (ydlidar_sdk) StdoutLine: {'line': b'-- Installing: /home/ryo/ros2_ws/install/ydlidar_sdk/share/YDLIDAR_SDK/doc/howto/images/sdk_init.png\n'}
[5.304256] (ydlidar_sdk) StdoutLine: {'line': b'-- Installing: /home/ryo/ros2_ws/install/ydlidar_sdk/share/YDLIDAR_SDK/doc/howto/images/ttyUSB0.png\n'}
[5.304361] (ydlidar_sdk) StdoutLine: {'line': b'-- Installing: /home/ryo/ros2_ws/install/ydlidar_sdk/share/YDLIDAR_SDK/doc/howto/images/csharp_build.png\n'}
[5.304469] (ydlidar_sdk) StdoutLine: {'line': b'-- Installing: /home/ryo/ros2_ws/install/ydlidar_sdk/share/YDLIDAR_SDK/doc/howto/images/vscode\n'}
[5.304540] (ydlidar_sdk) StdoutLine: {'line': b'-- Installing: /home/ryo/ros2_ws/install/ydlidar_sdk/share/YDLIDAR_SDK/doc/howto/images/vscode/tasks.png\n'}
[5.305094] (ydlidar_sdk) StdoutLine: {'line': b'-- Installing: /home/ryo/ros2_ws/install/ydlidar_sdk/share/YDLIDAR_SDK/doc/howto/images/vscode/run_tasks.jpg\n'}
[5.305735] (ydlidar_sdk) StdoutLine: {'line': b'-- Installing: /home/ryo/ros2_ws/install/ydlidar_sdk/share/YDLIDAR_SDK/doc/howto/images/csharp_project.png\n'}
[5.305849] (ydlidar_sdk) StdoutLine: {'line': b'-- Installing: /home/ryo/ros2_ws/install/ydlidar_sdk/share/YDLIDAR_SDK/doc/howto/images/ydlidar_lidar_monitor.png\n'}
[5.306080] (ydlidar_sdk) StdoutLine: {'line': b'-- Installing: /home/ryo/ros2_ws/install/ydlidar_sdk/share/YDLIDAR_SDK/doc/howto/images/sdk_scanning.png\n'}
[5.306195] (ydlidar_sdk) StdoutLine: {'line': b'-- Installing: /home/ryo/ros2_ws/install/ydlidar_sdk/share/YDLIDAR_SDK/doc/howto/images/csharp_running.png\n'}
[5.306315] (ydlidar_sdk) StdoutLine: {'line': b'-- Installing: /home/ryo/ros2_ws/install/ydlidar_sdk/share/YDLIDAR_SDK/doc/howto/images/csharp_library.png\n'}
[5.306411] (ydlidar_sdk) StdoutLine: {'line': b'-- Installing: /home/ryo/ros2_ws/install/ydlidar_sdk/share/YDLIDAR_SDK/doc/howto/images/csharp_exception.png\n'}
[5.306551] (ydlidar_sdk) StdoutLine: {'line': b'-- Installing: /home/ryo/ros2_ws/install/ydlidar_sdk/share/YDLIDAR_SDK/doc/howto/README.md\n'}
[5.306630] (ydlidar_sdk) StdoutLine: {'line': b'-- Installing: /home/ryo/ros2_ws/install/ydlidar_sdk/share/YDLIDAR_SDK/doc/howto/how_to_build_and_debug_using_vscode.md\n'}
[5.306703] (ydlidar_sdk) StdoutLine: {'line': b'-- Installing: /home/ryo/ros2_ws/install/ydlidar_sdk/share/YDLIDAR_SDK/doc/howto/how_to_create_a_udev_rules.md\n'}
[5.306776] (ydlidar_sdk) StdoutLine: {'line': b'-- Installing: /home/ryo/ros2_ws/install/ydlidar_sdk/share/YDLIDAR_SDK/doc/howto/how_to_build_and_install.md\n'}
[5.306850] (ydlidar_sdk) StdoutLine: {'line': b'-- Installing: /home/ryo/ros2_ws/install/ydlidar_sdk/share/YDLIDAR_SDK/doc/howto/how_to_create_a_csharp_project.md\n'}
[5.306923] (ydlidar_sdk) StdoutLine: {'line': b'-- Installing: /home/ryo/ros2_ws/install/ydlidar_sdk/share/YDLIDAR_SDK/doc/howto/how_to_gerenrate_vs_project_by_cmake.md\n'}
[5.306999] (ydlidar_sdk) StdoutLine: {'line': b'-- Installing: /home/ryo/ros2_ws/install/ydlidar_sdk/share/YDLIDAR_SDK/doc/howto/how_to_solve_slow_pull_from_cn.md\n'}
[5.307078] (ydlidar_sdk) StdoutLine: {'line': b'-- Installing: /home/ryo/ros2_ws/install/ydlidar_sdk/share/YDLIDAR_SDK/doc/images\n'}
[5.307152] (ydlidar_sdk) StdoutLine: {'line': b'-- Installing: /home/ryo/ros2_ws/install/ydlidar_sdk/share/YDLIDAR_SDK/doc/images/frame.png\n'}
[5.307251] (ydlidar_sdk) StdoutLine: {'line': b'-- Installing: /home/ryo/ros2_ws/install/ydlidar_sdk/share/YDLIDAR_SDK/doc/images/communication_mechanism.png\n'}
[5.307390] (ydlidar_sdk) StdoutLine: {'line': b'-- Installing: /home/ryo/ros2_ws/install/ydlidar_sdk/share/YDLIDAR_SDK/doc/images/system_workflow.png\n'}
[5.307574] (ydlidar_sdk) StdoutLine: {'line': b'-- Installing: /home/ryo/ros2_ws/install/ydlidar_sdk/share/YDLIDAR_SDK/doc/images/angle_q2.png\n'}
[5.307657] (ydlidar_sdk) StdoutLine: {'line': b'-- Installing: /home/ryo/ros2_ws/install/ydlidar_sdk/share/YDLIDAR_SDK/doc/images/YDLidar.jpg\n'}
[5.307752] (ydlidar_sdk) StdoutLine: {'line': b'-- Installing: /home/ryo/ros2_ws/install/ydlidar_sdk/share/YDLIDAR_SDK/doc/images/sdk_architecture.png\n'}
[5.307837] (ydlidar_sdk) StdoutLine: {'line': b'-- Installing: /home/ryo/ros2_ws/install/ydlidar_sdk/share/YDLIDAR_SDK/doc/images/sequence.png\n'}
[5.307937] (ydlidar_sdk) StdoutLine: {'line': b'-- Installing: /home/ryo/ros2_ws/install/ydlidar_sdk/share/YDLIDAR_SDK/doc/images/sdk_init.png\n'}
[5.308025] (ydlidar_sdk) StdoutLine: {'line': b'-- Installing: /home/ryo/ros2_ws/install/ydlidar_sdk/share/YDLIDAR_SDK/doc/images/FlowChart.png\n'}
[5.308135] (ydlidar_sdk) StdoutLine: {'line': b'-- Installing: /home/ryo/ros2_ws/install/ydlidar_sdk/share/YDLIDAR_SDK/doc/images/EAI.png\n'}
[5.308544] (ydlidar_sdk) StdoutLine: {'line': b'-- Installing: /home/ryo/ros2_ws/install/ydlidar_sdk/share/YDLIDAR_SDK/doc/images/sdk_scanning.png\n'}
[5.308660] (ydlidar_sdk) StdoutLine: {'line': b'-- Installing: /home/ryo/ros2_ws/install/ydlidar_sdk/share/YDLIDAR_SDK/doc/images/frame_intensity.png\n'}
[5.308781] (ydlidar_sdk) StdoutLine: {'line': b'-- Installing: /home/ryo/ros2_ws/install/ydlidar_sdk/share/YDLIDAR_SDK/doc/images/YDLidar.png\n'}
[5.308854] (ydlidar_sdk) StdoutLine: {'line': b'-- Installing: /home/ryo/ros2_ws/install/ydlidar_sdk/share/YDLIDAR_SDK/doc/README.md\n'}
[5.308926] (ydlidar_sdk) StdoutLine: {'line': b'-- Installing: /home/ryo/ros2_ws/install/ydlidar_sdk/share/YDLIDAR_SDK/doc/YDLidar-SDK-Communication-Protocol.md\n'}
[5.309039] (ydlidar_sdk) StdoutLine: {'line': b'-- Installing: /home/ryo/ros2_ws/install/ydlidar_sdk/share/YDLIDAR_SDK/doc/YDLidar-SDK-Communication-Protocol.html\n'}
[5.309168] (ydlidar_sdk) StdoutLine: {'line': b'-- Installing: /home/ryo/ros2_ws/install/ydlidar_sdk/share/YDLIDAR_SDK/doc/Dataset.md\n'}
[5.309264] (ydlidar_sdk) StdoutLine: {'line': b'-- Installing: /home/ryo/ros2_ws/install/ydlidar_sdk/share/YDLIDAR_SDK/doc/tutorials\n'}
[5.309351] (ydlidar_sdk) StdoutLine: {'line': b'-- Installing: /home/ryo/ros2_ws/install/ydlidar_sdk/share/YDLIDAR_SDK/doc/tutorials/writing_lidar_tutorial_c++.md\n'}
[5.309432] (ydlidar_sdk) StdoutLine: {'line': b'-- Installing: /home/ryo/ros2_ws/install/ydlidar_sdk/share/YDLIDAR_SDK/doc/tutorials/writing_lidar_tutorial_python.md\n'}
[5.309517] (ydlidar_sdk) StdoutLine: {'line': b'-- Installing: /home/ryo/ros2_ws/install/ydlidar_sdk/share/YDLIDAR_SDK/doc/tutorials/examine_the_simple_lidar_tutorial.md\n'}
[5.309604] (ydlidar_sdk) StdoutLine: {'line': b'-- Installing: /home/ryo/ros2_ws/install/ydlidar_sdk/share/YDLIDAR_SDK/doc/tutorials/writing_lidar_network_adapter_tutorial_c++.md\n'}
[5.309663] (ydlidar_sdk) StdoutLine: {'line': b'-- Installing: /home/ryo/ros2_ws/install/ydlidar_sdk/share/YDLIDAR_SDK/doc/tutorials/writing_lidar_tutorial_c.md\n'}
[5.309744] (ydlidar_sdk) StdoutLine: {'line': b'-- Installing: /home/ryo/ros2_ws/install/ydlidar_sdk/share/YDLIDAR_SDK/doc/Tutorials.md\n'}
[5.309822] (ydlidar_sdk) StdoutLine: {'line': b'-- Installing: /home/ryo/ros2_ws/install/ydlidar_sdk/share/YDLIDAR_SDK/doc/SDK.pdf\n'}
[5.311008] (ydlidar_sdk) StdoutLine: {'line': b'-- Installing: /home/ryo/ros2_ws/install/ydlidar_sdk/share/YDLIDAR_SDK/doc/YDLidar_SDK_Communication_Protocol.pdf\n'}
[5.311478] (ydlidar_sdk) StdoutLine: {'line': b'-- Installing: /home/ryo/ros2_ws/install/ydlidar_sdk/share/YDLIDAR_SDK/doc/FAQs\n'}
[5.311556] (ydlidar_sdk) StdoutLine: {'line': b'-- Installing: /home/ryo/ros2_ws/install/ydlidar_sdk/share/YDLIDAR_SDK/doc/FAQs/General_FAQs_cn.md\n'}
[5.311632] (ydlidar_sdk) StdoutLine: {'line': b'-- Installing: /home/ryo/ros2_ws/install/ydlidar_sdk/share/YDLIDAR_SDK/doc/FAQs/README.md\n'}
[5.311705] (ydlidar_sdk) StdoutLine: {'line': b'-- Installing: /home/ryo/ros2_ws/install/ydlidar_sdk/share/YDLIDAR_SDK/doc/FAQs/Software_FAQs_cn.md\n'}
[5.311786] (ydlidar_sdk) StdoutLine: {'line': b'-- Installing: /home/ryo/ros2_ws/install/ydlidar_sdk/share/YDLIDAR_SDK/doc/FAQs/Software_FAQs.md\n'}
[5.311868] (ydlidar_sdk) StdoutLine: {'line': b'-- Installing: /home/ryo/ros2_ws/install/ydlidar_sdk/share/YDLIDAR_SDK/doc/FAQs/General_FAQs.md\n'}
[5.311951] (ydlidar_sdk) StdoutLine: {'line': b'-- Installing: /home/ryo/ros2_ws/install/ydlidar_sdk/share/YDLIDAR_SDK/doc/FAQs/Hardware_FAQs.md\n'}
[5.312016] (ydlidar_sdk) StdoutLine: {'line': b'-- Installing: /home/ryo/ros2_ws/install/ydlidar_sdk/share/YDLIDAR_SDK/doc/FAQs/Hardware_FAQs_cn.md\n'}
[5.312088] (ydlidar_sdk) StdoutLine: {'line': b'-- Installing: /home/ryo/ros2_ws/install/ydlidar_sdk/share/YDLIDAR_SDK/doc/YDLidar-SDK-Communication-Protocol.pdf\n'}
[5.312331] (ydlidar_sdk) StdoutLine: {'line': b'-- Installing: /home/ryo/ros2_ws/install/ydlidar_sdk/share/YDLIDAR_SDK/doc/Diagram.md\n'}
[5.312406] (ydlidar_sdk) StdoutLine: {'line': b'-- Installing: /home/ryo/ros2_ws/install/ydlidar_sdk/share/YDLIDAR_SDK/doc/quickstart\n'}
[5.312483] (ydlidar_sdk) StdoutLine: {'line': b'-- Installing: /home/ryo/ros2_ws/install/ydlidar_sdk/share/YDLIDAR_SDK/doc/quickstart/README.md\n'}
[5.312557] (ydlidar_sdk) StdoutLine: {'line': b'-- Installing: /home/ryo/ros2_ws/install/ydlidar_sdk/share/YDLIDAR_SDK/doc/quickstart/ydlidar_sdk_software_installation_guide.md\n'}
[5.312679] (ydlidar_sdk) StdoutLine: {'line': b'-- Installing: /home/ryo/ros2_ws/install/ydlidar_sdk/startup/initenv.sh\n'}
[5.313919] (ydlidar_sdk) StdoutLine: {'line': b'-- Installing: /home/ryo/ros2_ws/install/ydlidar_sdk/bin/et_test\n'}
[5.314530] (ydlidar_sdk) StdoutLine: {'line': b'-- Installing: /home/ryo/ros2_ws/install/ydlidar_sdk/bin/gs_ota\n'}
[5.315123] (ydlidar_sdk) StdoutLine: {'line': b'-- Installing: /home/ryo/ros2_ws/install/ydlidar_sdk/bin/gs_test\n'}
[5.315748] (ydlidar_sdk) StdoutLine: {'line': b'-- Installing: /home/ryo/ros2_ws/install/ydlidar_sdk/bin/gs_test2\n'}
[5.316349] (ydlidar_sdk) StdoutLine: {'line': b'-- Installing: /home/ryo/ros2_ws/install/ydlidar_sdk/bin/scl_test\n'}
[5.316971] (ydlidar_sdk) StdoutLine: {'line': b'-- Installing: /home/ryo/ros2_ws/install/ydlidar_sdk/bin/sdm18_test\n'}
[5.317562] (ydlidar_sdk) StdoutLine: {'line': b'-- Installing: /home/ryo/ros2_ws/install/ydlidar_sdk/bin/sdm_test\n'}
[5.318182] (ydlidar_sdk) StdoutLine: {'line': b'-- Installing: /home/ryo/ros2_ws/install/ydlidar_sdk/bin/tea_test\n'}
[5.318829] (ydlidar_sdk) StdoutLine: {'line': b'-- Installing: /home/ryo/ros2_ws/install/ydlidar_sdk/bin/tmini_test\n'}
[5.319430] (ydlidar_sdk) StdoutLine: {'line': b'-- Installing: /home/ryo/ros2_ws/install/ydlidar_sdk/bin/tof_test\n'}
[5.320090] (ydlidar_sdk) StdoutLine: {'line': b'-- Installing: /home/ryo/ros2_ws/install/ydlidar_sdk/bin/tri_and_gs_test\n'}
[5.320696] (ydlidar_sdk) StdoutLine: {'line': b'-- Installing: /home/ryo/ros2_ws/install/ydlidar_sdk/bin/tri_restart\n'}
[5.321303] (ydlidar_sdk) StdoutLine: {'line': b'-- Installing: /home/ryo/ros2_ws/install/ydlidar_sdk/bin/tri_test\n'}
[5.321902] (ydlidar_sdk) StdoutLine: {'line': b'-- Installing: /home/ryo/ros2_ws/install/ydlidar_sdk/bin/lidar_c_api_test\n'}
[5.322729] (ydlidar_sdk) StdoutLine: {'line': b'-- Installing: /home/ryo/ros2_ws/install/ydlidar_sdk/lib/python3/dist-packages/_ydlidar.so\n'}
[5.323775] (ydlidar_sdk) StdoutLine: {'line': b'-- Installing: /home/ryo/ros2_ws/install/ydlidar_sdk/lib/python3/dist-packages/ydlidar.py\n'}
[5.324047] (ydlidar_sdk) StdoutLine: {'line': b'-- Installing: /home/ryo/ros2_ws/install/ydlidar_sdk/bin/etlidar_test.py\n'}
[5.324158] (ydlidar_sdk) StdoutLine: {'line': b'-- Installing: /home/ryo/ros2_ws/install/ydlidar_sdk/bin/gs_test.py\n'}
[5.324260] (ydlidar_sdk) StdoutLine: {'line': b'-- Installing: /home/ryo/ros2_ws/install/ydlidar_sdk/bin/plot_tof_test.py\n'}
[5.324362] (ydlidar_sdk) StdoutLine: {'line': b'-- Installing: /home/ryo/ros2_ws/install/ydlidar_sdk/bin/plot_ydlidar_test.py\n'}
[5.324464] (ydlidar_sdk) StdoutLine: {'line': b'-- Installing: /home/ryo/ros2_ws/install/ydlidar_sdk/bin/tea_test.py\n'}
[5.324564] (ydlidar_sdk) StdoutLine: {'line': b'-- Installing: /home/ryo/ros2_ws/install/ydlidar_sdk/bin/test.py\n'}
[5.324664] (ydlidar_sdk) StdoutLine: {'line': b'-- Installing: /home/ryo/ros2_ws/install/ydlidar_sdk/bin/tminiplus_test.py\n'}
[5.324766] (ydlidar_sdk) StdoutLine: {'line': b'-- Installing: /home/ryo/ros2_ws/install/ydlidar_sdk/bin/tof_test.py\n'}
[5.324865] (ydlidar_sdk) StdoutLine: {'line': b'-- Installing: /home/ryo/ros2_ws/install/ydlidar_sdk/bin/tri_test.py\n'}
[5.326519] (ydlidar_sdk) CommandEnded: {'returncode': 0}
[5.335815] (-) TimerEvent: {}
[5.339195] (ydlidar_sdk) JobEnded: {'identifier': 'ydlidar_sdk', 'rc': 0}
[5.435982] (-) TimerEvent: {}
[5.536344] (-) TimerEvent: {}
[5.636668] (-) TimerEvent: {}
[5.736970] (-) TimerEvent: {}
[5.837307] (-) TimerEvent: {}
[5.937662] (-) TimerEvent: {}
[6.038024] (-) TimerEvent: {}
[6.138364] (-) TimerEvent: {}
[6.238737] (-) TimerEvent: {}
[6.339076] (-) TimerEvent: {}
[6.439417] (-) TimerEvent: {}
[6.539756] (-) TimerEvent: {}
[6.640083] (-) TimerEvent: {}
[6.740414] (-) TimerEvent: {}
[6.840737] (-) TimerEvent: {}
[6.941065] (-) TimerEvent: {}
[7.041424] (-) TimerEvent: {}
[7.141774] (-) TimerEvent: {}
[7.242114] (-) TimerEvent: {}
[7.342448] (-) TimerEvent: {}
[7.442755] (-) TimerEvent: {}
[7.543064] (-) TimerEvent: {}
[7.643403] (-) TimerEvent: {}
[7.743745] (-) TimerEvent: {}
[7.844081] (-) TimerEvent: {}
[7.944407] (-) TimerEvent: {}
[8.044714] (-) TimerEvent: {}
[8.055763] (ydlidar_ros2_driver) StdoutLine: {'line': b'[ 75%] \x1b[32m\x1b[1mLinking CXX executable ydlidar_ros2_driver_node\x1b[0m\n'}
[8.144870] (-) TimerEvent: {}
[8.245166] (-) TimerEvent: {}
[8.315152] (ydlidar_ros2_driver) StdoutLine: {'line': b'[ 75%] Built target ydlidar_ros2_driver_node\n'}
[8.345286] (-) TimerEvent: {}
[8.445567] (-) TimerEvent: {}
[8.545882] (-) TimerEvent: {}
[8.646195] (-) TimerEvent: {}
[8.746505] (-) TimerEvent: {}
[8.846818] (-) TimerEvent: {}
[8.947123] (-) TimerEvent: {}
[9.047432] (-) TimerEvent: {}
[9.147743] (-) TimerEvent: {}
[9.248050] (-) TimerEvent: {}
[9.348360] (-) TimerEvent: {}
[9.448674] (-) TimerEvent: {}
[9.548990] (-) TimerEvent: {}
[9.649303] (-) TimerEvent: {}
[9.749619] (-) TimerEvent: {}
[9.849948] (-) TimerEvent: {}
[9.950296] (-) TimerEvent: {}
[10.050645] (-) TimerEvent: {}
[10.151027] (-) TimerEvent: {}
[10.227122] (ydlidar_ros2_driver) StdoutLine: {'line': b'[100%] \x1b[32m\x1b[1mLinking CXX executable ydlidar_ros2_driver_client\x1b[0m\n'}
[10.251172] (-) TimerEvent: {}
[10.351502] (-) TimerEvent: {}
[10.451818] (-) TimerEvent: {}
[10.549521] (ydlidar_ros2_driver) StdoutLine: {'line': b'[100%] Built target ydlidar_ros2_driver_client\n'}
[10.551919] (-) TimerEvent: {}
[10.558455] (ydlidar_ros2_driver) CommandEnded: {'returncode': 0}
[10.579014] (ydlidar_ros2_driver) JobProgress: {'identifier': 'ydlidar_ros2_driver', 'progress': 'install'}
[10.579371] (ydlidar_ros2_driver) Command: {'cmd': ['/usr/bin/cmake', '--install', '/home/ryo/ros2_ws/build/ydlidar_ros2_driver'], 'cwd': '/home/ryo/ros2_ws/build/ydlidar_ros2_driver', 'env': OrderedDict([('LESSOPEN', '| /usr/bin/lesspipe %s'), ('USER', 'ryo'), ('XDG_SESSION_TYPE', 'wayland'), ('SHLVL', '1'), ('LD_LIBRARY_PATH', '/opt/ros/humble/opt/rviz_ogre_vendor/lib:/opt/ros/humble/lib/x86_64-linux-gnu:/opt/ros/humble/lib'), ('HOME', '/home/ryo'), ('OLDPWD', '/home/ryo/デスクトップ'), ('DESKTOP_SESSION', 'ubuntu'), ('ROS_PYTHON_VERSION', '3'), ('GNOME_SHELL_SESSION_MODE', 'ubuntu'), ('GTK_MODULES', 'gail:atk-bridge'), ('SYSTEMD_EXEC_PID', '1193'), ('DBUS_SESSION_BUS_ADDRESS', 'unix:path=/run/user/1000/bus'), ('COLORTERM', 'truecolor'), ('IM_CONFIG_PHASE', '1'), ('WAYLAND_DISPLAY', 'wayland-0'), ('COLCON_PREFIX_PATH', '/home/ryo/ros2_ws/install'), ('ROS_DISTRO', 'humble'), ('LOGNAME', 'ryo'), ('_', '/usr/bin/colcon'), ('ROS_VERSION', '2'), ('XDG_SESSION_CLASS', 'user'), ('USERNAME', 'ryo'), ('TERM', 'xterm-256color'), ('GNOME_DESKTOP_SESSION_ID', 'this-is-deprecated'), ('ROS_LOCALHOST_ONLY', '0'), ('PATH', '/opt/ros/humble/bin:/usr/local/sbin:/usr/local/bin:/usr/sbin:/usr/bin:/sbin:/bin:/usr/games:/usr/local/games:/snap/bin:/snap/bin'), ('SESSION_MANAGER', 'local/ryo-Prestige-14-A10SC:@/tmp/.ICE-unix/1160,unix/ryo-Prestige-14-A10SC:/tmp/.ICE-unix/1160'), ('XDG_MENU_PREFIX', 'gnome-'), ('GNOME_TERMINAL_SCREEN', '/org/gnome/Terminal/screen/756e76e2_95e1_4b20_b08e_bb051e198a39'), ('GNOME_SETUP_DISPLAY', ':1'), ('XDG_RUNTIME_DIR', '/run/user/1000'), ('DISPLAY', ':0'), ('LANG', 'ja_JP.UTF-8'), ('XDG_CURRENT_DESKTOP', 'ubuntu:GNOME'), ('XMODIFIERS', '@im=ibus'), ('XDG_SESSION_DESKTOP', 'ubuntu'), ('XAUTHORITY', '/run/user/1000/.mutter-Xwaylandauth.WD60V2'), ('LS_COLORS', 'rs=0:di=01;34:ln=01;36:mh=00:pi=40;33:so=01;35:do=01;35:bd=40;33;01:cd=40;33;01:or=40;31;01:mi=00:su=37;41:sg=30;43:ca=30;41:tw=30;42:ow=34;42:st=37;44:ex=01;32:*.tar=01;31:*.tgz=01;31:*.arc=01;31:*.arj=01;31:*.taz=01;31:*.lha=01;31:*.lz4=01;31:*.lzh=01;31:*.lzma=01;31:*.tlz=01;31:*.txz=01;31:*.tzo=01;31:*.t7z=01;31:*.zip=01;31:*.z=01;31:*.dz=01;31:*.gz=01;31:*.lrz=01;31:*.lz=01;31:*.lzo=01;31:*.xz=01;31:*.zst=01;31:*.tzst=01;31:*.bz2=01;31:*.bz=01;31:*.tbz=01;31:*.tbz2=01;31:*.tz=01;31:*.deb=01;31:*.rpm=01;31:*.jar=01;31:*.war=01;31:*.ear=01;31:*.sar=01;31:*.rar=01;31:*.alz=01;31:*.ace=01;31:*.zoo=01;31:*.cpio=01;31:*.7z=01;31:*.rz=01;31:*.cab=01;31:*.wim=01;31:*.swm=01;31:*.dwm=01;31:*.esd=01;31:*.jpg=01;35:*.jpeg=01;35:*.mjpg=01;35:*.mjpeg=01;35:*.gif=01;35:*.bmp=01;35:*.pbm=01;35:*.pgm=01;35:*.ppm=01;35:*.tga=01;35:*.xbm=01;35:*.xpm=01;35:*.tif=01;35:*.tiff=01;35:*.png=01;35:*.svg=01;35:*.svgz=01;35:*.mng=01;35:*.pcx=01;35:*.mov=01;35:*.mpg=01;35:*.mpeg=01;35:*.m2v=01;35:*.mkv=01;35:*.webm=01;35:*.webp=01;35:*.ogm=01;35:*.mp4=01;35:*.m4v=01;35:*.mp4v=01;35:*.vob=01;35:*.qt=01;35:*.nuv=01;35:*.wmv=01;35:*.asf=01;35:*.rm=01;35:*.rmvb=01;35:*.flc=01;35:*.avi=01;35:*.fli=01;35:*.flv=01;35:*.gl=01;35:*.dl=01;35:*.xcf=01;35:*.xwd=01;35:*.yuv=01;35:*.cgm=01;35:*.emf=01;35:*.ogv=01;35:*.ogx=01;35:*.aac=00;36:*.au=00;36:*.flac=00;36:*.m4a=00;36:*.mid=00;36:*.midi=00;36:*.mka=00;36:*.mp3=00;36:*.mpc=00;36:*.ogg=00;36:*.ra=00;36:*.wav=00;36:*.oga=00;36:*.opus=00;36:*.spx=00;36:*.xspf=00;36:'), ('GNOME_TERMINAL_SERVICE', ':1.108'), ('SSH_AGENT_LAUNCHER', 'gnome-keyring'), ('SSH_AUTH_SOCK', '/run/user/1000/keyring/ssh'), ('AMENT_PREFIX_PATH', '/opt/ros/humble'), ('SHELL', '/bin/bash'), ('QT_ACCESSIBILITY', '1'), ('GDMSESSION', 'ubuntu'), ('LESSCLOSE', '/usr/bin/lesspipe %s %s'), ('QT_IM_MODULE', 'ibus'), ('PWD', '/home/ryo/ros2_ws/build/ydlidar_ros2_driver'), ('XDG_CONFIG_DIRS', '/etc/xdg/xdg-ubuntu:/etc/xdg'), ('XDG_DATA_DIRS', '/usr/share/ubuntu:/usr/local/share/:/usr/share/:/var/lib/snapd/desktop'), ('PYTHONPATH', '/opt/ros/humble/lib/python3.10/site-packages:/opt/ros/humble/local/lib/python3.10/dist-packages'), ('COLCON', '1'), ('VTE_VERSION', '6800'), ('CMAKE_PREFIX_PATH', '/opt/ros/humble')]), 'shell': False}
[10.585973] (ydlidar_ros2_driver) StdoutLine: {'line': b'-- Install configuration: ""\n'}
[10.586417] (ydlidar_ros2_driver) StdoutLine: {'line': b'-- Execute custom install script\n'}
[10.586745] (ydlidar_ros2_driver) StdoutLine: {'line': b'-- Symlinking: /home/ryo/ros2_ws/install/ydlidar_ros2_driver/lib/ydlidar_ros2_driver/ydlidar_ros2_driver_node\n'}
[10.593963] (ydlidar_ros2_driver) StdoutLine: {'line': b'-- Symlinking: /home/ryo/ros2_ws/install/ydlidar_ros2_driver/lib/ydlidar_ros2_driver/ydlidar_ros2_driver_client\n'}
[10.601560] (ydlidar_ros2_driver) StdoutLine: {'line': b'-- Symlinking: /home/ryo/ros2_ws/install/ydlidar_ros2_driver/share/ydlidar_ros2_driver/launch/Tmini_launch_view.py\n'}
[10.608948] (ydlidar_ros2_driver) StdoutLine: {'line': b'-- Symlinking: /home/ryo/ros2_ws/install/ydlidar_ros2_driver/share/ydlidar_ros2_driver/launch/ydlidar.py\n'}
[10.616180] (ydlidar_ros2_driver) StdoutLine: {'line': b'-- Symlinking: /home/ryo/ros2_ws/install/ydlidar_ros2_driver/share/ydlidar_ros2_driver/launch/ydlidar_launch.py\n'}
[10.623241] (ydlidar_ros2_driver) StdoutLine: {'line': b'-- Symlinking: /home/ryo/ros2_ws/install/ydlidar_ros2_driver/share/ydlidar_ros2_driver/launch/ydlidar_launch_view.py\n'}
[10.629740] (ydlidar_ros2_driver) StdoutLine: {'line': b'-- Symlinking: /home/ryo/ros2_ws/install/ydlidar_ros2_driver/share/ydlidar_ros2_driver/params/G1.yaml\n'}
[10.635914] (ydlidar_ros2_driver) StdoutLine: {'line': b'-- Symlinking: /home/ryo/ros2_ws/install/ydlidar_ros2_driver/share/ydlidar_ros2_driver/params/G2.yaml\n'}
[10.642155] (ydlidar_ros2_driver) StdoutLine: {'line': b'-- Symlinking: /home/ryo/ros2_ws/install/ydlidar_ros2_driver/share/ydlidar_ros2_driver/params/G6.yaml\n'}
[10.648367] (ydlidar_ros2_driver) StdoutLine: {'line': b'-- Symlinking: /home/ryo/ros2_ws/install/ydlidar_ros2_driver/share/ydlidar_ros2_driver/params/GS2.yaml\n'}
[10.652027] (-) TimerEvent: {}
[10.654602] (ydlidar_ros2_driver) StdoutLine: {'line': b'-- Symlinking: /home/ryo/ros2_ws/install/ydlidar_ros2_driver/share/ydlidar_ros2_driver/params/TEA.yaml\n'}
[10.660891] (ydlidar_ros2_driver) StdoutLine: {'line': b'-- Symlinking: /home/ryo/ros2_ws/install/ydlidar_ros2_driver/share/ydlidar_ros2_driver/params/TG.yaml\n'}
[10.666943] (ydlidar_ros2_driver) StdoutLine: {'line': b'-- Symlinking: /home/ryo/ros2_ws/install/ydlidar_ros2_driver/share/ydlidar_ros2_driver/params/TminiPro.yaml\n'}
[10.672843] (ydlidar_ros2_driver) StdoutLine: {'line': b'-- Symlinking: /home/ryo/ros2_ws/install/ydlidar_ros2_driver/share/ydlidar_ros2_driver/params/X2.yaml\n'}
[10.679710] (ydlidar_ros2_driver) StdoutLine: {'line': b'-- Symlinking: /home/ryo/ros2_ws/install/ydlidar_ros2_driver/share/ydlidar_ros2_driver/params/X4-Pro.yaml\n'}
[10.686289] (ydlidar_ros2_driver) StdoutLine: {'line': b'-- Symlinking: /home/ryo/ros2_ws/install/ydlidar_ros2_driver/share/ydlidar_ros2_driver/params/X4.yaml\n'}
[10.692943] (ydlidar_ros2_driver) StdoutLine: {'line': b'-- Symlinking: /home/ryo/ros2_ws/install/ydlidar_ros2_driver/share/ydlidar_ros2_driver/params/ydlidar.yaml\n'}
[10.700057] (ydlidar_ros2_driver) StdoutLine: {'line': b'-- Symlinking: /home/ryo/ros2_ws/install/ydlidar_ros2_driver/share/ydlidar_ros2_driver/startup/initenv.sh\n'}
[10.707003] (ydlidar_ros2_driver) StdoutLine: {'line': b'-- Symlinking: /home/ryo/ros2_ws/install/ydlidar_ros2_driver/share/ydlidar_ros2_driver/config/ydlidar.rviz\n'}
[10.713798] (ydlidar_ros2_driver) StdoutLine: {'line': b'-- Symlinking: /home/ryo/ros2_ws/install/ydlidar_ros2_driver/share/ament_index/resource_index/package_run_dependencies/ydlidar_ros2_driver\n'}
[10.720471] (ydlidar_ros2_driver) StdoutLine: {'line': b'-- Symlinking: /home/ryo/ros2_ws/install/ydlidar_ros2_driver/share/ament_index/resource_index/parent_prefix_path/ydlidar_ros2_driver\n'}
[10.727202] (ydlidar_ros2_driver) StdoutLine: {'line': b'-- Symlinking: /home/ryo/ros2_ws/install/ydlidar_ros2_driver/share/ydlidar_ros2_driver/environment/ament_prefix_path.sh\n'}
[10.733914] (ydlidar_ros2_driver) StdoutLine: {'line': b'-- Symlinking: /home/ryo/ros2_ws/install/ydlidar_ros2_driver/share/ydlidar_ros2_driver/environment/ament_prefix_path.dsv\n'}
[10.740541] (ydlidar_ros2_driver) StdoutLine: {'line': b'-- Symlinking: /home/ryo/ros2_ws/install/ydlidar_ros2_driver/share/ydlidar_ros2_driver/environment/path.sh\n'}
[10.747224] (ydlidar_ros2_driver) StdoutLine: {'line': b'-- Symlinking: /home/ryo/ros2_ws/install/ydlidar_ros2_driver/share/ydlidar_ros2_driver/environment/path.dsv\n'}
[10.752102] (-) TimerEvent: {}
[10.753805] (ydlidar_ros2_driver) StdoutLine: {'line': b'-- Symlinking: /home/ryo/ros2_ws/install/ydlidar_ros2_driver/share/ydlidar_ros2_driver/local_setup.bash\n'}
[10.760484] (ydlidar_ros2_driver) StdoutLine: {'line': b'-- Symlinking: /home/ryo/ros2_ws/install/ydlidar_ros2_driver/share/ydlidar_ros2_driver/local_setup.sh\n'}
[10.767151] (ydlidar_ros2_driver) StdoutLine: {'line': b'-- Symlinking: /home/ryo/ros2_ws/install/ydlidar_ros2_driver/share/ydlidar_ros2_driver/local_setup.zsh\n'}
[10.773753] (ydlidar_ros2_driver) StdoutLine: {'line': b'-- Symlinking: /home/ryo/ros2_ws/install/ydlidar_ros2_driver/share/ydlidar_ros2_driver/local_setup.dsv\n'}
[10.780629] (ydlidar_ros2_driver) StdoutLine: {'line': b'-- Symlinking: /home/ryo/ros2_ws/install/ydlidar_ros2_driver/share/ydlidar_ros2_driver/package.dsv\n'}
[10.787365] (ydlidar_ros2_driver) StdoutLine: {'line': b'-- Symlinking: /home/ryo/ros2_ws/install/ydlidar_ros2_driver/share/ament_index/resource_index/packages/ydlidar_ros2_driver\n'}
[10.794424] (ydlidar_ros2_driver) StdoutLine: {'line': b'-- Symlinking: /home/ryo/ros2_ws/install/ydlidar_ros2_driver/share/ydlidar_ros2_driver/cmake/ydlidar_ros2_driverConfig.cmake\n'}
[10.801073] (ydlidar_ros2_driver) StdoutLine: {'line': b'-- Symlinking: /home/ryo/ros2_ws/install/ydlidar_ros2_driver/share/ydlidar_ros2_driver/cmake/ydlidar_ros2_driverConfig-version.cmake\n'}
[10.807657] (ydlidar_ros2_driver) StdoutLine: {'line': b'-- Symlinking: /home/ryo/ros2_ws/install/ydlidar_ros2_driver/share/ydlidar_ros2_driver/package.xml\n'}
[10.816314] (ydlidar_ros2_driver) CommandEnded: {'returncode': 0}
[10.847951] (ydlidar_ros2_driver) JobEnded: {'identifier': 'ydlidar_ros2_driver', 'rc': 0}
[10.848661] (-) EventReactorShutdown: {}
